sr,isin,is_equity,nse_symbol,bse_code,bse_ticker,company_name,listed_on,segment,nse_series,bse_group,bse_status
1,INE609B01018,Y,,511122,1STCUS,First Custodian Fund (India) Ltd.,BSE only,BSE Equity,,X,Active
2,INE144J01027,Y,20MICRONS,533022,20MICRONS,20 Microns Limited,NSE+BSE,NSE Mainboard,EQ,B,Active
3,INE253B01015,Y,21STCENMGM,526921,21STCENMGM,21st Century Management Services Limited,NSE+BSE,NSE Mainboard,EQ,B,Active
4,INE466L01038,Y,360ONE,542772,360ONE,360 ONE WAM LIMITED,NSE+BSE,NSE Mainboard,EQ,A,Active
5,INE994E01018,Y,3BBLACKBIO,532067,3BBLACKBIO,3B Blackbio Dx Limited,NSE+BSE,NSE Mainboard,EQ,B,Active
6,INE0TE101010,Y,,544412,3BFILMS,3B FILMS LIMITED,BSE only,BSE Equity,,M,Active
7,INE0R7D01018,Y,,544190,3CIT,3C IT Solutions and Telecoms (India) Limited,BSE only,BSE Equity,,M,Active
8,INE748C01038,Y,3IINFOLTD,532628,3IINFOLTD,3i Infotech Limited,NSE+BSE,NSE Mainboard,EQ,B,Active
9,INE470A01017,Y,3MINDIA,523395,3MINDIA,3M India Limited,NSE+BSE,NSE Mainboard,EQ,A,Active
10,INE105C01023,Y,3PLAND,516092,3PLAND,3P Land Holdings Limited,NSE+BSE,NSE Mainboard,EQ,B,Active
11,INE618L01018,Y,5PAISA,540776,5PAISA,5Paisa Capital Limited,NSE+BSE,NSE Mainboard,EQ,B,Active
12,INE111B01023,Y,63MOONS,526881,63MOONS,63 moons technologies limited,NSE+BSE,NSE Mainboard,EQ,A,Active
13,INE413X01035,Y,,540615,7NR,7NR Retail Limited,BSE only,BSE Equity,,XT,Active
14,INE454F01010,Y,,540874,7SEASL,7SEAS ENTERTAINMENT LIMITED,BSE only,BSE Equity,,X,Active
15,INE856B01023,Y,,532404,7TEC,Saven Technologies Ltd.,BSE only,BSE Equity,,X,Active
16,INE911Z01025,Y,,542012,A1L,A-1 LIMITED,BSE only,BSE Equity,,B,Active
17,INE619I01012,Y,A2ZINFRA,533292,A2ZINFRA,A2Z Infra Engineering Limited,NSE+BSE,NSE Mainboard,EQ,B,Active
18,INE0D0U01013,Y,AAATECH,543671,AAATECH,AAA Technologies Limited,NSE+BSE,NSE Mainboard,EQ,B,Active
19,INE883F01010,Y,AADHARHFC,544176,AADHARHFC,Aadhar Housing Finance Limited,NSE+BSE,NSE Mainboard,EQ,A,Active
20,INE563D01013,Y,,530027,AADIIND,Aadi Industries Ltd,BSE only,BSE Equity,,X,Active
21,INE864E01021,Y,,530621,AAIL,Akar Auto Industries Limited,BSE only,BSE Equity,,XT,Active
22,INE1GYP01013,Y,AAKAAR,,,Aakaar Medical Technologies Limited,NSE only,NSE SME (Emerge),SM,,
23,INE087Z01024,Y,AAKASH,,,Aakash Exploration Services Limited,NSE only,NSE Mainboard,EQ,,
24,INE322R01022,Y,,538812,AANCHALISP,Aanchal Ispat Limited,BSE only,BSE Equity,,XT,Active
25,INE0C5901022,Y,,543319,AAPLUSTRAD,AA Plus Tradelink Limited,BSE only,BSE Equity,,M,Active
26,INE124401014,Y,AARADHYA,,,Aaradhya Disposal Industries Limited,NSE only,NSE SME (Emerge),SM,,
27,INE056J01015,Y,,532024,AARCON,AARCON FACILITIES LIMITED,BSE only,BSE Equity,,P,Active
28,INE198H01019,Y,AAREYDRUGS,524412,AAREYDRUGS,Aarey Drugs & Pharmaceuticals Limited,NSE+BSE,NSE Mainboard,BE,T,Active
29,INE750R01016,Y,AARNAV,539562,AARNAV,Aarnav Fashions Limited,NSE+BSE,NSE Mainboard,EQ,B,Active
30,INE721Z01010,Y,AARON,,,Aaron Industries Limited,NSE only,NSE Mainboard,EQ,,
31,INE512R01010,Y,,542377,AARSHYAM,Aar Shyam India Investment Company Limited,BSE only,BSE Equity,,XT,Active
32,INE01C001026,Y,AARTECH,542580,AARTECH,Aartech Solonics Limited,NSE+BSE,NSE Mainboard,BE,T,Active
33,INE767A01016,Y,AARTIDRUGS,524348,AARTIDRUGS,Aarti Drugs Limited,NSE+BSE,NSE Mainboard,EQ,B,Active
34,INE769A01020,Y,AARTIIND,524208,AARTIIND,Aarti Industries Limited,NSE+BSE,NSE Mainboard,EQ,A,Active
35,INE0LRU01027,Y,AARTIPHARM,543748,AARTIPHARM,Aarti Pharmalabs Limited,NSE+BSE,NSE Mainboard,EQ,A,Active
36,INE09EO01013,Y,AARTISURF,543210,AARTISURF,Aarti Surfactants Limited,NSE+BSE,NSE Mainboard,EQ,B,Active
37,INE754X01016,Y,AARVI,544850,AARVI,Aarvi Encon Limited,NSE+BSE,NSE Mainboard,EQ,B,Active
38,INE0EAX01014,Y,,543346,AASHKA,Aashka Hospitals Limited,BSE only,BSE Equity,,M,Active
39,INE819K01014,Y,,511764,AASTAFIN,Aastamangalam Finance Limited,BSE only,BSE Equity,,X,Active
40,INE2FMX01012,Y,AASTHA,544808,AASTHA,Aastha Spintex Limited,NSE+BSE,NSE Mainboard,EQ,B,Active
41,INE0OB201016,Y,AATMAJ,,,Aatmaj Healthcare Limited,NSE only,NSE SME (Emerge),SM,,
42,INE216P01012,Y,AAVAS,541988,AAVAS,Aavas Financiers Limited,NSE+BSE,NSE Mainboard,EQ,A,Active
43,INE430R01023,Y,,539528,AAYUSH,AAYUSH WELLNESS LIMITED,BSE only,BSE Equity,,X,Active
44,INE777X01017,Y,,540718,AAYUSHBULL,AAYUSH ART AND BULLION LIMITED,BSE only,BSE Equity,,M,Active
45,INE421A01028,Y,ABAN,523204,ABAN,Aban Offshore Limited,NSE+BSE,NSE Mainboard,BE,T,Active
46,INE365O01028,Y,ABANSENT,512165,ABANSENT,Abans Enterprises Limited,NSE+BSE,NSE Mainboard,EQ,B,Active
47,INE454E01013,Y,,531658,ABATEAS,ABATE AS INDUSTRIES LIMITED,BSE only,BSE Equity,,X,Active
48,INE117A01022,Y,ABB,500002,ABB,ABB India Limited,NSE+BSE,NSE Mainboard,EQ,A,Active
49,INE358A01014,Y,ABBOTINDIA,500488,ABBOTINDIA,Abbott India Limited,NSE+BSE,NSE Mainboard,EQ,A,Active
50,INE674K01013,Y,ABCAPITAL,540691,ABCAPITAL,Aditya Birla Capital Limited,NSE+BSE,NSE Mainboard,EQ,A,Active
51,INE125D01011,Y,,520123,ABCINDQ,ABC India Ltd.,BSE only,BSE Equity,,X,Active
52,INE08PH01015,Y,ABCOTS,544522,ABCOTS,A B Cotspin India Limited,NSE+BSE,NSE Mainboard,EQ,B,Active
53,INE552Z01027,Y,ABDL,544203,ABDL,Allied Blenders and Distillers Limited,NSE+BSE,NSE Mainboard,EQ,A,Active
54,INE647O01011,Y,ABFRL,535755,ABFRL,Aditya Birla Fashion and Retail Limited,NSE+BSE,NSE Mainboard,EQ,A,Active
55,INE0UYG01015,Y,ABHAPOWER,,,Abha Power and Steel Limited,NSE only,NSE SME (Emerge),SM,,
56,INE516F01016,Y,,532057,ABHICAP,Abhinav Capital Services Limited,BSE only,BSE Equity,,X,Active
57,INE723C01015,Y,,538935,ABHIFIN,Abhishek Finlease limited,BSE only,BSE Equity,,X,Active
58,INE281P01016,Y,,539544,ABHIINFRA,Abhishek Infraventures Limited,BSE only,BSE Equity,,X,Active
59,INE00YB01025,Y,ABINFRA,544281,ABINFRA,A B Infrabuild Limited,NSE+BSE,NSE Mainboard,EQ,B,Active
60,INE195I01013,Y,,511756,ABIRAFN,Abirami Financial Services (India),BSE only,BSE Equity,,Z,Active
61,INE14LE01019,Y,ABLBL,544403,ABLBL,Aditya Birla Lifestyle Brands Limited,NSE+BSE,NSE Mainboard,EQ,A,Active
62,INE251C01025,Y,ABMINTLLTD,,,ABM International Limited,NSE only,NSE Mainboard,EQ,,
63,INE850B01026,Y,ABMKNO,531161,ABMKNO,ABM Knowledgeware Limited,NSE+BSE,NSE Mainboard,EQ,B,Active
64,INE055A01016,Y,ABREL,500040,ABREL,Aditya Birla Real Estate Limited,NSE+BSE,NSE Mainboard,EQ,A,Active
65,INE0ZDY01011,Y,,544422,ABRFL,Abram Food Limited,BSE only,BSE Equity,,M,Active
66,INE15MX01014,Y,,544500,ABRIL,ABRIL PAPER TECH LIMITED,BSE only,BSE Equity,,M,Active
67,INE404A01024,Y,ABSLAMC,543374,ABSLAMC,Aditya Birla Sun Life AMC Limited,NSE+BSE,NSE Mainboard,EQ,A,Active
68,INE0QRV01016,Y,ABSMARINE,,,ABS Marine Services Limited,NSE only,NSE SME (Emerge),ST,,
69,INE485K01022,Y,,530881,ABVL,Arunjyoti Bio Ventures Limited,BSE only,BSE Equity,,X,Active
70,INE012A01025,Y,ACC,500410,ACC,ACC Limited,NSE+BSE,NSE Mainboard,EQ,A,Active
71,INE578B01015,Y,,531533,ACCEDERE,ACCEDERE LIMITED,BSE only,BSE Equity,,X,Active
72,INE258C01038,Y,,517494,ACCEL,ACCEL LIMITED,BSE only,BSE Equity,,X,Active
73,INE0POP01017,Y,,543938,ACCELERATE,ACCELERATEBS INDIA LIMITED,BSE only,BSE Equity,,M,Active
74,INE793A01012,Y,ACCELYA,532268,ACCELYA,Accelya Solutions India Limited,NSE+BSE,NSE Mainboard,EQ,B,Active
75,INE0Q5D01013,Y,ACCENTMIC,,,Accent Microcell Limited,NSE only,NSE SME (Emerge),SM,,
76,INE113X01015,Y,ACCORD,,,Accord Synergy Limited,NSE only,NSE SME (Emerge),ST,,
77,INE132201018,Y,,544710,ACCORDTS,ACCORD TRANSFORMER & SWITCHGEAR LIMITED,BSE only,BSE Equity,,M,Active
78,INE0T8T01010,Y,ACCPL,,,Accretion Pharmaceuticals Limited,NSE only,NSE SME (Emerge),ST,,
79,INE648Z01023,Y,ACCURACY,544598,ACCURACY,Accuracy Shipping Limited,NSE+BSE,NSE Mainboard,BE,T,Active
80,INE731H01025,Y,ACE,532762,ACE,Action Construction Equipment Limited,NSE+BSE,NSE Mainboard,EQ,A,Active
81,INE0S9X01011,Y,,544431,ACEALPHA,Ace Alpha Tech Limited,BSE only,BSE Equity,,M,Active
82,INE035401020,Y,,530669,ACEENGITEC,ACE ENGITECH LIMITED,BSE only,BSE Equity,,XT,Active
83,INE543V01017,Y,ACEINTEG,,,Ace Integrated Solutions Limited,NSE only,NSE Mainboard,EQ,,
84,INE023R01018,Y,,539661,ACEMEN,ACE MEN ENGG WORKS LIMITED,BSE only,BSE Equity,,X,Active
85,IN9849B01026,Y,,890230,ACESEPP,Ace Software Exports ltd.,BSE only,BSE Equity,,X,Active
86,INE849B01010,Y,,531525,ACESOFT,Ace Software Exports ltd.,BSE only,BSE Equity,,X,Active
87,INE1J6M01010,Y,ACETEC,,,Acetech E-Commerce Limited,NSE only,NSE SME (Emerge),SM,,
88,INE758W01019,Y,,541133,ACFL,APEX CAPITAL AND FINANCE LIMITED,BSE only,BSE Equity,,XT,Active
89,INE218P01018,Y,,536737,ACFSL,Amrapali Capital and Finance Services Limited,BSE only,BSE Equity,,MT,Active
90,INE451C01013,Y,,505036,ACGL,Automobile Corpn. of Goa Ltd.,BSE only,BSE Equity,,B,Active
91,INE0K1401020,Y,,543499,ACHYUT,Achyut Healthcare Limited,BSE only,BSE Equity,,T,Active
92,INE128X01021,Y,ACI,543657,ACI,Archean Chemical Industries Limited,NSE+BSE,NSE Mainboard,EQ,A,Active
93,INE167B01025,Y,,517356,ACIIN,ACI Infocom Ltd.,BSE only,BSE Equity,,X,Active
94,INE326C01017,Y,,530043,ACKNIT,Acknit Industries Ltd,BSE only,BSE Equity,,X,Active
95,INE666E01020,Y,ACL,532141,ACL,Andhra Cements Limited,NSE+BSE,NSE Mainboard,EQ,B,Active
96,INE0T3401029,Y,,544213,ACLD,AELEA COMMODITIES LIMITED,BSE only,BSE Equity,,M,Active
97,INE636B01011,Y,,539391,ACME,Acme Resources Limited,BSE only,BSE Equity,,Z,Active
98,INE622W01025,Y,ACMESOLAR,544283,ACMESOLAR,Acme Solar Holdings Limited,NSE+BSE,NSE Mainboard,EQ,A,Active
99,INE427V01013,Y,,540146,ACML,ADITYA CONSUMER MARKETING LIMITED,BSE only,BSE Equity,,M,Active
100,INE950D01012,Y,,513149,ACROW,Acrow (India) Ltd.,BSE only,BSE Equity,,X,Active
101,INE366C01021,Y,ACSTECH,530745,ACSTECH,ACS Technologies Limited,NSE+BSE,NSE Mainboard,EQ,B,Active
102,INE380Z01015,Y,,541144,ACTIVE,Active Clothing Co  Limited,BSE only,BSE Equity,,B,Active
103,INE0KLO01025,Y,ACTIVEINFR,,,Active Infrastructures Limited,NSE only,NSE SME (Emerge),SM,,
104,INE00FF01025,Y,ACUTAAS,543349,ACUTAAS,Acutaas Chemicals Limited,NSE+BSE,NSE Mainboard,EQ,A,Active
105,INE931S01010,Y,ADANIENSOL,539254,ADANIENSOL,Adani Energy Solutions Limited,NSE+BSE,NSE Mainboard,EQ,A,Active
106,INE423A01024,Y,ADANIENT,512599,ADANIENT,Adani Enterprises Limited,NSE+BSE,NSE Mainboard,EQ,A,Active
107,INE364U01010,Y,ADANIGREEN,541450,ADANIGREEN,Adani Green Energy Limited,NSE+BSE,NSE Mainboard,EQ,A,Active
108,INE742F01042,Y,ADANIPORTS,532921,ADANIPORTS,Adani Ports and Special Economic Zone Limited,NSE+BSE,NSE Mainboard,EQ,A,Active
109,INE814H01029,Y,ADANIPOWER,533096,ADANIPOWER,Adani Power Limited,NSE+BSE,NSE Mainboard,EQ,A,Active
110,INE627D01016,Y,,526711,ADARSHPL,Adarsh Plant Project Ltd.,BSE only,BSE Equity,,X,Active
111,INE833A01016,Y,,523411,ADCINDIA,ADC India Communications Limited,BSE only,BSE Equity,,XT,Active
112,INE805Q01028,Y,,539506,ADCON,Adcon Capital Services Limited,BSE only,BSE Equity,,XT,Active
113,INE0W1601012,Y,,544435,ADCOUNTY,ADCOUNTY MEDIA INDIA LIMITED,BSE only,BSE Equity,,M,Active
114,INE0RDH01021,Y,ADDICTIVE,,,Addictive Learning Technology Limited,NSE only,NSE SME (Emerge),SM,,
115,INE757C01021,Y,,507852,ADDIND,Addi Industries Ltd.,BSE only,BSE Equity,,X,Active
116,INE0H8J01015,Y,,543309,ADESHWAR,Adeshwar Meditex Limited,BSE only,BSE Equity,,M,Active
117,INE982B01027,Y,ADFFOODS,519183,ADFFOODS,ADF Foods Limited,NSE+BSE,NSE Mainboard,EQ,B,Active
118,INE578L01014,Y,,539189,ADHBHUTIN,Adhbhut Infrastructure Ltd.,BSE only,BSE Equity,,X,Active
119,INE586D01014,Y,,531286,ADHHATA,ADHATA GLOBAL LIMITED,BSE only,BSE Equity,,X,Active
120,INE067R01015,Y,,780018,ADHIRAJ,Adhiraj Distributors Limited,BSE only,BSE Equity,,IP,Active
121,INE207C01019,Y,,514113,ADINATH,Adinath Textiles Ltd.,BSE only,BSE Equity,,X,Active
122,INE0CWK01019,Y,,543377,ADISHAKTI,Adishakti Loha and Ispat Limited,BSE only,BSE Equity,,M,Active
123,INE20PL01012,Y,ADISOFT,,,Adisoft Technologies Limited,NSE only,NSE SME (Emerge),SM,,
124,INE570B01012,Y,,513513,ADITYA,Aditya Ispat Ltd.,BSE only,BSE Equity,,X,Active
125,INE122D01026,Y,,521141,ADITYASP,Aditya Spinners Ltd.,BSE only,BSE Equity,,X,Active
126,INE0CHO01012,Y,ADL,543231,ADL,Archidply Decor Limited,NSE+BSE,NSE Mainboard,EQ,B,Active
127,INE276T01018,Y,,524604,ADLINE,ADLINE CHEM LAB LIMITED,BSE only,BSE Equity,,P,Active
128,INE0XLO01010,Y,,544669,ADMACH,ADMACH SYSTEMS LIMITED,BSE only,BSE Equity,,MT,Active
129,INE556D01017,Y,,511359,ADMANUM,AD-Manum Finance Ltd,BSE only,BSE Equity,,X,Active
130,INE1SME01017,Y,,544809,ADON,ADON AGRO COMMODITIES LIMITED,BSE only,BSE Equity,,M,Active
131,INE045A01017,Y,ADOR,517041,ADOR,Ador Welding Limited,NSE+BSE,NSE Mainboard,EQ,B,Active
132,INE737B01033,Y,ADROITINFO,532172,ADROITINFO,Adroit Infotech Limited,NSE+BSE,NSE Mainboard,EQ,B,Active
133,INE102I01027,Y,ADSL,532875,ADSL,Allied Digital Services Limited,NSE+BSE,NSE Mainboard,EQ,B,Active
134,INE257C01014,Y,,544185,ADTECH,ADTECH SYSTEMS LIMITED,BSE only,BSE Equity,,X,Active
135,INE0ALI01010,Y,ADVAIT,543230,ADVAIT,Advait Energy Transitions Limited,NSE+BSE,NSE Mainboard,EQ,B,Active
136,INE1B0W01010,Y,ADVANCE,544562,ADVANCE,Advance Agrolife Limited,NSE+BSE,NSE Mainboard,EQ,B,Active
137,INE13ZJ01010,Y,,544843,ADVANCETL,ADVANCE TECHNOFORGE LIMITED,BSE only,BSE Equity,,MT,Active
138,INE199C01026,Y,ADVANIHOTR,523269,ADVANIHOTR,Advani Hotels & Resorts (India) Limited,NSE+BSE,NSE Mainboard,EQ,B,Active
139,INE28GN01010,Y,ADVENTHTL,544446,ADVENTHTL,Advent Hotels International Limited,NSE+BSE,NSE Mainboard,EQ,B,Active
140,INE837H01020,Y,ADVENZYMES,540025,ADVENZYMES,Advanced Enzyme Technologies Limited,NSE+BSE,NSE Mainboard,EQ,B,Active
141,INE178T01024,Y,,539773,ADVIKCA,Advik Capital Limited,BSE only,BSE Equity,,X,Active
142,INE900E01015,Y,,521048,ADVLIFE,Advance Lifestyles Ltd.,BSE only,BSE Equity,,X,Active
143,INE875S01019,Y,,526331,ADVMULT,Advance Multitech Ltd.,BSE only,BSE Equity,,XT,Active
144,INE334N01018,Y,,506947,ADVPETR-B,Advance Petrochemicals Ltd.,BSE only,BSE Equity,,X,Active
145,INE0WR901013,Y,,544858,AEGEUS,AEGEUS TECHNOLOGIES LIMITED,BSE only,BSE Equity,,MT,Active
146,INE208C01025,Y,AEGISLOG,500003,AEGISLOG,Aegis Logistics Limited,NSE+BSE,NSE Mainboard,EQ,A,Active
147,INE0INX01018,Y,AEGISVOPAK,544407,AEGISVOPAK,Aegis Vopak Terminals Limited,NSE+BSE,NSE Mainboard,EQ,A,Active
148,INE072B01027,Y,,526443,AEIM,Artificial Electronics Intelligent Material Limited,BSE only,BSE Equity,,X,Active
149,INE829P01020,Y,,539196,AEL,Amba Enterprises Ltd.,BSE only,BSE Equity,,X,Active
150,INE994D01010,Y,,524594,AEONXDIGI,Aeonx Digital Technology Limited,BSE only,BSE Equity,,X,Active
151,INE757T01025,Y,AEPL,542670,AEPL,Artemis Electricals and Projects Limited,NSE+BSE,NSE Mainboard,EQ,B,Active
152,INE947N01017,Y,AEQUS,544634,AEQUS,Aequs Limited,NSE+BSE,NSE Mainboard,EQ,B,Active
153,INE065D01027,Y,AEROENTER,511076,AEROENTER,Aeroflex Enterprises Limited,NSE+BSE,NSE Mainboard,EQ,B,Active
154,INE024001021,Y,AEROFLEX,543972,AEROFLEX,Aeroflex Industries Limited,NSE+BSE,NSE Mainboard,EQ,B,Active
155,INE0WL801011,Y,AERON,,,Aeron Composite Limited,NSE only,NSE SME (Emerge),SM,,
156,INE035801013,Y,AERONEU,543743,AERONEU,Aeroflex Neu Limited,NSE+BSE,NSE Mainboard,EQ,B,Active
157,INE05TO01019,Y,AEROPLANE,544743,AEROPLANE,Amir Chand Jagdish Kumar (Exports) Limited,NSE+BSE,NSE Mainboard,EQ,B,Active
158,INE175N01023,Y,,534733,AERPACE,Aerpace Industries Limited,BSE only,BSE Equity,,XT,Active
159,INE0TSF01011,Y,AESTHETIK,,,Aesthetik Engineers Limited,NSE only,NSE SME (Emerge),SM,,
160,INE0BWX01014,Y,AETHER,543534,AETHER,Aether Industries Limited,NSE+BSE,NSE Mainboard,EQ,A,Active
161,INE0OXY01013,Y,,544224,AFCOM,Afcom Holdings Limited,BSE only,BSE Equity,,M,Active
162,INE101I01011,Y,AFCONS,544280,AFCONS,Afcons Infrastructure Limited,NSE+BSE,NSE Mainboard,EQ,A,Active
163,INE663P01015,Y,,538351,AFEL,A.F. Enterprises Limited,BSE only,BSE Equity,,Z,Active
164,INE00WC01027,Y,AFFLE,542752,AFFLE,Affle 3i Limited,NSE+BSE,NSE Mainboard,EQ,A,Active
165,INE692Z01013,Y,AFFORDABLE,541402,AFFORDABLE,Affordable Robotic & Automation Limited,NSE+BSE,NSE Mainboard,BE,T,Active
166,INE916Y01027,Y,AFIL,544200,AFIL,Akme Fintrade (India) Limited,NSE+BSE,NSE Mainboard,EQ,B,Active
167,INE18HI01019,Y,,544767,AFLTD,Autofurnish Limited,BSE only,BSE Equity,,M,Active
168,INE00ZE01026,Y,AFSL,543712,AFSL,Abans Financial Services Limited,NSE+BSE,NSE Mainboard,EQ,B,Active
169,INE204E01012,Y,AGARIND,531921,AGARIND,Agarwal Industrial Corporation Limited,NSE+BSE,NSE Mainboard,EQ,B,Active
170,INE510B01018,Y,,530765,AGARWAL,AGARWAL FORTUNE INDIA LIMITED,BSE only,BSE Equity,,X,Active
171,INE943P01029,Y,AGARWALEYE,544350,AGARWALEYE,Dr. Agarwal's Health Care Limited,NSE+BSE,NSE Mainboard,EQ,A,Active
172,INE0MLA01012,Y,AGARWALFT,,,Agarwal Float Glass India Limited,NSE only,NSE SME (Emerge),SM,,
173,INE0P8X01016,Y,AGARWALTUF,,,Agarwal Toughened Glass India Limited,NSE only,NSE SME (Emerge),SM,,
174,INE415A01038,Y,AGI,500187,AGI,AGI Greenpac Limited,NSE+BSE,NSE Mainboard,EQ,B,Active
175,INE976R01033,Y,AGIIL,539042,AGIIL,Agi Infra Limited,NSE+BSE,NSE Mainboard,EQ,B,Active
176,INE112C01011,Y,,516020,AGIOPAPER,Agio Paper & Industries Limited,BSE only,BSE Equity,,X,Active
177,INE1YPB01014,Y,AGL,544602,AGL,Allcargo Global Limited,NSE+BSE,NSE Mainboard,EQ,B,Active
178,INE0LF301013,Y,AGNI,,,Agni Green Power Limited,NSE only,NSE SME (Emerge),SM,,
179,INE05FR01029,Y,,542579,AGOL,Ashapuri Gold Ornament Limited,BSE only,BSE Equity,,B,Active
180,INE679E01015,Y,,539546,AGRIBIO,AGRIBIO SPIRITS LIMITED,BSE only,BSE Equity,,X,Active
181,INE449G01018,Y,AGRITECH,537292,AGRITECH,Agri-Tech (India) Limited,NSE+BSE,NSE Mainboard,EQ,B,Active
182,INE740V01019,Y,AGROPHOS,,,Agro Phos India Limited,NSE only,NSE Mainboard,EQ,,
183,INE583L01014,Y,AGSTRA,543451,AGSTRA,AGS Transact Technologies Limited,NSE+BSE,NSE Mainboard,BZ,Z,Active
184,INE0O6N01012,Y,AGUL,,,A G Universal Limited,NSE only,NSE SME (Emerge),SM,,
185,INE321D01016,Y,,506579,AGVENTURES,AG VENTURES LIMITED,BSE only,BSE Equity,,X,Active
186,INE0NEV01011,Y,,543941,AHASOLAR,AHASOLAR TECHNOLOGIES LIMITED,BSE only,BSE Equity,,M,Active
187,INE0Y8W01025,Y,AHCL,544497,AHCL,Anlon Healthcare Limited,NSE+BSE,NSE Mainboard,EQ,B,Active
188,INE136T01014,Y,AHIMSA,,,Ahimsa Industries Limited,NSE only,NSE SME (Emerge),ST,,
189,INE00PV01013,Y,AHLADA,,,Ahlada Engineers Limited,NSE only,NSE Mainboard,EQ,,
190,INE926K01017,Y,AHLEAST,533227,AHLEAST,Asian Hotels (East) Limited,NSE+BSE,NSE Mainboard,EQ,B,Active
191,INE758C01029,Y,AHLUCONT,532811,AHLUCONT,Ahluwalia Contracts (India) Limited,NSE+BSE,NSE Mainboard,EQ,A,Active
192,INE915K01010,Y,AHLWEST,533221,AHLWEST,Asian Hotels (West) Limited,NSE+BSE,NSE Mainboard,BE,T,Active
193,INE868C01018,Y,,522273,AHMDSTE,Ahmedabad Steelcraft Ltd.,BSE only,BSE Equity,,X,Active
194,INE212H01026,Y,AIAENG,532683,AIAENG,AIA Engineering Limited,NSE+BSE,NSE Mainboard,EQ,A,Active
195,INE768E01024,Y,,532806,AICHAMP,AI CHAMPDANY INDUSTRIES LIMITED,BSE only,BSE Equity,,XT,Active
196,INE342U01016,Y,,542524,AIHL,AMBASSADOR INTRA HOLDINGS LIMITED,BSE only,BSE Equity,,X,Active
197,INE206F01022,Y,AIIL,539177,AIIL,Authum Investment & Infrastructure Limited,NSE+BSE,NSE Mainboard,EQ,A,Active
198,INE0QFT01015,Y,,544072,AIKPIPES,AIK Pipes and Polymers Limited,BSE only,BSE Equity,,M,Active
199,INE0CAJ01017,Y,AILIMITED,,,Abhishek Integrations Limited,NSE only,NSE SME (Emerge),SM,,
200,INE008B01013,Y,,524288,AIMCOPEST,Aimco Pesticides Ltd.,BSE only,BSE Equity,,X,Active
201,INE123D01024,Y,,534064,AIML,Alliance Integrated Metaliks Limited,BSE only,BSE Equity,,XT,Active
202,INE0RUV01018,Y,AIMTRON,,,Aimtron Electronics Limited,NSE only,NSE SME (Emerge),SM,,
203,INE645W01026,Y,AIRAN,543811,AIRAN,Airan Limited,NSE+BSE,NSE Mainboard,EQ,B,Active
204,INE0XBS01012,Y,,544516,AIRFLOA,AIRFLOA RAIL TECHNOLOGY LIMITED,BSE only,BSE Equity,,M,Active
205,INE801L01010,Y,AIROLAM,,,Airo Lam limited,NSE only,NSE Mainboard,EQ,,
206,INE635Y01015,Y,AISL,,,ANI Integrated Services Limited,NSE only,NSE SME (Emerge),SM,,
207,INE031B01049,Y,AJANTPHARM,532331,AJANTPHARM,Ajanta Pharma Limited,NSE+BSE,NSE Mainboard,EQ,A,Active
208,INE601B01023,Y,,519216,AJANTSOY,Ajanta Soya Limited,BSE only,BSE Equity,,X,Active
209,INE274Y01021,Y,AJAXENGG,544356,AJAXENGG,Ajax Engineering Limited,NSE+BSE,NSE Mainboard,EQ,B,Active
210,INE0XRR01010,Y,,544425,AJCJEWEL,AJC Jewel Manufacturers Limited,BSE only,BSE Equity,,M,Active
211,INE759C01027,Y,,511692,AJCON,Ajcon Global Services Ltd.,BSE only,BSE Equity,,X,Active
212,INE298G01035,Y,AJMERA,513349,AJMERA,Ajmera Realty & Infra India Limited,NSE+BSE,NSE Mainboard,EQ,B,Active
213,INE820Y01021,Y,AJOONI,,,Ajooni Biotech Limited,NSE only,NSE Mainboard,EQ,,
214,INE863E01015,Y,,526628,AJWAFUN,Ajwa Fun World & Resorts Ltd,BSE only,BSE Equity,,P,Active
215,INE0PCY01014,Y,AKANKSHA,,,Akanksha Power and Infrastructure Limited,NSE only,NSE SME (Emerge),SM,,
216,INE737W01013,Y,AKASH,,,Akash Infra-Projects Limited,NSE only,NSE Mainboard,EQ,,
217,INE701G01012,Y,AKCAPIT,530499,AKCAPIT,AK Capital Services Limited,NSE+BSE,NSE Mainboard,EQ,B,Active
218,INE00Y801016,Y,AKG,,,Akg Exim Limited,NSE only,NSE Mainboard,EQ,,
219,INE642Z01026,Y,AKI,542020,AKI,AKI India Limited,NSE+BSE,NSE Mainboard,EQ,B,Active
220,INE0PMR01017,Y,AKIKO,,,Akiko Global Services Limited,NSE only,NSE SME (Emerge),ST,,
221,INE256Z01025,Y,AKSHAR,541303,AKSHAR,Akshar Spintex Limited,NSE+BSE,NSE Mainboard,EQ,B,Active
222,INE542B01011,Y,AKSHARCHEM,524598,AKSHARCHEM,AksharChem India Limited,NSE+BSE,NSE Mainboard,BE,T,Active
223,INE523B01011,Y,AKSHOPTFBR,532351,AKSHOPTFBR,Aksh Optifibre Limited,NSE+BSE,NSE Mainboard,BE,T,Active
224,INE09XN01023,Y,AKUMS,544222,AKUMS,Akums Drugs and Pharmaceuticals Limited,NSE+BSE,NSE Mainboard,EQ,B,Active
225,INE914E01040,Y,ALANKIT,531082,ALANKIT,Alankit Limited,NSE+BSE,NSE Mainboard,EQ,B,Active
226,INE273F01022,Y,,539115,ALANSCOTT,ALAN SCOTT ENTERPRISES LIMITED,BSE only,BSE Equity,,XT,Active
227,INE155C01010,Y,ALBERTDAVD,524075,ALBERTDAVD,Albert David Limited,NSE+BSE,NSE Mainboard,EQ,B,Active
228,INE448V01019,Y,ALCODIS,,,Alcokraft Distilleries Limited,NSE only,NSE SME (Emerge),SM,,
229,INE426A01027,Y,ALEMBICLTD,506235,ALEMBICLTD,Alembic Limited,NSE+BSE,NSE Mainboard,EQ,B,Active
230,INE191N01012,Y,,511463,ALEXANDER,Alexander Stamps And Coin Limited,BSE only,BSE Equity,,X,Active
231,INE042C01010,Y,,530973,ALFAICA,Alfa Ica (India) Ltd,BSE only,BSE Equity,,X,Active
232,INE209C01015,Y,,517546,ALFATRAN,Alfa Transformers ltd.,BSE only,BSE Equity,,X,Active
233,INE883B01027,Y,,531156,ALFAVIO,Alfavision Overseas (India) Ltd.,BSE only,BSE Equity,,XT,Active
234,INE211D01027,Y,,538952,ALFL,Abhinav Leasing & Finance Limited,BSE only,BSE Equity,,X,Active
235,INE782D01027,Y,,505216,ALFREDHE,Alfred Herbert (India) Ltd.,BSE only,BSE Equity,,X,Active
236,INE598D01035,Y,ALGOQUANT,505725,ALGOQUANT,Algoquant Fintech Limited,NSE+BSE,NSE Mainboard,EQ,B,Active
237,INE062D01024,Y,ALICON,531147,ALICON,Alicon Castalloy Limited,NSE+BSE,NSE Mainboard,EQ,B,Active
238,INE03Q201024,Y,ALIVUS,543322,ALIVUS,Alivus Life Sciences Limited,NSE+BSE,NSE Mainboard,EQ,A,Active
239,INE773I01017,Y,ALKALI,533029,ALKALI,Alkali Metals Limited,NSE+BSE,NSE Mainboard,BE,T,Active
240,INE540L01014,Y,ALKEM,539523,ALKEM,Alkem Laboratories Limited,NSE+BSE,NSE Mainboard,EQ,A,Active
241,INE0KA601012,Y,,543453,ALKOSIGN,ALKOSIGN LIMITED,BSE only,BSE Equity,,M,Active
242,INE150B01039,Y,ALKYLAMINE,506767,ALKYLAMINE,Alkyl Amines Chemicals Limited,NSE+BSE,NSE Mainboard,EQ,A,Active
243,INE418H01029,Y,ALLCARGO,532749,ALLCARGO,Allcargo Logistics Limited,NSE+BSE,NSE Mainboard,EQ,B,Active
244,INE835G01018,Y,ALLDIGI,532633,ALLDIGI,Alldigi Tech Limited,NSE+BSE,NSE Mainboard,EQ,B,Active
245,INE0M2X01012,Y,ALLETEC,,,All E Technologies Limited,NSE only,NSE SME (Emerge),ST,,
246,INE0GV601021,Y,ALLTIME,544479,ALLTIME,All Time Plastics Limited,NSE+BSE,NSE Mainboard,EQ,B,Active
247,INE326B01035,Y,ALMONDZ,531400,ALMONDZ,Almondz Global Securities Limited,NSE+BSE,NSE Mainboard,EQ,B,Active
248,INE07I701011,Y,,506120,ALNATRD,Alna Trading & Exports Ltd.,BSE only,BSE Equity,,P,Active
249,INE270A01029,Y,ALOKINDS,521070,ALOKINDS,Alok Industries Limited,NSE+BSE,NSE Mainboard,EQ,A,Active
250,INE385I01010,Y,ALPA,532878,ALPA,Alpa Laboratories Limited,NSE+BSE,NSE Mainboard,EQ,B,Active
251,INE0R4701017,Y,ALPEXSOLAR,,,Alpex Solar Limited,NSE only,NSE SME (Emerge),SM,,
252,INE137C01018,Y,ALPHAGEO,526397,ALPHAGEO,Alphageo (India) Limited,NSE+BSE,NSE Mainboard,EQ,B,Active
253,INE0NZF01019,Y,,543937,ALPHAIND,ALPHALOGIC INDUSTRIES LIMITED,BSE only,BSE Equity,,M,Active
254,INE08E401029,Y,,542770,ALPHALOGIC,Alphalogic Techsys Limited,BSE only,BSE Equity,,B,Active
255,INE840D01015,Y,,526519,ALPINEHOU,Alpine Housing Development Corporat,BSE only,BSE Equity,,XT,Active
256,INE1JCQ01037,Y,ALPINETEX,544825,ALPINETEX,Alpine Texworld Limited,NSE+BSE,NSE Mainboard,EQ,B,Active
257,INE030P01017,Y,,535916,ALSL,Alacrity Securities Limited,BSE only,BSE Equity,,B,Active
258,INE058F01019,Y,,524634,ALUFLUOR,Alufluoride  Ltd.,BSE only,BSE Equity,,X,Active
259,INE0STM01017,Y,ALUWIND,,,ALUWIND INFRA-TECH LIMITED,NSE only,NSE SME (Emerge),SM,,
260,INE121R01077,Y,AMAGI,544679,AMAGI,Amagi Media Labs Limited,NSE+BSE,NSE Mainboard,EQ,B,Active
261,INE841D01013,Y,,506597,AMAL,Amal Ltd,BSE only,BSE Equity,,X,Active
262,INE0G1V01016,Y,,543804,AMANAYA,AMANAYA VENTURES LIMITED,BSE only,BSE Equity,,M,Active
263,INE084K01015,Y,AMANTA,544502,AMANTA,Amanta Healthcare Limited,NSE+BSE,NSE Mainboard,BE,T,Active
264,INE484D01012,Y,,521097,AMARJOTHI,Amarjothi Spinning Mills Ltd,BSE only,BSE Equity,,X,Active
265,INE985Q01010,Y,,538863,AMARNATH,SRI AMARNATH FINANCE LIMITED,BSE only,BSE Equity,,X,Active
266,INE745P01010,Y,,538465,AMARSEC,Amarnath Securities Ltd.,BSE only,BSE Equity,,X,Active
267,INE293601014,Y,AMBAAUTO,,,Amba Auto Sales and Services Limited,NSE only,NSE SME (Emerge),SM,,
268,INE432A01017,Y,AMBALALSA,500009,AMBALALSA,Ambalal Sarabhai Enterprises Limited,NSE+BSE,NSE Mainboard,EQ,B,Active
269,INE00C501018,Y,AMBANIORGO,,,AMBANI ORGOCHEM LIMITED,NSE only,NSE SME (Emerge),SM,,
270,INE072V01017,Y,,519471,AMBARPIL,Ambar Protein Industries Limited,BSE only,BSE Equity,,X,Active
271,INE371P01015,Y,AMBER,540902,AMBER,Amber Enterprises India Limited,NSE+BSE,NSE Mainboard,EQ,A,Active
272,INE792B01012,Y,AMBICAAGAR,532335,AMBICAAGAR,Ambica Agarbathies & Aroma industries Limited,NSE+BSE,NSE Mainboard,EQ,B,Active
273,INE540G01014,Y,AMBIKCO,531978,AMBIKCO,Ambika Cotton Mills Limited,NSE+BSE,NSE Mainboard,EQ,B,Active
274,INE267C01013,Y,,526439,AMBIT,Ambitious Plastomac Ltd.,BSE only,BSE Equity,,X,Active
275,INE0N6V01016,Y,,543678,AMBOAGRI,AMBO AGRITEC LIMITED,BSE only,BSE Equity,,M,Active
276,INE079A01024,Y,AMBUJACEM,500425,AMBUJACEM,Ambuja Cements Limited,NSE+BSE,NSE Mainboard,EQ,A,Active
277,INE0VG001016,Y,AMCL,,,ANB Metal Cast Limited,NSE only,NSE SME (Emerge),SM,,
278,INE924B01011,Y,,530133,AMCOIND,Amco India Ltd.,BSE only,BSE Equity,,X,Active
279,INE005I01014,Y,AMDIND,532828,AMDIND,AMD Industries Limited,NSE+BSE,NSE Mainboard,EQ,B,Active
280,INE14QA01016,Y,,544555,AMEENJI,AMEENJI RUBBER LIMITED,BSE only,BSE Equity,,M,Active
281,INE673C01020,Y,,531681,AMERISE,AMERISE BIOSCIENCES LIMITED,BSE only,BSE Equity,,XT,Active
282,INE0KT901015,Y,AMEYA,,,Ameya Precision Engineers Limited,NSE only,NSE SME (Emerge),SM,,
283,INE991A01020,Y,,513117,AMFORG,Amforge Industries Ltd.,BSE only,BSE Equity,,X,Active
284,INE0MTP01013,Y,AMIABLE,,,Amiable Logistics (India) Limited,NSE only,NSE SME (Emerge),SM,,
285,INE0P9J01013,Y,,544037,AMIC,Amic Forging Limited,BSE only,BSE Equity,,M,Active
286,INE572Z01017,Y,,541771,AMINTAN,AMIN TANNERY LIMITED,BSE only,BSE Equity,,X,Active
287,INE137E01014,Y,,531557,AMITSEC,Amit Securities Ltd.,BSE only,BSE Equity,,X,Active
288,INE606A01024,Y,AMJLAND,500343,AMJLAND,Amj Land Holdings Limited,NSE+BSE,NSE Mainboard,EQ,B,Active
289,INE0QSB01016,Y,,544169,AMKAY,Amkay Products Limited,BSE only,BSE Equity,,M,Active
290,INE275D01022,Y,AMNPLST,506248,AMNPLST,Amines & Plasticizers Limited,NSE+BSE,NSE Mainboard,EQ,B,Active
291,INE727C01024,Y,,539598,AMPL,AMPL Capital Limited,BSE only,BSE Equity,,X,Active
292,INE989J01017,Y,,535719,AMPVOLTS,AMPVOLTS LIMITED,BSE only,BSE Equity,,X,Active
293,INE735C01027,Y,,531991,AMRAAGRI,Amraworld Agrico Ltd.,BSE only,BSE Equity,,X,Active
294,INE990S01016,Y,,539265,AMRAFIN,Amrapali Fincap Limited,BSE only,BSE Equity,,MT,Active
295,INE762C01021,Y,,526241,AMRAPLIN,Amrapali Industries Ltd,BSE only,BSE Equity,,XT,Active
296,INE098F01031,Y,AMRUTANJAN,590006,AMRUTANJAN,Amrutanjan Health Care Limited,NSE+BSE,NSE Mainboard,EQ,B,Active
297,INE345U01019,Y,,540066,AMS,AMS POLYMERS LIMITED,BSE only,BSE Equity,,XT,Active
298,INE436N01029,Y,,534612,AMTL,ADVANCE METERING TECHNOLOGY LIMITED,BSE only,BSE Equity,,X,Active
299,INE0U2L01017,Y,,544353,AMWILL,Amwill Health Care Limited,BSE only,BSE Equity,,M,Active
300,INE134R01013,Y,,501630,ANANDPROJ,Anand Projects Ltd,BSE only,BSE Equity,,XT,Active
301,INE463V01026,Y,ANANDRATHI,543415,ANANDRATHI,Anand Rathi Wealth Limited,NSE+BSE,NSE Mainboard,EQ,A,Active
302,INE242C01024,Y,ANANTRAJ,515055,ANANTRAJ,Anant Raj Limited,NSE+BSE,NSE Mainboard,EQ,A,Active
303,INE1J5V01013,Y,ANAWIL,,,Anawil Wire and Engineering Limited,NSE only,NSE SME (Emerge),ST,,
304,INE435A01051,Y,ANDHRAPAP,502330,ANDHRAPAP,ANDHRA PAPER LIMITED,NSE+BSE,NSE Mainboard,EQ,B,Active
305,INE714B01016,Y,,500012,ANDHRAPET,Andhra Petrochemicals Ltd.,BSE only,BSE Equity,,X,Active
306,INE715B01021,Y,ANDHRSUGAR,590062,ANDHRSUGAR,The Andhra Sugars Limited,NSE+BSE,NSE Mainboard,EQ,B,Active
307,INE449C01025,Y,,526173,ANDREWYU,Andrew Yule & Company Ltd,BSE only,BSE Equity,,B,Active
308,INE236W01016,Y,,540694,ANG,ANG Lifesciences India Limited,BSE only,BSE Equity,,T,Active
309,INE339Z01011,Y,,541006,ANGEL,Angel Fibers Limited,BSE only,BSE Equity,,M,Active
310,INE732I01021,Y,ANGELONE,543235,ANGELONE,Angel One Limited,NSE+BSE,NSE Mainboard,EQ,A,Active
311,INE087B01017,Y,ANIKINDS,519383,ANIKINDS,Anik Industries Limited,NSE+BSE,NSE Mainboard,EQ,B,Active
312,INE161F01011,Y,,530705,ANIRIT,ANIRIT VENTURES LIMITED,BSE only,BSE Equity,,XT,Active
313,IN9161F01019,Y,,890231,ANIRITPP,ANIRIT VENTURES LIMITED,BSE only,BSE Equity,,XT,Active
314,INE364D01032,Y,,531223,ANJANI,Anjani Synthetics Limited,BSE only,BSE Equity,,X,Active
315,INE283D01018,Y,,531878,ANJANIFIN,Anjani Finance Ltd,BSE only,BSE Equity,,X,Active
316,INE096I01021,Y,,511153,ANJANIFOODS,Anjani Foods Limited,BSE only,BSE Equity,,XT,Active
317,INE067C01025,Y,,531673,ANKIN,Anka India Ltd.,BSE only,BSE Equity,,X,Active
318,INE106I01010,Y,ANKITMETAL,532870,ANKITMETAL,Ankit Metal & Power Limited,NSE+BSE,NSE Mainboard,BZ,Z,Active
319,INE1KVQ01019,Y,,544694,ANL,Accretion Nutraveda Limited,BSE only,BSE Equity,,MT,Active
320,INE0LR101013,Y,ANLON,,,Anlon Technology Solutions Limited,NSE only,NSE SME (Emerge),SM,,
321,INE02AR01019,Y,ANMOL,542437,ANMOL,Anmol India Limited,NSE+BSE,NSE Mainboard,EQ,B,Active
322,INE336D01014,Y,,530799,ANNAINFRA,Anna Infrastructures Ltd,BSE only,BSE Equity,,X,Active
323,INE0MGM01017,Y,ANNAPURNA,,,Annapurna Swadisht Limited,NSE only,NSE Mainboard,EQ,,
324,INE0VTV01012,Y,ANONDITA,,,Anondita Medicare Limited,NSE only,NSE SME (Emerge),SM,,
325,INE436A01026,Y,ANSALAPI,500013,ANSALAPI,Ansal Properties & Infrastructure Limited,NSE+BSE,NSE Mainboard,BZ,Z,Active
326,INE030C01015,Y,,523007,ANSALBU,Ansal Buildwell Ltd.,BSE only,BSE Equity,,X,Active
327,INE880B01015,Y,,507828,ANSALHSG,ANSAL HOUSING LIMITED,BSE only,BSE Equity,,X,Active
328,INE234J01018,Y,,531406,ANSINDUS,ANS Limited,BSE only,BSE Equity,,X,Active
329,INE825M01017,Y,,501270,ANTARIKSH,ANTARIKSH INDUSTRIES LIMITED,BSE only,BSE Equity,,XT,Active
330,INE818A01017,Y,ANTELOPUS,530075,ANTELOPUS,Antelopus Selan Energy Limited,NSE+BSE,NSE Mainboard,EQ,B,Active
331,INE414B01021,Y,ANTGRAPHIC,,,Antarctica Limited,NSE only,NSE Mainboard,EQ,,
332,INE0CZ201020,Y,ANTHEM,544449,ANTHEM,Anthem Biosciences Limited,NSE+BSE,NSE Mainboard,EQ,A,Active
333,INE1O7201010,Y,,544800,ANUBHAV,ANUBHAV PLAST LIMITED,BSE only,BSE Equity,,M,Active
334,INE489G01022,Y,ANUHPHR,506260,ANUHPHR,Anuh Pharma Limited,NSE+BSE,NSE Mainboard,EQ,B,Active
335,INE294Z01018,Y,ANUP,542460,ANUP,The Anup Engineering Limited,NSE+BSE,NSE Mainboard,EQ,B,Active
336,INE069B01023,Y,,530109,ANUPAM,ANUPAM FINSERV LIMITED,BSE only,BSE Equity,,X,Active
337,INE930P01018,Y,ANURAS,543275,ANURAS,Anupam Rasayan India Limited,NSE+BSE,NSE Mainboard,EQ,A,Active
338,INE490Z01012,Y,,542865,ANUROOP,Anuroop Packaging Limited,BSE only,BSE Equity,,B,Active
339,INE075K01013,Y,,538539,ANVRDHI,ANNVRRIDHHI VENTURES LIMITED,BSE only,BSE Equity,,X,Active
340,INE0SI601032,Y,ANYA,,,Anya Polytech & Fertilizers Limited,NSE only,NSE SME (Emerge),SM,,
341,INE372A01015,Y,APARINDS,532259,APARINDS,Apar Industries Limited,NSE+BSE,NSE Mainboard,EQ,A,Active
342,INE071F01012,Y,APCL,518091,APCL,Anjani Portland Cement Limited,NSE+BSE,NSE Mainboard,EQ,B,Active
343,INE116A01032,Y,APCOTEXIND,523694,APCOTEXIND,Apcotex Industries Limited,NSE+BSE,NSE Mainboard,EQ,B,Active
344,INE346W01013,Y,APEX,540692,APEX,Apex Frozen Foods Limited,NSE+BSE,NSE Mainboard,EQ,B,Active
345,INE0T4V01015,Y,APEXECO,,,Apex Ecotech Limited,NSE only,NSE SME (Emerge),ST,,
346,INE070K01014,Y,,506166,APIS,Apis India Ltd,BSE only,BSE Equity,,B,Active
347,INE0SJX01015,Y,,544445,APL,ASSTON PHARMACEUTICALS LIMITED,BSE only,BSE Equity,,M,Active
348,INE273A01015,Y,,517096,APLAB,Aplab Ltd.,BSE only,BSE Equity,,XT,Active
349,IN9273A01047,Y,,890217,APLABPP,Aplab Ltd.,BSE only,BSE Equity,,XT,Active
350,INE702C01027,Y,APLAPOLLO,533758,APLAPOLLO,APL Apollo Tubes Limited,NSE+BSE,NSE Mainboard,EQ,A,Active
351,INE901L01018,Y,APLLTD,533573,APLLTD,Alembic Pharmaceuticals Limited,NSE+BSE,NSE Mainboard,EQ,A,Active
352,INE170D01025,Y,,523537,APMIN,APM Industries Ltd.,BSE only,BSE Equity,,X,Active
353,INE713T01028,Y,APOLLO,540879,APOLLO,Apollo Micro Systems Limited,NSE+BSE,NSE Mainboard,EQ,A,Active
354,INE412D01013,Y,,512437,APOLLOFI,Apollo Finvest (India) Ltd.,BSE only,BSE Equity,,X,Active
355,INE437A01024,Y,APOLLOHOSP,508869,APOLLOHOSP,Apollo Hospitals Enterprise Limited,NSE+BSE,NSE Mainboard,EQ,A,Active
356,INE314N01028,Y,,503639,APOLLOIN,Apollo Ingredients Limited,BSE only,BSE Equity,,XT,Active
357,INE126J01016,Y,APOLLOPIPE,531761,APOLLOPIPE,Apollo Pipes Limited,NSE+BSE,NSE Mainboard,EQ,B,Active
358,INE438A01022,Y,APOLLOTYRE,500877,APOLLOTYRE,Apollo Tyres Limited,NSE+BSE,NSE Mainboard,EQ,A,Active
359,INE451F01024,Y,APOLSINHOT,,,Apollo Sindoori Hotels Limited,NSE only,NSE Mainboard,EQ,,
360,INE217S01014,Y,,539545,APOORVA,Apoorva Leasing Finance & Investment Company Limited,BSE only,BSE Equity,,X,Active
361,INE15XJ01010,Y,,544529,APPL,Aptus Pharma Limited,BSE only,BSE Equity,,MT,Active
362,INE0LQG01010,Y,APRAMEYA,,,Aprameya Engineering Limited,NSE only,NSE SME (Emerge),SM,,
363,INE0P0001010,Y,APS,,,Australian Premium Solar (India) Limited,NSE only,NSE SME (Emerge),SM,,
364,INE1OOJ01011,Y,APSISAERO,,,Apsis Aerocom Limited,NSE only,NSE SME (Emerge),ST,,
365,INE266F01018,Y,APTECHT,532475,APTECHT,Aptech Limited,NSE+BSE,NSE Mainboard,BE,T,Active
366,INE046E01025,Y,,506979,APTPACK,Apt Packaging Ltd,BSE only,BSE Equity,,X,Active
367,INE852O01025,Y,APTUS,543335,APTUS,Aptus Value Housing Finance India Limited,NSE+BSE,NSE Mainboard,EQ,A,Active
368,INE416A01051,Y,AQYLON,530943,AQYLON,Aqylon Nexus Limited,NSE+BSE,NSE Mainboard,EQ,B,Active
369,INE08NJ01024,Y,ARABIAN,,,Arabian Petroleum Limited,NSE only,NSE SME (Emerge),SM,,
370,INE068C01015,Y,,512344,ARAVALIS,Aravali Securities & Finance Ltd.,BSE only,BSE Equity,,X,Active
371,INE276D01012,Y,,520121,ARCEEIN,Arcee Indusrtries ltd.,BSE only,BSE Equity,,XT,Active
372,INE202R01026,Y,,540135,ARCFIN,ARC Finance Limited,BSE only,BSE Equity,,X,Active
373,INE877I01016,Y,ARCHIDPLY,532994,ARCHIDPLY,Archidply Industries Limited,NSE+BSE,NSE Mainboard,EQ,B,Active
374,INE731A01020,Y,ARCHIES,532212,ARCHIES,Archies Limited,NSE+BSE,NSE Mainboard,EQ,B,Active
375,INE078I01011,Y,,524640,ARCHITORG,Archit Organosys Limited,BSE only,BSE Equity,,XT,Active
376,INE0YDV01010,Y,ARCIIL,,,ARC Insulation & Insulators Limited,NSE only,NSE SME (Emerge),SM,,
377,INE372M01010,Y,,543993,ARCL,ARCL Organics Ltd,BSE only,BSE Equity,,X,Active
378,INE0XNF01022,Y,ARDEE,544860,ARDEE,Ardee Industries Limited,NSE+BSE,NSE Mainboard,EQ,B,Active
379,INE0LKP01014,Y,,504370,ARDIALL,Ardi Alliances Limited,BSE only,BSE Equity,,XT,Active
380,INE885A01032,Y,ARE&M,500008,ARE&M,Amara Raja Energy & Mobility Limited,NSE+BSE,NSE Mainboard,EQ,A,Active
381,INE610C01014,Y,ARENTERP,526662,ARENTERP,Rajdarshan Industries Limited,NSE+BSE,NSE Mainboard,EQ,B,Active
382,INE480H01011,Y,,526851,AREXMIS,Arex Industries Ltd.,BSE only,BSE Equity,,X,Active
383,INE784R01023,Y,ARFIN,539151,ARFIN,Arfin India Limited,NSE+BSE,NSE Mainboard,EQ,B,Active
384,INE0L2Y01011,Y,ARHAM,,,Arham Technologies Limited,NSE only,NSE SME (Emerge),SM,,
385,INE298I01015,Y,ARIES,532935,ARIES,Aries Agro Limited,NSE+BSE,NSE Mainboard,EQ,B,Active
386,INE021N01011,Y,,530267,ARIGATO,ARIGATO UNIVERSE LIMITED,BSE only,BSE Equity,,X,Active
387,INE413D01011,Y,ARIHANT,531381,ARIHANT,Arihant Foundations & Housing Limited,NSE+BSE,NSE Mainboard,EQ,B,Active
388,INE0NCC01015,Y,ARIHANTACA,,,Arihant Academy Limited,NSE only,NSE SME (Emerge),SM,,
389,INE420B01036,Y,ARIHANTCAP,511605,ARIHANTCAP,Arihant Capital Markets Limited,NSE+BSE,NSE Mainboard,EQ,B,Active
390,INE643K01018,Y,ARIHANTSUP,506194,ARIHANTSUP,Arihant Superstructures Limited,NSE+BSE,NSE Mainboard,EQ,B,Active
391,INE0H9P01028,Y,ARIS,544419,ARIS,Arisinfra Solutions Limited,NSE+BSE,NSE Mainboard,EQ,B,Active
392,INE190D01015,Y,,531017,ARISE,Arihants Securities ltd.,BSE only,BSE Equity,,X,Active
393,INE082101010,Y,ARISTO,,,Aristo Bio-Tech And Lifescience Limited,NSE only,NSE SME (Emerge),SM,,
394,INE1D8001016,Y,,544683,ARITAS,Aritas Vinyl Limited,BSE only,BSE Equity,,MT,Active
395,INE0QRL01017,Y,ARKADE,544261,ARKADE,Arkade Developers Limited,NSE+BSE,NSE Mainboard,EQ,B,Active
396,INE02GA01012,Y,,542721,ARL,Anand Rayons Limited,BSE only,BSE Equity,,B,Active
397,INE510P01018,Y,,538556,ARMAN,Arman Holdings Limited,BSE only,BSE Equity,,X,Active
398,INE109C01017,Y,ARMANFIN,531179,ARMANFIN,Arman Financial Services Limited,NSE+BSE,NSE Mainboard,EQ,B,Active
399,INE0TZX01019,Y,ARMOUR,,,Armour Security (India) Limited,NSE only,NSE SME (Emerge),ST,,
400,INE185K01036,Y,,537069,ARNOLD,Arnold Holdings Ltd,BSE only,BSE Equity,,X,Active
401,INE210C01013,Y,AROGRANITE,513729,AROGRANITE,Aro Granite Industries Limited,NSE+BSE,NSE Mainboard,EQ,B,Active
402,INE570D01018,Y,ARROWGREEN,516064,ARROWGREEN,Arrow Greentech Limited,NSE+BSE,NSE Mainboard,BE,T,Active
403,INE0PP401015,Y,,544025,ARROWHEAD,Arrowhead Seperation Engineering Limited,BSE only,BSE Equity,,M,Active
404,INE968D01022,Y,ARSHIYA,506074,ARSHIYA,Arshiya Limited,NSE+BSE,NSE Mainboard,BZ,Z,Active
405,INE549H01021,Y,ARSSBL,544530,ARSSBL,Anand Rathi Share and Stock Brokers Limited,NSE+BSE,NSE Mainboard,EQ,B,Active
406,INE885B01014,Y,,531297,ARTEFACT,Artefact Projects Ltd,BSE only,BSE Equity,,X,Active
407,INE0D9X01018,Y,,543286,ARTEMISADR,Artemis ADR Marketplace Limited,BSE only,BSE Equity,,MT,Active
408,INE025R01021,Y,ARTEMISMED,542919,ARTEMISMED,Artemis Medicare Services Limited,NSE+BSE,NSE Mainboard,EQ,B,Active
409,INE738V01013,Y,ARTNIRMAN,,,Art Nirman Limited,NSE only,NSE Mainboard,EQ,,
410,INE133D01023,Y,,522134,ARTSON,ARTSON LIMITED,BSE only,BSE Equity,,X,Active
411,INE957C01019,Y,,500016,ARUNAHTEL,Aruna Hotels Ltd.,BSE only,BSE Equity,,X,Active
412,INE0TTG01017,Y,ARUNAYA,,,Arunaya Organics Limited,NSE only,NSE SME (Emerge),ST,,
413,INE491D01017,Y,,524723,ARVAYA,Arvaya Healthcare Limited,BSE only,BSE Equity,,XT,Active
414,INE006Z01016,Y,ARVEE,,,Arvee Laboratories (India) Limited,NSE only,NSE Mainboard,EQ,,
415,INE034A01011,Y,ARVIND,500101,ARVIND,Arvind Limited,NSE+BSE,NSE Mainboard,EQ,A,Active
416,INE955V01021,Y,ARVINDFASN,542484,ARVINDFASN,Arvind Fashions Limited,NSE+BSE,NSE Mainboard,EQ,A,Active
417,INE0P4T01013,Y,ARVINDPORT,,,ARVIND PORT AND INFRA LIMITED,NSE only,NSE SME (Emerge),SM,,
418,INE034S01021,Y,ARVSMART,539301,ARVSMART,Arvind SmartSpaces Limited,NSE+BSE,NSE Mainboard,EQ,B,Active
419,INE229R01011,Y,,538716,ARYACAPM,Aryaman Capital Markets Limited,BSE only,BSE Equity,,B,Active
420,INE032E01017,Y,,530245,ARYAMAN,Aryaman Financial Services Ltd.,BSE only,BSE Equity,,X,Active
421,INE016X01010,Y,,542176,ARYAN,Aryan Share & Stock Brokers Ltd.,BSE only,BSE Equity,,X,Active
422,INE439A01020,Y,ASAHIINDIA,515030,ASAHIINDIA,Asahi India Glass Limited,NSE+BSE,NSE Mainboard,EQ,A,Active
423,INE228I01012,Y,ASAHISONG,532853,ASAHISONG,Asahi Songwon Colors Limited,NSE+BSE,NSE Mainboard,BE,T,Active
424,INE900C01027,Y,ASAL,520119,ASAL,Automotive Stampings and Assemblies Limited,NSE+BSE,NSE Mainboard,EQ,B,Active
425,INE073G01016,Y,ASALCBR,507526,ASALCBR,Associated Alcohols & Breweries Ltd.,NSE+BSE,NSE Mainboard,EQ,B,Active
426,INE0DN001027,Y,,543943,ASARFI,ASARFI HOSPITAL LIMITED,BSE only,BSE Equity,,M,Active
427,INE0E4I01027,Y,,543443,ASCENSIVE,Ascensive Educare Limited,BSE only,BSE Equity,,MS,Active
428,INE08KD01015,Y,ASCOM,,,Ascom Leasing & Investments Limited,NSE only,NSE SME (Emerge),ST,,
429,INE767M01029,Y,,512025,ASGARD,ASGARD ALCOBEV LIMITED,BSE only,BSE Equity,,X,Active
430,INE709D01012,Y,,519174,ASHAI,Ashiana Agro Industries Ltd,BSE only,BSE Equity,,XT,Active
431,INE0LAA01017,Y,ASHALOG,,,Ashapura Logistics Limited,NSE only,NSE SME (Emerge),SM,,
432,INE348A01023,Y,ASHAPURMIN,527001,ASHAPURMIN,Ashapura Minechem Limited,NSE+BSE,NSE Mainboard,EQ,A,Active
433,INE894A01026,Y,,512247,ASHCAP,Ashirwad Capital Ltd.,BSE only,BSE Equity,,X,Active
434,INE365D01021,Y,ASHIANA,523716,ASHIANA,Ashiana Housing Limited,NSE+BSE,NSE Mainboard,EQ,B,Active
435,INE094B01013,Y,ASHIKAG,543766,ASHIKAG,Ashika Global Securities Limited,NSE+BSE,NSE Mainboard,BE,T,Active
436,INE440A01010,Y,ASHIMASYN,514286,ASHIMASYN,Ashima Limited,NSE+BSE,NSE Mainboard,EQ,B,Active
437,INE831C01016,Y,,530429,ASHISHPO,Ashish Polyplast Ltd.,BSE only,BSE Equity,,X,Active
438,INE694W01024,Y,,541702,ASHNI,Ashnisha Industries Limited,BSE only,BSE Equity,,XT,Active
439,INE372I01018,Y,,507872,ASHNOOR,Ashnoor Textiles Mills Ltd.,BSE only,BSE Equity,,X,Active
440,INE442H01029,Y,ASHOKA,533271,ASHOKA,Ashoka Buildcon Limited,NSE+BSE,NSE Mainboard,EQ,A,Active
441,INE760Y01011,Y,ASHOKAMET,540923,ASHOKAMET,Ashoka Metcast Limited,NSE+BSE,NSE Mainboard,EQ,B,Active
442,INE208A01029,Y,ASHOKLEY,500477,ASHOKLEY,Ashok Leyland Limited,NSE+BSE,NSE Mainboard,EQ,A,Active
443,INE293C01019,Y,,526187,ASHRAM,Ashram Online.com Ltd,BSE only,BSE Equity,,X,Active
444,INE338C01012,Y,,526847,ASHSI,Ashirwad Steels & Industries  Ltd.,BSE only,BSE Equity,,X,Active
445,INE723K01018,Y,,531568,ASHUTPM,Ashutosh Paper Mills Ltd.,BSE only,BSE Equity,,X,Active
446,INE1A6Q01010,Y,ASHWINI,,,Ashwini Container Movers Limited,NSE only,NSE SME (Emerge),SM,,
447,INE131Q01011,Y,,538777,ASIACAP,ASIA CAPITAL LIMITED,BSE only,BSE Equity,,XT,Active
448,INE04Z101016,Y,,543927,ASIAN,Asian Warehousing Limited,BSE only,BSE Equity,,X,Active
449,INE276G01015,Y,ASIANENE,530355,ASIANENE,Asian Energy Services Limited,NSE+BSE,NSE Mainboard,EQ,B,Active
450,INE363A01022,Y,ASIANHOTNR,500023,ASIANHOTNR,Asian Hotels (North) Limited,NSE+BSE,NSE Mainboard,EQ,B,Active
451,INE021A01026,Y,ASIANPAINT,500820,ASIANPAINT,Asian Paints Limited,NSE+BSE,NSE Mainboard,EQ,A,Active
452,INE022I01019,Y,ASIANTILES,532888,ASIANTILES,Asian Granito India Limited,NSE+BSE,NSE Mainboard,EQ,B,Active
453,INE822B01017,Y,,519532,ASIANTNE,Asian Tea & Exports Ltd.,BSE only,BSE Equity,,X,Active
454,INE784M01016,Y,,530899,ASIAPAK,Asia Pack Ltd.,BSE only,BSE Equity,,X,Active
455,INE443A01030,Y,,502015,ASIIL,ASI INDUSTRIES LIMITED,BSE only,BSE Equity,,X,Active
456,INE810M01019,Y,,524434,ASINPET,Asian Petroproducts & Exports Ltd.,BSE only,BSE Equity,,X,Active
457,INE041B01014,Y,,530723,ASITCFIN,Asit C Mehta Financial Services Limited,BSE only,BSE Equity,,X,Active
458,INE491J01022,Y,ASKAUTOLTD,544022,ASKAUTOLTD,ASK Automotive Limited,NSE+BSE,NSE Mainboard,EQ,B,Active
459,INE855F01042,Y,ASMS,532694,ASMS,Avio Smart Market Stack Limited,NSE+BSE,NSE Mainboard,BE,T,Active
460,INE867C01010,Y,,526433,ASMTEC,ASM Technologies Ltd.,BSE only,BSE Equity,,B,Active
461,INE991I01015,Y,ASPINWALL,,,Aspinwall and Company Limited,NSE only,NSE Mainboard,EQ,,
462,INE500C01017,Y,,540788,ASPIRA,Aspira Pathlab & Diagnostics Limited,BSE only,BSE Equity,,XT,Active
463,INE0S7801010,Y,ASPIRE,,,Aspire & Innovative Advertising Limited,NSE only,NSE SME (Emerge),SM,,
464,INE01B501018,Y,,541865,ASRL,Add-Shop E-Retail Limited,BSE only,BSE Equity,,X,Active
465,INE165G01010,Y,,542911,ASSAMENT,Assam Entrade Limited,BSE only,BSE Equity,,X,Active
466,INE771E01010,Y,,531168,ASSOCER,Associated Ceramics Ltd.,BSE only,BSE Equity,,X,Active
467,INE0RIQ01013,Y,,544183,ASSOCIATED,Associated Coaters Limited,BSE only,BSE Equity,,M,Active
468,INE307N01014,Y,,512600,ASTALLTD,ASTAL LABORATORIES LIMITED,BSE only,BSE Equity,,X,Active
469,INE194D01017,Y,ASTAR,531847,ASTAR,Asian Star Company Limited,NSE+BSE,NSE Mainboard,EQ,B,Active
470,INE563J01010,Y,ASTEC,533138,ASTEC,Astec LifeSciences Limited,NSE+BSE,NSE Mainboard,EQ,B,Active
471,INE914M01019,Y,ASTERDM,540975,ASTERDM,Aster DM Quality Care Limited,NSE+BSE,NSE Mainboard,EQ,A,Active
472,INE0TG901011,Y,,544409,ASTONEALAB,ASTONEA LABS LIMITED,BSE only,BSE Equity,,MT,Active
473,INE006I01046,Y,ASTRAL,532830,ASTRAL,Astral Limited,NSE+BSE,NSE Mainboard,EQ,A,Active
474,INE386C01029,Y,ASTRAMICRO,532493,ASTRAMICRO,Astra Microwave Products Limited,NSE+BSE,NSE Mainboard,EQ,A,Active
475,INE203A01020,Y,ASTRAZEN,506820,ASTRAZEN,AstraZeneca Pharma India Limited,NSE+BSE,NSE Mainboard,EQ,A,Active
476,INE646X01014,Y,ASTRON,540824,ASTRON,Astron Paper & Board Mill Limited,NSE+BSE,NSE Mainboard,BZ,Z,Active
477,INE0RUY01012,Y,,544628,ASTRONMULT,Astron Multigrain Limited,BSE only,BSE Equity,,MT,Active
478,INE508W01018,Y,,512433,ASUTENT,Asutosh Enterprise Ltd.,BSE only,BSE Equity,,P,Active
479,INE0ALR01029,Y,ATALREAL,543911,ATALREAL,Atal Realtech Limited,NSE+BSE,NSE Mainboard,EQ,B,Active
480,INE09KD01013,Y,ATAM,543236,ATAM,Atam Valves Limited,NSE+BSE,NSE Mainboard,EQ,B,Active
481,INE0V0Q01019,Y,ATCENERGY,,,ATC Energies System Limited,NSE only,NSE SME (Emerge),ST,,
482,INE0XCV01014,Y,,544417,ATENPAPERS,Aten Papers & Foam Limited,BSE only,BSE Equity,,MT,Active
483,INE399L01023,Y,ATGL,542066,ATGL,Adani Total Gas Limited,NSE+BSE,NSE Mainboard,EQ,A,Active
484,INE226801012,Y,,544812,ATHARVA,Atharva Poly-Plast Limited,BSE only,BSE Equity,,M,Active
485,INE354E01031,Y,,530187,ATHARVENT,Atharv Enterprises Limited,BSE only,BSE Equity,,XT,Active
486,INE291R01011,Y,,539099,ATHCON,Athena Constructions Limited,BSE only,BSE Equity,,M,Active
487,INE576B01019,Y,,517429,ATHENAGLO,Athena Global Technologies Limited,BSE only,BSE Equity,,X,Active
488,INE0LEZ01016,Y,ATHERENERG,544397,ATHERENERG,Ather Energy Limited,NSE+BSE,NSE Mainboard,EQ,A,Active
489,INE0X4A01013,Y,,544671,ATIL,APOLLO TECHNO INDUSTRIES LIMITED,BSE only,BSE Equity,,M,Active
490,INE011R01013,Y,,538713,ATISHAY,Atishay Limited,BSE only,BSE Equity,,X,Active
491,INE0NN701020,Y,ATL,543954,ATL,Allcargo Terminals Limited,NSE+BSE,NSE Mainboard,EQ,B,Active
492,INE285H01022,Y,ATLANTAA,532759,ATLANTAA,ATLANTAA LIMITED,NSE+BSE,NSE Mainboard,EQ,B,Active
493,INE0Z4F01028,Y,ATLANTAELE,544527,ATLANTAELE,Atlanta Electricals Limited,NSE+BSE,NSE Mainboard,EQ,B,Active
494,INE446A01025,Y,ATLASCYCLE,505029,ATLASCYCLE,Atlas Cycles (Haryana) Limited,NSE+BSE,NSE Mainboard,EQ,B,Active
495,IN90NN701011,Y,,890228,ATLPP,Allcargo Terminals Limited,BSE only,BSE Equity,,B,Active
496,INE05DH01017,Y,ATMASTCO,,,Atmastco Limited,NSE only,NSE SME (Emerge),ST,,
497,INE100A01010,Y,ATUL,500027,ATUL,Atul Limited,NSE+BSE,NSE Mainboard,EQ,A,Active
498,INE951D01028,Y,ATULAUTO,531795,ATULAUTO,Atul Auto Limited,NSE+BSE,NSE Mainboard,EQ,B,Active
499,INE219M01021,Y,,532090,ATVOENT,Atvo Enterprises Limited,BSE only,BSE Equity,,XT,Active
500,INE447A01015,Y,,500028,ATVPR,ATV Projects India Ltd,BSE only,BSE Equity,,X,Active
501,INE949L01017,Y,AUBANK,540611,AUBANK,AU Small Finance Bank Limited,NSE+BSE,NSE Mainboard,EQ,A,Active
502,INE061B01038,Y,,530889,AUDROC,AUDROC Limited,BSE only,BSE Equity,,XT,Active
503,INE1KVL01010,Y,,544772,AUREATE,AUREATE TRADDE LIMITED,BSE only,BSE Equity,,M,Active
504,INE132H01018,Y,AURIONPRO,532668,AURIONPRO,Aurionpro Solutions Limited,NSE+BSE,NSE Mainboard,EQ,A,Active
505,INE766A01026,Y,,517230,AURIQUE,AURIQUE LIMITED,BSE only,BSE Equity,,XT,Active
506,INE0NUL01018,Y,AUROIMPEX,,,Auro Impex  & Chemicals Limited,NSE only,NSE SME (Emerge),SM,,
507,INE292C01011,Y,,530233,AUROLAB,Auro Laboratories Ltd.,BSE only,BSE Equity,,X,Active
508,INE406A01037,Y,AUROPHARMA,524804,AUROPHARMA,Aurobindo Pharma Limited,NSE+BSE,NSE Mainboard,EQ,A,Active
509,INE898S01029,Y,AURUM,539289,AURUM,Aurum PropTech Limited,NSE+BSE,NSE Mainboard,EQ,B,Active
510,INE142K01011,Y,AURUS,534532,AURUS,AURUS GEM CORPORATION LIMITED,NSE+BSE,NSE Mainboard,EQ,B,Active
511,INE01YQ01013,Y,AUSL,,,Aditya Ultra Steel Limited,NSE only,NSE SME (Emerge),SM,,
512,INE218C01016,Y,AUSOMENT,509009,AUSOMENT,Ausom Enterprise Limited,NSE+BSE,NSE Mainboard,EQ,B,Active
513,INE759F01012,Y,,522005,AUSTENG,Austin Engineering Co. Ltd.,BSE only,BSE Equity,,X,Active
514,INE104201012,Y,,544505,AUSTERE,AUSTERE SYSTEMS LIMITED,BSE only,BSE Equity,,M,Active
515,INE449A01011,Y,AUTOAXLES,505010,AUTOAXLES,Automotive Axles Limited,NSE+BSE,NSE Mainboard,EQ,B,Active
516,INE718H01014,Y,AUTOIND,532797,AUTOIND,Autoline Industries Limited,NSE+BSE,NSE Mainboard,BE,T,Active
517,INE340U01010,Y,,512277,AUTOINT,Autoriders International Ltd,BSE only,BSE Equity,,X,Active
518,INE706C01028,Y,,531994,AUTOPINS,Auto Pins (India) Ltd.,BSE only,BSE Equity,,X,Active
519,INE0NY101012,Y,,505032,AUTOPRD,Automobile Products of India Ltd.,BSE only,BSE Equity,,XT,Active
520,INE349W01017,Y,AVADHSUGAR,540649,AVADHSUGAR,Avadh Sugar & Energy Limited,NSE+BSE,NSE Mainboard,EQ,B,Active
521,INE325G01010,Y,,531310,AVAILFC,Available Finance Ltd.,BSE only,BSE Equity,,B,Active
522,INE0LCL01028,Y,AVALON,543896,AVALON,Avalon Technologies Limited,NSE+BSE,NSE Mainboard,EQ,A,Active
523,INE1KU201016,Y,AVANA,,,Avana Electrosystems Limited,NSE only,NSE SME (Emerge),ST,,
524,INE758A01072,Y,,512149,AVANCE,Avance Technologies Ltd.,BSE only,BSE Equity,,X,Active
525,INE005B01027,Y,AVANTEL,532406,AVANTEL,Avantel Limited,NSE+BSE,NSE Mainboard,EQ,A,Active
526,INE871C01038,Y,AVANTIFEED,512573,AVANTIFEED,Avanti Feeds Limited,NSE+BSE,NSE Mainboard,EQ,A,Active
527,INE617I01024,Y,AVATAR,,,AVATAR Industries Limited,NSE only,NSE SME (Emerge),ST,,
528,INE0NQ401024,Y,,544337,AVAX,Avax Apparels and Ornaments Limited,BSE only,BSE Equity,,MT,Active
529,INE09BN01011,Y,,543737,AVEER,Aveer Foods Limited,BSE only,BSE Equity,,X,Active
530,INE680Z01018,Y,AVG,543910,AVG,AVG Logistics Limited,NSE+BSE,NSE Mainboard,BE,T,Active
531,INE0TFB01017,Y,AVIANSH,,,Avi Ansh Textile Limited,NSE only,NSE SME (Emerge),SM,,
532,INE0V9I01017,Y,AVIENCE,,,Avience Biomedicals Limited,NSE only,NSE SME (Emerge),SM,,
533,INE461H01011,Y,,512109,AVIVA,Aviva Industries Limited,BSE only,BSE Equity,,X,Active
534,INE679V01027,Y,AVL,540205,AVL,Aditya Vision Limited,NSE+BSE,NSE Mainboard,EQ,A,Active
535,INE471D01019,Y,,512265,AVONMERC,Avon Mercantile Ltd.,BSE only,BSE Equity,,XT,Active
536,INE323B01024,Y,AVONMORE,511589,AVONMORE,Avonmore Capital & Management Services Limited,NSE+BSE,NSE Mainboard,EQ,B,Active
537,INE0R9401019,Y,AVPINFRA,,,AVP Infracon Limited,NSE only,NSE SME (Emerge),SM,,
538,INE652Z01025,Y,AVROIND,543512,AVROIND,AVRO INDIA LIMITED,NSE+BSE,NSE Mainboard,EQ,B,Active
539,INE522V01011,Y,AVSL,,,AVSL Industries Limited,NSE only,NSE SME (Emerge),ST,,
540,INE488D01021,Y,AVTNPL,519105,AVTNPL,AVT Natural Products Limited,NSE+BSE,NSE Mainboard,EQ,B,Active
541,INE108V01019,Y,AWFIS,544181,AWFIS,Awfis Space Solutions Limited,NSE+BSE,NSE Mainboard,EQ,A,Active
542,INE01BK01022,Y,AWHCL,543254,AWHCL,Antony Waste Handling Cell Limited,NSE+BSE,NSE Mainboard,EQ,B,Active
543,INE699H01024,Y,AWL,543458,AWL,AWL Agri Business Limited,NSE+BSE,NSE Mainboard,EQ,A,Active
544,INE197C01012,Y,,513642,AXELPOLY,Axel Polymers Ltd.,BSE only,BSE Equity,,X,Active
545,INE238A01034,Y,AXISBANK,532215,AXISBANK,Axis Bank Limited,NSE+BSE,NSE Mainboard,EQ,A,Active
546,INE555B01013,Y,AXISCADES,532395,AXISCADES,AXISCADES Technologies Limited,NSE+BSE,NSE Mainboard,EQ,B,Active
547,INE520G01024,Y,,511144,AXISOL,AXIS SOLUTIONS LIMITED,BSE only,BSE Equity,,XT,Active
548,INE02EZ01022,Y,AXITA,542285,AXITA,Axita Cotton Limited,NSE+BSE,NSE Mainboard,EQ,B,Active
549,INE767C01012,Y,,523850,AXTEL,Axtel Industries Ltd.,BSE only,BSE Equity,,X,Active
550,INE501X01029,Y,AYE,544699,AYE,Aye Finance Limited,NSE+BSE,NSE Mainboard,EQ,B,Active
551,INE193B01039,Y,AYMSYNTEX,508933,AYMSYNTEX,AYM Syntex Limited,NSE+BSE,NSE Mainboard,EQ,B,Active
552,INE02IJ01035,Y,AZAD,544061,AZAD,Azad Engineering Limited,NSE+BSE,NSE Mainboard,EQ,A,Active
553,INE566M01017,Y,,504731,AZADIND,AZAD INDIA MOBILITY LIMITED,BSE only,BSE Equity,,X,Active
554,INE0SCB01016,Y,,544177,AZTEC,Aztec Fluids & Machinery Limited,BSE only,BSE Equity,,M,Active
555,INE151B01011,Y,,531268,B2BSOFT,B2B Software Technologies Ltd.,BSE only,BSE Equity,,X,Active
556,INE893A01036,Y,,532380,BABA,Baba Arts Ltd,BSE only,BSE Equity,,X,Active
557,INE0QW501012,Y,BABAFP,,,Baba Food Processing (India) Limited,NSE only,NSE SME (Emerge),SM,,
558,INE711D01018,Y,,524516,BACPHAR,Bacil Pharma Ltd.,BSE only,BSE Equity,,X,Active
559,INE878I01022,Y,BAFNAPH,532989,BAFNAPH,Bafna Pharmaceuticals Limited,NSE+BSE,NSE Mainboard,BE,T,Active
560,INE17CQ01015,Y,BAGDIGITAL,,,B.A.G. Convergence Limited,NSE only,NSE SME (Emerge),SM,,
561,INE116D01028,Y,BAGFILMS,532507,BAGFILMS,B.A.G Films and Media Limited,NSE+BSE,NSE Mainboard,EQ,B,Active
562,INE029Q01017,Y,BAHETI,,,Baheti Recycling Industries Limited,NSE only,NSE SME (Emerge),SM,,
563,INE020D01022,Y,BAIDFIN,511724,BAIDFIN,Baid Finserv Limited,NSE+BSE,NSE Mainboard,EQ,B,Active
564,INE1IJQ01026,Y,,544670,BAIKAKAJI,BAI-KAKAJI POLYMERS LIMITED,BSE only,BSE Equity,,M,Active
565,INE917I01010,Y,BAJAJ-AUTO,532977,BAJAJ-AUTO,Bajaj Auto Limited,NSE+BSE,NSE Mainboard,EQ,A,Active
566,INE933K01021,Y,BAJAJCON,533229,BAJAJCON,Bajaj Consumer Care Limited,NSE+BSE,NSE Mainboard,EQ,A,Active
567,INE193E01025,Y,BAJAJELEC,500031,BAJAJELEC,Bajaj Electricals Limited,NSE+BSE,NSE Mainboard,EQ,A,Active
568,INE918I01026,Y,BAJAJFINSV,532978,BAJAJFINSV,Bajaj Finserv Limited,NSE+BSE,NSE Mainboard,EQ,A,Active
569,INE411U01027,Y,BAJAJHCARE,539872,BAJAJHCARE,Bajaj Healthcare Limited,NSE+BSE,NSE Mainboard,EQ,B,Active
570,INE377Y01014,Y,BAJAJHFL,544252,BAJAJHFL,Bajaj Housing Finance Limited,NSE+BSE,NSE Mainboard,EQ,A,Active
571,INE306A01021,Y,BAJAJHIND,500032,BAJAJHIND,Bajaj Hindusthan Sugar Limited,NSE+BSE,NSE Mainboard,EQ,B,Active
572,INE118A01012,Y,BAJAJHLDNG,500490,BAJAJHLDNG,Bajaj Holdings & Investment Limited,NSE+BSE,NSE Mainboard,EQ,A,Active
573,INE0O9T01021,Y,BAJAJINDEF,544364,BAJAJINDEF,Indef Manufacturing Limited,NSE+BSE,NSE Mainboard,EQ,B,Active
574,INE704G01024,Y,BAJAJST,507944,BAJAJST,Bajaj Steel Industries Limited,NSE+BSE,NSE Mainboard,EQ,B,Active
575,INE0KQN01018,Y,BAJEL,544042,BAJEL,Bajel Projects Limited,NSE+BSE,NSE Mainboard,EQ,B,Active
576,INE296A01032,Y,BAJFINANCE,500034,BAJFINANCE,Bajaj Finance Limited,NSE+BSE,NSE Mainboard,EQ,A,Active
577,INE553H01015,Y,,512261,BAJGLOB,Bajaj Global Ltd,BSE only,BSE Equity,,XT,Active
578,INE0S2G01011,Y,BALAJEE,544249,BALAJEE,Shree Tirupati Balajee Agro Trading Company Limited,NSE+BSE,NSE Mainboard,EQ,B,Active
579,INE0PQ601019,Y,BALAJIPHOS,,,Balaji Phosphates Limited,NSE only,NSE SME (Emerge),SM,,
580,INE794B01026,Y,BALAJITELE,532382,BALAJITELE,Balaji Telefilms Limited,NSE+BSE,NSE Mainboard,EQ,B,Active
581,INE050E01027,Y,BALAMINES,530999,BALAMINES,Balaji Amines Limited,NSE+BSE,NSE Mainboard,EQ,B,Active
582,INE618N01022,Y,BALAXI,,,BALAXI PHARMACEUTICALS LIMITED,NSE only,NSE Mainboard,EQ,,
583,INE0U0201016,Y,BALCO,,,Solve Plastic Products Limited,NSE only,NSE SME (Emerge),ST,,
584,INE119R01014,Y,,539834,BALGOPAL,Balgopal Commercial limited,BSE only,BSE Equity,,X,Active
585,INE875R01011,Y,BALKRISHNA,539251,BALKRISHNA,Balkrishna Paper Mills Limited,NSE+BSE,NSE Mainboard,EQ,B,Active
586,INE787D01026,Y,BALKRISIND,502355,BALKRISIND,Balkrishna Industries Limited,NSE+BSE,NSE Mainboard,EQ,A,Active
587,INE164A01016,Y,BALMLAWRIE,523319,BALMLAWRIE,Balmer Lawrie & Company Limited,NSE+BSE,NSE Mainboard,EQ,B,Active
588,INE083D01012,Y,BALPHARMA,524824,BALPHARMA,Bal Pharma Limited,NSE+BSE,NSE Mainboard,EQ,B,Active
589,INE119A01028,Y,BALRAMCHIN,500038,BALRAMCHIN,Balrampur Chini Mills Limited,NSE+BSE,NSE Mainboard,EQ,A,Active
590,INE654B01014,Y,,520127,BALTE,Balurghat Technologies Ltd.,BSE only,BSE Equity,,X,Active
591,INE011E01029,Y,BALUFORGE,531112,BALUFORGE,Balu Forge Industries Limited,NSE+BSE,NSE Mainboard,EQ,A,Active
592,INE921D01013,Y,,519295,BAMBINO,Bambino Agro Industries Ltd,BSE only,BSE Equity,,X,Active
593,INE802A01037,Y,,531591,BAMPSL,Bampsl Securities Ltd.,BSE only,BSE Equity,,X,Active
594,INE655B01011,Y,BANARBEADS,526849,BANARBEADS,Banaras Beads Limited,NSE+BSE,NSE Mainboard,EQ,B,Active
595,INE459A01010,Y,BANARISUG,500041,BANARISUG,Bannari Amman Sugars Limited,NSE+BSE,NSE Mainboard,EQ,B,Active
596,INE521L01030,Y,,509053,BANASFN,Banas Finance Limited,BSE only,BSE Equity,,X,Active
597,INE213C01025,Y,BANCOINDIA,500039,BANCOINDIA,Banco Products (I) Limited,NSE+BSE,NSE Mainboard,EQ,A,Active
598,INE875N01036,Y,,524602,BANDARAM,BANDARAM PHARMA PACKTECH LIMITED,BSE only,BSE Equity,,X,Active
599,INE545U01014,Y,BANDHANBNK,541153,BANDHANBNK,Bandhan Bank Limited,NSE+BSE,NSE Mainboard,EQ,A,Active
600,INE863I01016,Y,BANG,532946,BANG,Bang Overseas Limited,NSE+BSE,NSE Mainboard,EQ,B,Active
601,INE862Y01015,Y,BANKA,,,Banka BioLoo Limited,NSE only,NSE Mainboard,EQ,,
602,INE028A01039,Y,BANKBARODA,532134,BANKBARODA,Bank of Baroda,NSE+BSE,NSE Mainboard,EQ,A,Active
603,INE084A01016,Y,BANKINDIA,532149,BANKINDIA,Bank of India,NSE+BSE,NSE Mainboard,EQ,A,Active
604,INE0B9K01025,Y,BANSALWIRE,544209,BANSALWIRE,Bansal Wire Industries Limited,NSE+BSE,NSE Mainboard,EQ,B,Active
605,INE856E01019,Y,,519353,BANSTEA,Bansisons Tea Industries Ltd.,BSE only,BSE Equity,,ZP,Active
606,INE629D01020,Y,BANSWRAS,503722,BANSWRAS,Banswara Syntex Limited,NSE+BSE,NSE Mainboard,EQ,B,Active
607,INE00FM01013,Y,,523186,BAPACK,B&A Packaging India Limited,BSE only,BSE Equity,,X,Active
608,INE0QX401014,Y,BARFLEX,,,Barflex Polyfilms Limited,NSE only,NSE SME (Emerge),SM,,
609,INE461A01024,Y,,500270,BARODARY,Baroda Rayon Corpn. Ltd.,BSE only,BSE Equity,,X,Active
610,INE927K01023,Y,,513502,BAROEXT,Baroda Extrusion Ltd.,BSE only,BSE Equity,,X,Active
611,INE473E01021,Y,,524687,BASANTGL,Basant Agro-Tech (India) Ltd.,BSE only,BSE Equity,,X,Active
612,INE373A01013,Y,BASF,500042,BASF,BASF India Limited,NSE+BSE,NSE Mainboard,EQ,A,Active
613,INE0OCC01013,Y,BASILIC,,,Basilic Fly Studio Limited,NSE only,NSE SME (Emerge),SM,,
614,INE186H01022,Y,BASML,532674,BASML,Bannari Amman Spinning Mills Limited,NSE+BSE,NSE Mainboard,BE,T,Active
615,INE176A01028,Y,BATAINDIA,500043,BATAINDIA,Bata India Limited,NSE+BSE,NSE Mainboard,EQ,A,Active
616,INE177C01022,Y,BATLIBOI,522004,BATLIBOI,Batliboi Limited,NSE+BSE,NSE Mainboard,EQ,B,Active
617,INE0JFJ01011,Y,BAWEJA,,,Baweja Studios Limited,NSE only,NSE SME (Emerge),ST,,
618,INE462A01022,Y,BAYERCROP,506285,BAYERCROP,Bayer Cropscience Limited,NSE+BSE,NSE Mainboard,EQ,A,Active
619,INE217E01014,Y,,539946,BAZELINTER,Bazel International Limited,BSE only,BSE Equity,,X,Active
620,INE464A01036,Y,BBL,503960,BBL,Bharat Bijlee Limited,NSE+BSE,NSE Mainboard,EQ,B,Active
621,INE676A01027,Y,BBOX,500463,BBOX,Black Box Limited,NSE+BSE,NSE Mainboard,EQ,A,Active
622,INE050A01025,Y,BBTC,501425,BBTC,The Bombay Burmah Trading Corporation Limited,NSE+BSE,NSE Mainboard,EQ,A,Active
623,INE01EE01011,Y,BBTCL,543668,BBTCL,B&B Triplewall Containers Limited,NSE+BSE,NSE Mainboard,EQ,B,Active
624,INE788D01016,Y,,517246,BCCFUBA,BCC Fuba India Ltd.,BSE only,BSE Equity,,X,Active
625,INE0KQ001017,Y,,543497,BCCL,Bhatia Colour Chem Limited,BSE only,BSE Equity,,M,Active
626,INE425B01027,Y,BCG,532368,BCG,Brightcom Group Limited,NSE+BSE,NSE Mainboard,EQ,B,Active
627,INE412G01024,Y,BCLIND,524332,BCLIND,Bcl Industries Limited,NSE+BSE,NSE Mainboard,EQ,B,Active
628,INE977Y01011,Y,BCONCEPTS,543442,BCONCEPTS,Brand Concepts Limited,NSE+BSE,NSE Mainboard,EQ,B,Active
629,INE905P01028,Y,,537766,BCP,B.C. Power Controls Limited,BSE only,BSE Equity,,X,Active
630,INE00SW01015,Y,BCPL,542057,BCPL,BCPL Railway Infrastructure Limited,NSE+BSE,NSE Mainboard,EQ,B,Active
631,INE278D01018,Y,,524828,BDH,BDH Industries Ltd.,BSE only,BSE Equity,,X,Active
632,INE1LJ801017,Y,,544468,BDI,B. D. Industries (Pune) Limited,BSE only,BSE Equity,,M,Active
633,INE171Z01026,Y,BDL,541143,BDL,Bharat Dynamics Limited,NSE+BSE,NSE Mainboard,EQ,A,Active
634,INE639X01027,Y,BEACON,,,Beacon Trusteeship Limited,NSE only,NSE SME (Emerge),SM,,
635,INE520H01022,Y,BEARDSELL,,,Beardsell Limited,NSE only,NSE Mainboard,EQ,,
636,INE495P01020,Y,BECTORFOOD,543253,BECTORFOOD,Mrs. Bectors Food Specialities Limited,NSE+BSE,NSE Mainboard,EQ,B,Active
637,INE844K01012,Y,BEDMUTHA,533270,BEDMUTHA,Bedmutha Industries Limited,NSE+BSE,NSE Mainboard,EQ,B,Active
638,INE213D01015,Y,BEEKAY,539018,BEEKAY,Beekay Steel Industries Limited,NSE+BSE,NSE Mainboard,EQ,B,Active
639,INE052B01011,Y,,532645,BEEYU,Beeyu Overseas Ltd.,BSE only,BSE Equity,,X,Active
640,INE13VU01016,Y,,544369,BEEZAASAN,Beezaasan Explotech Limited,BSE only,BSE Equity,,MT,Active
641,INE425F01028,Y,,511585,BEFOUNDMOL,BEFOUND MOVEMENT LIMITED,BSE only,BSE Equity,,X,Active
642,INE263A01024,Y,BEL,500049,BEL,Bharat Electronics Limited,NSE+BSE,NSE Mainboard,EQ,A,Active
643,INE363L01045,Y,,513307,BELDING,BELDING INDIA LIMITED,BSE only,BSE Equity,,X,Active
644,INE344T01014,Y,BELLACASA,539399,BELLACASA,Bella Casa Fashion & Retail Limited,NSE+BSE,NSE Mainboard,EQ,B,Active
645,INE894V01022,Y,BELRISE,544405,BELRISE,Belrise Industries Limited,NSE+BSE,NSE Mainboard,EQ,A,Active
646,INE142E01022,Y,,522650,BEMHY,Bemco Hydraulics Ltd.,BSE only,BSE Equity,,X,Active
647,INE258A01024,Y,BEML,500048,BEML,BEML Limited,NSE+BSE,NSE Mainboard,EQ,A,Active
648,INE495Z01011,Y,,541178,BENARA,Benara Bearings and Pistons Limited,BSE only,BSE Equity,,MT,Active
649,INE664D01019,Y,,509438,BENARAS,Benares Hotels Ltd,BSE only,BSE Equity,,B,Active
650,INE0Q2Z01013,Y,,544052,BENCHMARK,Benchmark Computer Solutions Limited,BSE only,BSE Equity,,MT,Active
651,INE083K01017,Y,BENGALASM,533095,BENGALASM,Bengal & Assam Company Limited,NSE+BSE,NSE Mainboard,EQ,B,Active
652,INE523W01017,Y,,512404,BENGALS,Bengal Steel Industries Ltd.,BSE only,BSE Equity,,P,Active
653,INE665D01016,Y,,532230,BENGALT,Bengal Tea & fabrics Ltd.,BSE only,BSE Equity,,X,Active
654,INE496M01017,Y,,512195,BENTCOM,Bentley Commercial Enterprises Ltd.,BSE only,BSE Equity,,P,Active
655,INE922A01025,Y,BEPL,500052,BEPL,Bhansali Engineering Polymers Limited,NSE+BSE,NSE Mainboard,EQ,B,Active
656,INE463A01038,Y,BERGEPAINT,509480,BERGEPAINT,Berger Paints (I) Limited,NSE+BSE,NSE Mainboard,EQ,A,Active
657,INE415H01017,Y,,524606,BERLDRG,Beryl Drugs Ltd.,BSE only,BSE Equity,,X,Active
658,INE348I01018,Y,,531340,BERVINL,Bervin Investments And Leasing Ltd.,BSE only,BSE Equity,,X,Active
659,INE508J01015,Y,,531582,BERYLSE,Beryl Securities Ltd,BSE only,BSE Equity,,X,Active
660,INE052T01021,Y,BESTAGRO,539660,BESTAGRO,Best Agrolife Limited,NSE+BSE,NSE Mainboard,EQ,B,Active
661,INE553F01035,Y,,508664,BESTEAST,Best Eastern Hotels Limited,BSE only,BSE Equity,,XT,Active
662,INE351Y01019,Y,BETA,,,Beta Drugs Limited,NSE only,NSE Mainboard,EQ,,
663,INE765L01017,Y,,512477,BETXIND,Betex India Ltd.,BSE only,BSE Equity,,X,Active
664,INE0HQI01014,Y,BEWLTD,,,BEW Engineering Limited,NSE only,NSE SME (Emerge),SM,,
665,INE878K01010,Y,BFINVEST,533303,BFINVEST,BF Investment Limited,NSE+BSE,NSE Mainboard,EQ,B,Active
666,INE948Q01018,Y,,539662,BFLAFL,BFL Asset Finvest Limited,BSE only,BSE Equity,,X,Active
667,INE243D01012,Y,BFUTILITIE,532430,BFUTILITIE,BF Utilities Limited,NSE+BSE,NSE Mainboard,EQ,B,Active
668,INE893C01032,Y,,521238,BGDL,BHARAT GLOBAL DEVELOPERS LIMITED,BSE only,BSE Equity,,B,Active
669,INE443D01018,Y,,511664,BGIL,BGIL Films & Technologies Ltd,BSE only,BSE Equity,,X,Active
670,INE661I01014,Y,BGRENERGY,532930,BGRENERGY,BGR Energy Systems Limited,NSE+BSE,NSE Mainboard,BE,T,Active
671,INE106G01014,Y,,504646,BGWTATO,Bhagwati Autocast Limited,BSE only,BSE Equity,,XT,Active
672,INE0ZRC01017,Y,BHADORA,,,Bhadora Industries Limited,NSE only,NSE SME (Emerge),ST,,
673,INE414D01027,Y,BHAGCHEM,531719,BHAGCHEM,Bhagiradha Chemicals & Industries Limited,NSE+BSE,NSE Mainboard,EQ,B,Active
674,INE354C01027,Y,BHAGERIA,530803,BHAGERIA,Bhageria Industries Limited,NSE+BSE,NSE Mainboard,BE,T,Active
675,INE099C01010,Y,,500051,BHAGGAS,Bhagawati Gas Limited,BSE only,BSE Equity,,XT,Active
676,INE026I01010,Y,,509449,BHAGWOX,Bhagwati Oxygen Ltd.,BSE only,BSE Equity,,X,Active
677,INE458B01036,Y,BHAGYANGR,512296,BHAGYANGR,Bhagyanagar India Limited,NSE+BSE,NSE Mainboard,EQ,B,Active
678,INE474E01029,Y,BHANDARI,512608,BHANDARI,Bhandari Hosiery Exports Limited,NSE+BSE,NSE Mainboard,BE,T,Active
679,INE336Q01016,Y,,538576,BHANDERI,Bhanderi Infracon Limited,BSE only,BSE Equity,,MT,Active
680,INE900A01013,Y,,511501,BHARAT,BHARAT BHUSHAN FINANCE & COMMODITY BROKERS LIMITED,BSE only,BSE Equity,,X,Active
681,INE842D01029,Y,,531862,BHARATAGRI,Bharat Agri Fert and Realty Ltd,BSE only,BSE Equity,,X,Active
682,INE05XR01022,Y,BHARATCOAL,544678,BHARATCOAL,Bharat Coking Coal Limited,NSE+BSE,NSE Mainboard,EQ,B,Active
683,INE465A01025,Y,BHARATFORG,500493,BHARATFORG,Bharat Forge Limited,NSE+BSE,NSE Mainboard,EQ,A,Active
684,INE561C01019,Y,BHARATGEAR,505688,BHARATGEAR,Bharat Gears Limited,NSE+BSE,NSE Mainboard,BE,T,Active
685,INE838B01021,Y,BHARATRAS,590021,BHARATRAS,Bharat Rasayan Limited,NSE+BSE,NSE Mainboard,EQ,B,Active
686,INE0QMV01017,Y,,544535,BHARATROHAN,BHARATROHAN AIRBORNE INNOVATIONS LIMITED,BSE only,BSE Equity,,M,Active
687,INE415D01024,Y,BHARATSE,523229,BHARATSE,Bharat Seats Limited,NSE+BSE,NSE Mainboard,EQ,B,Active
688,INE316L01019,Y,BHARATWIRE,539799,BHARATWIRE,Bharat Wire Ropes Limited,NSE+BSE,NSE Mainboard,EQ,B,Active
689,INE397D01024,Y,BHARTIARTL,532454,BHARTIARTL,Bharti Airtel Limited,NSE+BSE,NSE Mainboard,EQ,A,Active
690,INE343G01021,Y,BHARTIHEXA,544162,BHARTIHEXA,Bharti Hexacom Limited,NSE+BSE,NSE Mainboard,EQ,A,Active
691,INE972C01018,Y,,524534,BHASKAGR,Bhaskar Agrochemicals Ltd.,BSE only,BSE Equity,,X,Active
692,INE341Z01025,Y,,540956,BHATIA,Bhatia Communications & Retail (India) Limited,BSE only,BSE Equity,,X,Active
693,INE18PB01017,Y,,544551,BHAVIK,BHAVIK ENTERPRISES LIMITED,BSE only,BSE Equity,,M,Active
694,INE257A01026,Y,BHEL,500103,BHEL,Bharat Heavy Electricals Limited,NSE+BSE,NSE Mainboard,EQ,A,Active
695,INE436C01014,Y,,514272,BHILSPIN,Bhilwara Spinners Ltd,BSE only,BSE Equity,,X,Active
696,INE432N01010,Y,,526488,BHUDEVI,BHUDEVI INFRA PROJECTS LIMITED,BSE only,BSE Equity,,X,Active
697,INE986A01012,Y,BI,526853,BI,Bilcare Limited,NSE+BSE,NSE Mainboard,EQ,B,Active
698,INE994B01014,Y,,524663,BIBCL,Bharat Immunologicals & Biologicals,BSE only,BSE Equity,,B,Active
699,INE412U01025,Y,BIGBLOC,540061,BIGBLOC,Bigbloc Construction Limited,NSE+BSE,NSE Mainboard,EQ,B,Active
700,INE819C01011,Y,,500058,BIHSPONG,Bihar Sponge Iron Ltd,BSE only,BSE Equity,,X,Active
701,INE00E101023,Y,BIKAJI,543653,BIKAJI,Bikaji Foods International Limited,NSE+BSE,NSE Mainboard,EQ,A,Active
702,INE0SQH01013,Y,BIKEWO,,,Bikewo Green Tech Limited,NSE only,NSE SME (Emerge),ST,,
703,INE828A01016,Y,BIL,526666,BIL,Bhartiya International Limited,NSE+BSE,NSE Mainboard,EQ,B,Active
704,INE0CRS01012,Y,,543209,BILLWIN,Billwin Industries Limited,BSE only,BSE Equity,,M,Active
705,INE071A01013,Y,BILVYAPAR,500059,BILVYAPAR,BIL VYAPAR LIMITED,NSE+BSE,NSE Mainboard,BE,T,Active
706,INE469A01019,Y,BIMETAL,505681,BIMETAL,Bimetal Bearings Limited,NSE+BSE,NSE Mainboard,EQ,B,Active
707,INE564V01013,Y,,540148,BINDALEXPO,Bindal Exports Limited,BSE only,BSE Equity,,MT,Active
708,INE160L01011,Y,,535620,BINNYMILLS,Binny Mills Limited,BSE only,BSE Equity,,XT,Active
709,INE376G01013,Y,BIOCON,532523,BIOCON,Biocon Limited,NSE+BSE,NSE Mainboard,EQ,A,Active
710,INE829A01014,Y,BIOFILCHEM,524396,BIOFILCHEM,Biofil Chemicals & Pharmaceuticals Limited,NSE+BSE,NSE Mainboard,EQ,B,Active
711,INE703D01023,Y,,531752,BIOGEN,BIOGEN PHARMACHEM INDUSTRIES LIMITED,BSE only,BSE Equity,,X,Active
712,INE0XW001014,Y,BIOPOL,,,Biopol Chemicals Limited,NSE only,NSE SME (Emerge),SM,,
713,INE0PC901019,Y,BIRDYS,,,Grill Splendour Services Limited,NSE only,NSE SME (Emerge),SM,,
714,INE800A01015,Y,BIRLACABLE,500060,BIRLACABLE,Birla Cable Limited,NSE+BSE,NSE Mainboard,BE,T,Active
715,INE340A01012,Y,BIRLACORPN,500335,BIRLACORPN,Birla Corporation Limited,NSE+BSE,NSE Mainboard,EQ,A,Active
716,INE655I01032,Y,,533006,BIRLACOT,Birla Cotsyn (India) Limited,BSE only,BSE Equity,,XT,Active
717,INE865C01022,Y,BIRLAMONEY,532974,BIRLAMONEY,Aditya Birla Money Limited,NSE+BSE,NSE Mainboard,EQ,B,Active
718,INE557A01011,Y,BIRLANU,509675,BIRLANU,BirlaNu Limited,NSE+BSE,NSE Mainboard,EQ,B,Active
719,INE372E01025,Y,BIRLAPREC,522105,BIRLAPREC,Birla Precision Technologies Limited,NSE+BSE,NSE Mainboard,EQ,B,Active
720,INE839A01021,Y,,526709,BITS,BITS Ltd,BSE only,BSE Equity,,X,Active
721,INE0OJ401014,Y,,543926,BIZOTIC,Bizotic Commercial Limited,BSE only,BSE Equity,,M,Active
722,INE356C01022,Y,,519500,BKV,BKV Industries Ltd.,BSE only,BSE Equity,,X,Active
723,INE0UIZ01018,Y,BLACKBUCK,544288,BLACKBUCK,BLACKBUCK LIMITED,NSE+BSE,NSE Mainboard,EQ,A,Active
724,INE761G01016,Y,BLACKROSE,514183,BLACKROSE,Black Rose Inds. Limited,NSE+BSE,NSE Mainboard,BE,T,Active
725,INE0N7W01012,Y,BLAL,543898,BLAL,BEML Land Assets Limited,NSE+BSE,NSE Mainboard,EQ,B,Active
726,INE791A01024,Y,BLBLIMITED,532290,BLBLIMITED,BLB Limited,NSE+BSE,NSE Mainboard,EQ,B,Active
727,INE525F01025,Y,BLIL,532485,BLIL,Balmer Lawrie Investments Limited,NSE+BSE,NSE Mainboard,EQ,B,Active
728,INE416D01022,Y,BLISSGVS,506197,BLISSGVS,Bliss GVS Pharma Limited,NSE+BSE,NSE Mainboard,BE,T,Active
729,INE350H01032,Y,BLKASHYAP,532719,BLKASHYAP,B. L. Kashyap and Sons Limited,NSE+BSE,NSE Mainboard,EQ,B,Active
730,INE373E01015,Y,,513422,BLOIN,Bloom Industries Ltd,BSE only,BSE Equity,,X,Active
731,INE153T01027,Y,BLS,540073,BLS,BLS International Services Limited,NSE+BSE,NSE Mainboard,EQ,A,Active
732,INE0NLT01010,Y,BLSE,544107,BLSE,BLS E-Services Limited,NSE+BSE,NSE Mainboard,EQ,B,Active
733,INE0W4K01013,Y,,544474,BLT,BLT Logistics Limited,BSE only,BSE Equity,,MT,Active
734,INE657B01025,Y,BLUECHIP,531936,BLUECHIP,Blue Chip India Limited,NSE+BSE,NSE Mainboard,EQ,B,Active
735,INE472D01017,Y,,506981,BLUECHIPT,Blue Chip Tex Industries Ltd.,BSE only,BSE Equity,,X,Active
736,INE373T01047,Y,,539607,BLUECLOUDS,Blue Cloud Softech Solutions Limited,BSE only,BSE Equity,,B,Active
737,INE472B01011,Y,BLUECOAST,531495,BLUECOAST,Blue Coast Hotels Limited,NSE+BSE,NSE Mainboard,BE,T,Active
738,INE233B01017,Y,BLUEDART,526612,BLUEDART,Blue Dart Express Limited,NSE+BSE,NSE Mainboard,EQ,A,Active
739,INE0KBH01020,Y,BLUEJET,544009,BLUEJET,Blue Jet Healthcare Limited,NSE+BSE,NSE Mainboard,EQ,A,Active
740,INE0SAK01011,Y,BLUEPEBBLE,,,Blue Pebble Limited,NSE only,NSE SME (Emerge),SM,,
741,INE472A01039,Y,BLUESTARCO,500067,BLUESTARCO,Blue Star Limited,NSE+BSE,NSE Mainboard,EQ,A,Active
742,INE304W01038,Y,BLUESTONE,544484,BLUESTONE,BlueStone Jewellery and Lifestyle Limited,NSE+BSE,NSE Mainboard,EQ,A,Active
743,INE0X3M01010,Y,BLUEWATER,,,Blue Water Logistics Limited,NSE only,NSE SME (Emerge),ST,,
744,INE0U4101014,Y,BLUSPRING,544414,BLUSPRING,Bluspring Enterprises Limited,NSE+BSE,NSE Mainboard,EQ,B,Active
745,INE583M01012,Y,,535279,BMAL,Bothra Metals & Alloys Limited,BSE only,BSE Equity,,M,Active
746,INE644K01016,Y,,531420,BMBMUMG,BMB Music & Magnetics Ltd.,BSE only,BSE Equity,,XT,Active
747,INE0I3Y01014,Y,BMETRICS,,,Bombay Metrics Supply Chain Limited,NSE only,NSE SME (Emerge),SM,,
748,INE1BKA01015,Y,BMLL,,,Bio Medica Laboratories Limited,NSE only,NSE SME (Emerge),SM,,
749,INE374E01021,Y,,542669,BMW,BMW INDUSTRIES LIMITED,BSE only,BSE Equity,,X,Active
750,INE965W01036,Y,BMWVENTLTD,544543,BMWVENTLTD,BMW Ventures Limited,NSE+BSE,NSE Mainboard,EQ,B,Active
751,INE00HZ01011,Y,BNAGROCHEM,526125,BNAGROCHEM,BN Agrochem Limited,NSE+BSE,NSE Mainboard,EQ,B,Active
752,INE489D01011,Y,BNALTD,508136,BNALTD,B & A Limited,NSE+BSE,NSE Mainboard,BE,T,Active
753,INE710D01028,Y,,523019,BNRSEC,B.N.Rathi Securities Ltd.,BSE only,BSE Equity,,X,Active
754,INE355C01016,Y,,530809,BNRUDY,BNR Udyog Ltd.,BSE only,BSE Equity,,X,Active
755,INE338D01028,Y,BODALCHEM,524370,BODALCHEM,Bodal Chemicals Limited,NSE+BSE,NSE Mainboard,BE,T,Active
756,INE104F01029,Y,,539122,BODHTREE,Bodhtree Consulting Limited,BSE only,BSE Equity,,X,Active
757,INE802W01023,Y,BOHRAIND,,,Bohra Industries Limited,NSE only,NSE Mainboard,EQ,,
758,INE691K01017,Y,,501430,BOMBCYC,Bombay Cycle & Motor Agency Ltd.,BSE only,BSE Equity,,X,Active
759,INE089T01023,Y,,504648,BOMBWIR,Bombay Wire Ropes Ltd.,BSE only,BSE Equity,,X,Active
760,INE032A01023,Y,BOMDYEING,500020,BOMDYEING,Bombay Dyeing & Mfg Company Limited,NSE+BSE,NSE Mainboard,EQ,B,Active
761,INE01TL01014,Y,,509470,BOMOXY-B1,BOMBAY OXYGEN INVESTMENTS LIMITED,BSE only,BSE Equity,,X,Active
762,INE910D01024,Y,,511246,BOMTALKIES,BOMBAY TALKIES LIMITED,BSE only,BSE Equity,,X,Active
763,INE0Q8P01029,Y,,543971,BONDADA,Bondada Engineering Limited,BSE only,BSE Equity,,M,Active
764,INE0B9A01018,Y,BONLON,543211,BONLON,Bonlon Industries Limited,NSE+BSE,NSE Mainboard,EQ,B,Active
765,INE16SF01016,Y,BORANA,544404,BORANA,Borana Weaves Limited,NSE+BSE,NSE Mainboard,EQ,B,Active
766,INE02PY01013,Y,BOROLTD,543212,BOROLTD,Borosil Limited,NSE+BSE,NSE Mainboard,EQ,B,Active
767,INE666D01022,Y,BORORENEW,502219,BORORENEW,BOROSIL RENEWABLES LIMITED,NSE+BSE,NSE Mainboard,EQ,A,Active
768,INE02L001032,Y,BOROSCI,544184,BOROSCI,Borosil Scientific Limited,NSE+BSE,NSE Mainboard,EQ,B,Active
769,INE782A01015,Y,BOSCH-HCIL,523398,BOSCH-HCIL,BOSCH HOME COMFORT INDIA LIMITED,NSE+BSE,NSE Mainboard,EQ,B,Active
770,INE323A01026,Y,BOSCHLTD,500530,BOSCHLTD,Bosch Limited,NSE+BSE,NSE Mainboard,EQ,A,Active
771,INE0QNI01012,Y,BOSS,,,Boss Packaging Solutions Limited,NSE only,NSE SME (Emerge),SM,,
772,INE109B01019,Y,,531458,BOSTON,BOSTON COMMERCE LIMITED,BSE only,BSE Equity,,X,Active
773,INE439N01031,Y,,514440,BPAGRI,Blue Pearl Agriventures Limited,BSE only,BSE Equity,,B,Active
774,INE029A01011,Y,BPCL,500547,BPCL,Bharat Petroleum Corporation Limited,NSE+BSE,NSE Mainboard,EQ,A,Active
775,INE110A01019,Y,BPL,500074,BPL,BPL Limited,NSE+BSE,NSE Mainboard,EQ,B,Active
776,INE365Y01019,Y,,541096,BPLPHARMA,Bharat Parenterals Limited,BSE only,BSE Equity,,X,Active
777,INE0R4Z01018,Y,BRACEPORT,,,Brace Port Logistics Limited,NSE only,NSE SME (Emerge),SM,,
778,INE856A01017,Y,,505690,BRADYM,Brady & Morris Engineering Co. Ltd.,BSE only,BSE Equity,,X,Active
779,INE320I01017,Y,,535693,BRAHMINFRA,BRAHMAPUTRA INFRASTRUCTURE LIMITED,BSE only,BSE Equity,,X,Active
780,INE0XUD01014,Y,BRANDMAN,,,Brandman Retail Limited,NSE only,NSE SME (Emerge),SM,,
781,INE899B01015,Y,,530207,BRAWN,Brawn Biotech Limited,BSE only,BSE Equity,,X,Active
782,INE00ST01011,Y,,544335,BRGIL,B.R.GOYAL INFRASTRUCTURE LIMITED,BSE only,BSE Equity,,MT,Active
783,INE958C01025,Y,,530249,BRIDGESE,Bridge Securities Ltd.,BSE only,BSE Equity,,X,Active
784,INE791I01019,Y,BRIGADE,532929,BRIGADE,Brigade Enterprises Limited,NSE+BSE,NSE Mainboard,EQ,A,Active
785,INE03NU01014,Y,BRIGHOTEL,544457,BRIGHOTEL,Brigade Hotel Ventures Limited,NSE+BSE,NSE Mainboard,EQ,B,Active
786,INE0OMI01019,Y,,543831,BRIGHT,Bright Outdoor Media Limited,BSE only,BSE Equity,,M,Active
787,INE630D01010,Y,,526731,BRIGHTBR,Bright Brothers Ltd.,BSE only,BSE Equity,,X,Active
788,INE957E01031,Y,,532113,BRIJLEAS,Brijlaxmi Leasing & Finance ltd.,BSE only,BSE Equity,,X,Active
789,INE661F01010,Y,,539434,BRIPORT,Brilliant Portfolios Ltd.,BSE only,BSE Equity,,X,Active
790,INE0Q6L01014,Y,,544101,BRISK,Brisk Technovision Limited,BSE only,BSE Equity,,MT,Active
791,INE216A01030,Y,BRITANNIA,500825,BRITANNIA,Britannia Industries Limited,NSE+BSE,NSE Mainboard,EQ,A,Active
792,INE727S01012,Y,BRNL,540700,BRNL,Bharat Road Network Limited,NSE+BSE,NSE Mainboard,EQ,B,Active
793,INE0SFZ01018,Y,,544231,BROACH,BROACH LIFECARE HOSPITAL LIMITED,BSE only,BSE Equity,,M,Active
794,INE650L01011,Y,BROOKS,533543,BROOKS,Brooks Laboratories Limited,NSE+BSE,NSE Mainboard,BE,T,Active
795,INE319Q01012,Y,,538546,BRPL,Bansal Roofing Products Limited,BSE only,BSE Equity,,B,Active
796,INE0IZQ01016,Y,,543543,BRRL,B-RIGHT REALESTATE LIMITED,BSE only,BSE Equity,,M,Active
797,INE118H01025,Y,BSE,,,BSE Limited,NSE only,NSE Mainboard,EQ,,
798,INE395A01016,Y,,532123,BSELALGO,BSEL ALGO LIMITED,BSE only,BSE Equity,,X,Active
799,INE032Z01020,Y,BSHSL,544757,BSHSL,Bombay Super Hybrid Seeds Limited,NSE+BSE,NSE Mainboard,BE,T,Active
800,INE594B01012,Y,BSL,514045,BSL,BSL Limited,NSE+BSE,NSE Mainboard,EQ,B,Active
801,INE836A01035,Y,BSOFT,532400,BSOFT,BIRLASOFT LIMITED,NSE+BSE,NSE Mainboard,EQ,A,Active
802,INE0EEJ01023,Y,BTML,543767,BTML,Bodhi Tree Multimedia Limited,NSE+BSE,NSE Mainboard,EQ,B,Active
803,INE274K01012,Y,BTTL,533108,BTTL,Bhilwara Technical Textiles Limited,NSE+BSE,NSE Mainboard,BE,T,Active
804,INE24OJ01011,Y,BUILDPRO,544517,BUILDPRO,Shankara Buildpro Limited,NSE+BSE,NSE Mainboard,EQ,B,Active
805,INE0SZ301012,Y,BULKCORP,,,Bulkcorp International Limited,NSE only,NSE SME (Emerge),SM,,
806,INE817H01022,Y,BURNPUR,532931,BURNPUR,Burnpur Cement Limited,NSE+BSE,NSE Mainboard,BE,T,Active
807,INE295F01017,Y,BUTTERFLY,517421,BUTTERFLY,Butterfly Gandhimathi Appliances Limited,NSE+BSE,NSE Mainboard,EQ,B,Active
808,INE139I01011,Y,BVCL,532916,BVCL,Barak Valley Cements Limited,NSE+BSE,NSE Mainboard,EQ,B,Active
809,INE319B01014,Y,BYKE,531373,BYKE,The Byke Hospitality Ltd,NSE+BSE,NSE Mainboard,BE,T,Active
810,INE0U7V01015,Y,C2C,,,C2C Advanced Systems Limited,NSE only,NSE SME (Emerge),SM,,
811,INE090Y01013,Y,CADSYS,,,Cadsys (India) Limited,NSE only,NSE SME (Emerge),ST,,
812,INE216C01010,Y,,517236,CALCOM,Calcom Vision Ltd.,BSE only,BSE Equity,,X,Active
813,INE714Q01014,Y,,539335,CALLISTA,Callista Industries Limited,BSE only,BSE Equity,,XT,Active
814,INE526B01014,Y,CALSOFT,532386,CALSOFT,California Software Company Limited,NSE+BSE,NSE Mainboard,BE,T,Active
815,INE198C01010,Y,,524440,CAMEXLTD,Camex  Ltd.,BSE only,BSE Equity,,X,Active
816,INE052I01032,Y,CAMLINFINE,532834,CAMLINFINE,Camlin Fine Sciences Limited,NSE+BSE,NSE Mainboard,EQ,B,Active
817,INE278Y01022,Y,CAMPUS,543523,CAMPUS,Campus Activewear Limited,NSE+BSE,NSE Mainboard,EQ,A,Active
818,INE596I01020,Y,CAMS,543232,CAMS,Computer Age Management Services Limited,NSE+BSE,NSE Mainboard,EQ,A,Active
819,INE0QG301017,Y,CANARYS,,,Canarys Automations Limited,NSE only,NSE SME (Emerge),SM,,
820,INE476A01022,Y,CANBK,532483,CANBK,Canara Bank,NSE+BSE,NSE Mainboard,EQ,A,Active
821,INE713D01055,Y,,522292,CANDOUR,CANDOUR TECHTEX LIMITED,BSE only,BSE Equity,,X,Active
822,INE477A01020,Y,CANFINHOME,511196,CANFINHOME,Can Fin Homes Limited,NSE+BSE,NSE Mainboard,EQ,A,Active
823,INE01TY01017,Y,CANHLIFE,544583,CANHLIFE,Canara HSBC Life Insurance Company Limited,NSE+BSE,NSE Mainboard,EQ,B,Active
824,INE068L01024,Y,CANTABIL,533267,CANTABIL,Cantabil Retail India Limited,NSE+BSE,NSE Mainboard,EQ,B,Active
825,INE264T01014,Y,CAPACITE,540710,CAPACITE,Capacit'e Infraprojects Limited,NSE+BSE,NSE Mainboard,EQ,B,Active
826,INE0ILV01024,Y,CAPILLARY,544614,CAPILLARY,Capillary Technologies India Limited,NSE+BSE,NSE Mainboard,EQ,B,Active
827,INE646H01017,Y,CAPITALSFB,544120,CAPITALSFB,Capital Small Finance Bank Limited,NSE+BSE,NSE Mainboard,EQ,B,Active
828,INE475E01026,Y,CAPLIPOINT,524742,CAPLIPOINT,Caplin Point Laboratories Limited,NSE+BSE,NSE Mainboard,EQ,A,Active
829,INE513R01026,Y,,538817,CAPPIPES,Captain Pipes Limited,BSE only,BSE Equity,,B,Active
830,INE968E01012,Y,,512169,CAPRICORN,Capricorn Systems Global Solutions Ltd.,BSE only,BSE Equity,,XT,Active
831,INE479A01018,Y,,509486,CAPRIHANS,Caprihans India Ltd.,BSE only,BSE Equity,,X,Active
832,INE470N01010,Y,,507486,CAPRO,Caprolactam Chemicals ltd.,BSE only,BSE Equity,,X,Active
833,INE707C01018,Y,CAPTRUST,511505,CAPTRUST,Capital Trust Limited,NSE+BSE,NSE Mainboard,BE,T,Active
834,INE120A01034,Y,CARBORUNIV,513375,CARBORUNIV,Carborundum Universal Limited,NSE+BSE,NSE Mainboard,EQ,A,Active
835,INE752H01013,Y,CARERATING,534804,CARERATING,CARE Ratings Limited,NSE+BSE,NSE Mainboard,EQ,A,Active
836,INE0KZM01011,Y,,543621,CARGOSOL,Cargosol Logistics Limited,BSE only,BSE Equity,,MT,Active
837,INE0M4L01013,Y,,543618,CARGOTRANS,Cargotrans Maritime Limited,BSE only,BSE Equity,,M,Active
838,INE0V7W01012,Y,CARRARO,544320,CARRARO,Carraro India Limited,NSE+BSE,NSE Mainboard,EQ,B,Active
839,INE290S01011,Y,CARTRADE,543333,CARTRADE,Cartrade Tech Limited,NSE+BSE,NSE Mainboard,EQ,A,Active
840,INE482D01024,Y,CARYSIL,524091,CARYSIL,CARYSIL LIMITED,NSE+BSE,NSE Mainboard,EQ,B,Active
841,INE176N01039,Y,,534732,CASPIAN,CASPIAN CORPORATE SERVICES LIMITED,BSE only,BSE Equity,,XT,Active
842,INE641H01018,Y,,531913,CASTORA,CASTORA AGRI COMMODITIES LIMITED,BSE only,BSE Equity,,XT,Active
843,INE172A01027,Y,CASTROLIND,500870,CASTROLIND,Castrol India Limited,NSE+BSE,NSE Mainboard,EQ,A,Active
844,INE660B01011,Y,,531158,CATVISION,Catvision Limited,BSE only,BSE Equity,,X,Active
845,INE518X01015,Y,CBAZAAR,,,Net Avenue Technologies Limited,NSE only,NSE SME (Emerge),ST,,
846,INE07QQ01016,Y,,542934,CBPL,Chandra Bhagat Pharma Limited,BSE only,BSE Equity,,M,Active
847,INE0M7501019,Y,,544000,CCAL,CITY CROPS AGRO LIMITED,BSE only,BSE Equity,,MT,Active
848,INE483S01020,Y,CCAVENUE,539807,CCAVENUE,AvenuesAI Limited,NSE+BSE,NSE Mainboard,EQ,A,Active
849,INE429I01024,Y,CCCL,532902,CCCL,Consolidated Construction Consortium Limited,NSE+BSE,NSE Mainboard,EQ,B,Active
850,INE187R01029,Y,,539091,CCDL,Consecutive Commodities Limited,BSE only,BSE Equity,,XT,Active
851,INE652F01027,Y,CCHHL,526550,CCHHL,Country Club Hospitality & Holidays Limited,NSE+BSE,NSE Mainboard,EQ,B,Active
852,INE421D01022,Y,CCL,519600,CCL,CCL Products (India) Limited,NSE+BSE,NSE Mainboard,EQ,A,Active
853,INE778E01031,Y,,531900,CCLINTER,CCL International Ltd,BSE only,BSE Equity,,X,Active
854,INE194N01016,Y,,514336,CCME,CCME GLOBAL LIMITED,BSE only,BSE Equity,,X,Active
855,INE198N01017,Y,,534796,CDG,CDG PETCHEM LIMITED,BSE only,BSE Equity,,XT,Active
856,INE736A01011,Y,CDSL,,,Central Depository Services (India) Limited,NSE only,NSE Mainboard,EQ,,
857,INE482A01020,Y,CEATLTD,500878,CEATLTD,CEAT Limited,NSE+BSE,NSE Mainboard,EQ,A,Active
858,INE11J101017,Y,CEDAAR,,,Cedaar Textile Limited,NSE only,NSE SME (Emerge),ST,,
859,INE358C01010,Y,,530789,CEEJAY,Ceejay Finance Limited,BSE only,BSE Equity,,X,Active
860,INE418D01010,Y,,531119,CEENIK,Ceenik Exports (india) Ltd.,BSE only,BSE Equity,,XT,Active
861,INE760J01012,Y,,514171,CEETAIN,Ceeta Industries Ltd.,BSE only,BSE Equity,,X,Active
862,INE0AG901020,Y,CEIGALL,544223,CEIGALL,Ceigall India Limited,NSE+BSE,NSE Mainboard,EQ,B,Active
863,INE016Q01014,Y,CEINSYS,538734,CEINSYS,Ceinsys Tech Limited,NSE+BSE,NSE Mainboard,EQ,B,Active
864,INE185H01016,Y,CELEBRITY,532695,CELEBRITY,Celebrity Fashions Limited,NSE+BSE,NSE Mainboard,EQ,B,Active
865,INE266H01014,Y,,532701,CELLA,CELLA SPACE LIMITED,BSE only,BSE Equity,,Z,Active
866,INE0OMO01025,Y,CELLECOR,,,Cellecor Gadgets Limited,NSE only,NSE SME (Emerge),ST,,
867,INE0LMW01024,Y,CELLO,544012,CELLO,Cello World Limited,NSE+BSE,NSE Mainboard,EQ,A,Active
868,INE0O0001013,Y,CELLPOINT,,,Cell Point (India) Limited,NSE only,NSE SME (Emerge),SM,,
869,INE222B01028,Y,,538596,CEMAINFRA,CEMANTIC INFRA-TECH LIMITED,BSE only,BSE Equity,,X,Active
870,INE686A01026,Y,CEMPRO,509496,CEMPRO,Cemindia Projects Limited,NSE+BSE,NSE Mainboard,EQ,A,Active
871,INE627F01011,Y,,522251,CENLUB,Cenlub Industries Ltd.,BSE only,BSE Equity,,X,Active
872,INE485A01015,Y,CENTENKA,500280,CENTENKA,Century Enka Limited,NSE+BSE,NSE Mainboard,EQ,B,Active
873,INE281A01026,Y,CENTEXT,500083,CENTEXT,Century Extrusions Limited,NSE+BSE,NSE Mainboard,EQ,B,Active
874,INE483A01010,Y,CENTRALBK,532885,CENTRALBK,Central Bank of India,NSE+BSE,NSE Mainboard,EQ,A,Active
875,INE660C01027,Y,CENTRUM,501150,CENTRUM,Centrum Capital Limited,NSE+BSE,NSE Mainboard,EQ,B,Active
876,INE320B01020,Y,CENTUM,517544,CENTUM,Centum Electronics Limited,NSE+BSE,NSE Mainboard,EQ,B,Active
877,INE396H01019,Y,,531099,CENTUPLE,CENTUPLE GLOBAL LIMITED,BSE only,BSE Equity,,X,Active
878,INE348B01021,Y,CENTURYPLY,532548,CENTURYPLY,Century Plyboards (India) Limited,NSE+BSE,NSE Mainboard,EQ,A,Active
879,INE739E01017,Y,CERA,532443,CERA,Cera Sanitaryware Limited,NSE+BSE,NSE Mainboard,EQ,A,Active
880,INE345B01019,Y,CEREBRAINT,532413,CEREBRAINT,Cerebra Integrated Technologies Limited,NSE+BSE,NSE Mainboard,BZ,Z,Active
881,INE486A01021,Y,CESC,500084,CESC,CESC Limited,NSE+BSE,NSE Mainboard,EQ,A,Active
882,INE037Z01029,Y,CEWATER,544315,CEWATER,Concord Enviro Systems Limited,NSE+BSE,NSE Mainboard,EQ,B,Active
883,INE700F01024,Y,,539991,CFEL,CONFIDENCE FUTURISTIC ENERGETECH LIMITED,BSE only,BSE Equity,,X,Active
884,INE0NJ001013,Y,,543920,CFF,CFF FLUID CONTROL LIMITED,BSE only,BSE Equity,,M,Active
885,INE180C01042,Y,CGCL,531595,CGCL,Capri Global Capital Limited,NSE+BSE,NSE Mainboard,EQ,A,Active
886,INE067A01029,Y,CGPOWER,500093,CGPOWER,CG Power and Industrial Solutions Limited,NSE+BSE,NSE Mainboard,EQ,A,Active
887,INE0R7401011,Y,CGRAPHICS,,,Creative Graphics Solutions India Limited,NSE only,NSE SME (Emerge),SM,,
888,INE084D01010,Y,,531489,CGVAK,Cg-Vak Software & Exports Ltd.,BSE only,BSE Equity,,X,Active
889,INE669W01018,Y,,531946,CHADPAP,Chadha Papers Ltd.,BSE only,BSE Equity,,X,Active
890,INE427F01016,Y,CHALET,542399,CHALET,Chalet Hotels Limited,NSE+BSE,NSE Mainboard,EQ,A,Active
891,INE807A01010,Y,,530747,CHALLANI,CHALLANI CAPITAL LIMITED,BSE only,BSE Equity,,X,Active
892,INE085A01013,Y,CHAMBLFERT,500085,CHAMBLFERT,Chambal Fertilizers & Chemicals Limited,NSE+BSE,NSE Mainboard,EQ,A,Active
893,INE11HG01018,Y,CHAMUNDA,,,Chamunda Electrical Limited,NSE only,NSE SME (Emerge),SM,,
894,INE0B2N01016,Y,CHANDAN,,,Chandan Healthcare Limited,NSE only,NSE SME (Emerge),SM,,
895,INE01GZ01011,Y,,542627,CHANDNIMACH,Chandni Machines Limited,BSE only,BSE Equity,,XT,Active
896,INE368D01025,Y,,530309,CHANDRAP,Chandra Prabhu International Ltd.,BSE only,BSE Equity,,X,Active
897,INE371F01024,Y,,540829,CHANDRIMA,Chandrima Mercantiles limited,BSE only,BSE Equity,,X,Active
898,INE0AH901011,Y,,544151,CHATHA,CHATHA FOODS LIMITED,BSE only,BSE Equity,,M,Active
899,INE0PT101017,Y,CHAVDA,,,Chavda Infra Limited,NSE only,NSE SME (Emerge),SM,,
900,INE05BN01027,Y,,542678,CHCL,Cian Healthcare Limited,BSE only,BSE Equity,,MT,Active
901,INE043U01010,Y,,539800,CHDCHEM,CHD Chemicals Limited,BSE only,BSE Equity,,X,Active
902,INE995D01025,Y,CHEMBOND,530871,CHEMBOND,Chembond Material Technologies Limited,NSE+BSE,NSE Mainboard,BE,T,Active
903,INE0TGX01019,Y,CHEMBONDCH,544450,CHEMBONDCH,Chembond Chemicals Limited,NSE+BSE,NSE Mainboard,BE,T,Active
904,INE03YM01018,Y,CHEMCON,543233,CHEMCON,Chemcon Speciality Chemicals Limited,NSE+BSE,NSE Mainboard,BE,T,Active
905,INE298W01016,Y,,540395,CHEMCRUX,Chemcrux Enterprises Limited,BSE only,BSE Equity,,B,Active
906,INE783X01023,Y,CHEMFAB,541269,CHEMFAB,Chemfab Alkalis Limited,NSE+BSE,NSE Mainboard,BE,T,Active
907,INE829R01018,Y,,539230,CHEMIESYNT,Chemiesynth (Vapi) Limited,BSE only,BSE Equity,,XT,Active
908,INE0VWL01017,Y,,544442,CHEMKART,Chemkart India Limited,BSE only,BSE Equity,,MT,Active
909,INE488A01050,Y,CHEMPLASTS,543336,CHEMPLASTS,Chemplast Sanmar Limited,NSE+BSE,NSE Mainboard,EQ,B,Active
910,INE212P01011,Y,,537326,CHEMTECH,CHEMTECH INDUSTRIAL VALVES LIMITED,BSE only,BSE Equity,,X,Active
911,INE777O01016,Y,,539011,CHENFERRO,CHENNAI FERROUS INDUSTRIES LIMITED,BSE only,BSE Equity,,X,Active
912,INE178A01016,Y,CHENNPETRO,500110,CHENNPETRO,Chennai Petroleum Corporation Limited,NSE+BSE,NSE Mainboard,EQ,A,Active
913,INE0U1T01012,Y,CHETANA,,,Chetana Education Limited,NSE only,NSE SME (Emerge),ST,,
914,INE974B01016,Y,CHEVIOT,526817,CHEVIOT,Cheviot Company Limited,NSE+BSE,NSE Mainboard,EQ,B,Active
915,INE12P101018,Y,,544561,CHIRAHARIT,Chiraharit Limited,BSE only,BSE Equity,,M,Active
916,INE790D01020,Y,,532992,CHLLTD,CHL Limited,BSE only,BSE Equity,,X,Active
917,INE558F01026,Y,,531977,CHLOGIST,Chartered Logistics Ltd,BSE only,BSE Equity,,XT,Active
918,INE417N01011,Y,,512301,CHMBBRW,Chambal Breweries & Distilleries Li,BSE only,BSE Equity,,XT,Active
919,INE102B01014,Y,CHOICEIN,531358,CHOICEIN,Choice International Limited,NSE+BSE,NSE Mainboard,EQ,A,Active
920,INE865B01016,Y,,530427,CHOKSI,CHOKSI ASIA LIMITED,BSE only,BSE Equity,,X,Active
921,INE493D01013,Y,,526546,CHOKSILA,Choksi Laboratories Ltd.,BSE only,BSE Equity,,X,Active
922,INE121A01024,Y,CHOLAFIN,511243,CHOLAFIN,Cholamandalam Investment and Finance Company Limited,NSE+BSE,NSE Mainboard,EQ,A,Active
923,INE149A01033,Y,CHOLAHLDNG,504973,CHOLAHLDNG,Cholamandalam Financial Holdings Limited,NSE+BSE,NSE Mainboard,EQ,A,Active
924,INE975C01011,Y,,519475,CHORDIA,Chordia Food Products Ltd,BSE only,BSE Equity,,X,Active
925,INE344X01016,Y,,540681,CHOTHANI,CHOTHANI FOODS LIMITED,BSE only,BSE Equity,,MT,Active
926,INE490A01015,Y,,501833,CHOWGULSTM,Chowgule Steamships Ltd.,BSE only,BSE Equity,,X,Active
927,INE114E01013,Y,,513005,CHROME,Chrome Silicon Limited,BSE only,BSE Equity,,X,Active
928,INE953B01010,Y,,511696,CHRTEDCA,Chartered Capital & Investment Ltd.,BSE only,BSE Equity,,X,Active
929,INE1B4801017,Y,,544546,CHTR,Chatterbox Technologies Limited,BSE only,BSE Equity,,M,Active
930,INE052V01019,Y,,519477,CIANAGRO,CIAN Agro Industries & Infrastructure Limited,BSE only,BSE Equity,,B,Active
931,INE536H01010,Y,CIEINDIA,532756,CIEINDIA,CIE Automotive India Limited,NSE+BSE,NSE Mainboard,EQ,A,Active
932,INE345H01024,Y,CIFL,530879,CIFL,Capital India Finance Limited,NSE+BSE,NSE Mainboard,EQ,B,Active
933,INE830A01012,Y,,530829,CILSEC,CIL SECURITIES LIMITED,BSE only,BSE Equity,,X,Active
934,INE908C01012,Y,,526373,CINDHO,Cindrella Hotels Ltd.,BSE only,BSE Equity,,X,Active
935,INE897D01015,Y,,531283,CINDRELL,Cindrella Financial Services Ltd.,BSE only,BSE Equity,,X,Active
936,INE704H01022,Y,CINELINE,532807,CINELINE,Cineline India Limited,NSE+BSE,NSE Mainboard,EQ,B,Active
937,INE039B01026,Y,CINEVISTA,532324,CINEVISTA,Cinevista Limited,NSE+BSE,NSE Mainboard,EQ,B,Active
938,INE059A01026,Y,CIPLA,500087,CIPLA,Cipla Limited,NSE+BSE,NSE Mainboard,EQ,A,Active
939,INE906D01014,Y,,502445,CITADEL,Citadel Realty And Developers Limited,BSE only,BSE Equity,,X,Active
940,INE0A8401016,Y,,544324,CITICHEM,Citichem India Limited,BSE only,BSE Equity,,M,Active
941,INE494D01011,Y,,531235,CITIPOR,Citiport Financial Services Ltd.,BSE only,BSE Equity,,X,Active
942,INE473L01018,Y,,538786,CITIZEN,Citizen Solar Limited,BSE only,BSE Equity,,X,Active
943,INE117C01010,Y,,521210,CITYMAN,Cityman Limited,BSE only,BSE Equity,,X,Active
944,INE158C01014,Y,,538674,CITYONLINE,City Online Services Limited,BSE only,BSE Equity,,Z,Active
945,INE1DRH01011,Y,,544514,CITYSQUARE,JAY AMBE SUPERMARKETS LIMITED,BSE only,BSE Equity,,MT,Active
946,INE557D01015,Y,,507515,CJGEL,C.J. Gelatine Products Ltd.,BSE only,BSE Equity,,X,Active
947,INE0SMX01019,Y,CKKRETAIL,,,C K K Retail Mart Limited,NSE only,NSE SME (Emerge),SM,,
948,INE0JJS01014,Y,,543435,CLARA,CLARA INDUSTRIES LIMITED,BSE only,BSE Equity,,M,Active
949,INE02BR01017,Y,,512213,CLASELE,Classic Electricals Ltd.,BSE only,BSE Equity,,XT,Active
950,INE0UQ601012,Y,CLASSICEIL,,,Classic Electrodes (India) Limited,NSE only,NSE SME (Emerge),SM,,
951,INE1QGM01024,Y,CLAYCRAFT,,,Clay Craft India Limited,NSE only,NSE SME (Emerge),SM,,
952,INE376C01038,Y,CLCIND,521082,CLCIND,CLC Industries Limited,NSE+BSE,NSE Mainboard,BE,T,Active
953,INE227W01023,Y,CLEAN,543318,CLEAN,Clean Science and Technology Limited,NSE+BSE,NSE Mainboard,EQ,A,Active
954,INE647U01026,Y,CLEANMAX,544717,CLEANMAX,Clean Max Enviro Energy Solutions Limited,NSE+BSE,NSE Mainboard,EQ,B,Active
955,INE201M01029,Y,CLEDUCATE,540403,CLEDUCATE,CL Educate Limited,NSE+BSE,NSE Mainboard,BE,T,Active
956,INE949C01016,Y,,540481,CLFL,Classic Leasing & Finance Ltd.,BSE only,BSE Equity,,X,Active
957,INE011B01017,Y,,530839,CLIOINFO,Clio Infotech Ltd.,BSE only,BSE Equity,,XT,Active
958,INE0WDX01010,Y,,544347,CLN,CLN ENERGY LIMITED,BSE only,BSE Equity,,MT,Active
959,INE419D01026,Y,CLSEL,530307,CLSEL,Chaman Lal Setia Exports Limited,NSE+BSE,NSE Mainboard,EQ,B,Active
960,INE00NH01017,Y,CLSL,,,Crop Life Science Limited,NSE only,NSE SME (Emerge),SM,,
961,INE850R01014,Y,,540199,CMBL,Corporate Merchant Bankers Limited,BSE only,BSE Equity,,X,Active
962,INE11XY01018,Y,CMLL,544833,CMLL,Caliber Mining and Logistics Limited,NSE+BSE,NSE Mainboard,EQ,B,Active
963,INE889F01017,Y,,523489,CMMHOSP,Chennai Meenakshi Multispeciality Hospital Ltd.,BSE only,BSE Equity,,X,Active
964,INE06PV01010,Y,CMNL,,,Chaman Metallics Limited,NSE only,NSE SME (Emerge),SM,,
965,INE05HV01027,Y,CMPDI,544739,CMPDI,Central Mine Planning & Design Institute Limited,NSE+BSE,NSE Mainboard,EQ,B,Active
966,INE00WV01027,Y,CMRGREEN,544777,CMRGREEN,CMR Green Technologies Limited,NSE+BSE,NSE Mainboard,EQ,B,Active
967,INE075Z01011,Y,CMRSL,,,Cyber Media Research & Services Limited,NSE only,NSE SME (Emerge),SM,,
968,INE925R01014,Y,CMSINFO,543441,CMSINFO,CMS Info Systems Limited,NSE+BSE,NSE Mainboard,EQ,A,Active
969,INE027F01014,Y,,532217,CMXLTD,CMX HOLDINGS LIMITED,BSE only,BSE Equity,,X,Active
970,INE0N0J01014,Y,,543619,CNCRD,Concord Control Systems Limited,BSE only,BSE Equity,,M,Active
971,INE0WXM01011,Y,,544343,CNINFOTECH,CAPITALNUMBERS INFOTECH  LIMITED,BSE only,BSE Equity,,M,Active
972,INE985W01018,Y,CNL,544631,CNL,Creative Newtech Limited,NSE+BSE,NSE Mainboard,EQ,B,Active
973,INE522F01014,Y,COALINDIA,533278,COALINDIA,Coal India Limited,NSE+BSE,NSE Mainboard,EQ,A,Active
974,INE229E01019,Y,,520131,COARO,Coastal Roadways Ltd.,BSE only,BSE Equity,,P,Active
975,INE377E01024,Y,COASTCORP,501831,COASTCORP,Coastal Corporation Limited,NSE+BSE,NSE Mainboard,EQ,B,Active
976,INE105D01013,Y,,513353,COCHINM,Cochin Minerals & Rutile Ltd.,BSE only,BSE Equity,,X,Active
977,INE704P01025,Y,COCHINSHIP,540678,COCHINSHIP,Cochin Shipyard Limited,NSE+BSE,NSE Mainboard,EQ,A,Active
978,INE788M01017,Y,,508571,COCHMAL,Cochin Malabar Estates & Indus. Ltd,BSE only,BSE Equity,,X,Active
979,INE515A01019,Y,COCKERILL,500147,COCKERILL,John Cockerill India Limited,NSE+BSE,NSE Mainboard,EQ,B,Active
980,INE335K01011,Y,COFFEEDAY,539436,COFFEEDAY,Coffee Day Enterprises Limited,NSE+BSE,NSE Mainboard,BE,T,Active
981,INE591G01025,Y,COFORGE,532541,COFORGE,Coforge Limited,NSE+BSE,NSE Mainboard,EQ,A,Active
982,INE03QK01018,Y,COHANCE,543064,COHANCE,Cohance Lifesciences Limited,NSE+BSE,NSE Mainboard,EQ,A,Active
983,INE923C01011,Y,,531210,COLINZ,Colinz Laboratories ltd.,BSE only,BSE Equity,,XT,Active
984,INE621I01042,Y,,540023,COLORCHIPS,COLORCHIPS NEW MEDIA LIMITED,BSE only,BSE Equity,,X,Active
985,INE259A01022,Y,COLPAL,500830,COLPAL,Colgate Palmolive (India) Limited,NSE+BSE,NSE Mainboard,EQ,A,Active
986,INE456N01019,Y,,534691,COMCL,Comfort Commotrade Limited,BSE only,BSE Equity,,X,Active
987,INE274M01026,Y,,535267,COMFINCAP,COMFORT FINCAP LIMITED,BSE only,BSE Equity,,X,Active
988,INE819A01049,Y,COMFINTE,531216,COMFINTE,Comfort Intech Limited,NSE+BSE,NSE Mainboard,EQ,B,Active
989,INE0LKQ01012,Y,,543843,COMMAND,Command Polymers Limited,BSE only,BSE Equity,,MT,Active
990,INE597Z01014,Y,COMMITTED,,,Committed Cargo Care Limited,NSE only,NSE SME (Emerge),ST,,
991,INE823B01015,Y,,531041,COMPEAU,Competent Automobiles Co. Ltd.,BSE only,BSE Equity,,X,Active
992,INE070C01037,Y,COMPINFO,532456,COMPINFO,Compuage Infocom Limited,NSE+BSE,NSE Mainboard,BZ,Z,Active
993,INE607B01012,Y,,507833,COMPUPN,Computer Point Ltd.,BSE only,BSE Equity,,X,Active
994,INE453B01029,Y,COMPUSOFT,532339,COMPUSOFT,Compucom Software Limited,NSE+BSE,NSE Mainboard,EQ,B,Active
995,INE0NXA01015,Y,,543921,COMRADE,Comrade Appliances Limited,BSE only,BSE Equity,,MT,Active
996,INE073V01015,Y,COMSYN,539986,COMSYN,Commercial Syn Bags Limited,NSE+BSE,NSE Mainboard,EQ,B,Active
997,INE714D01020,Y,,522231,CONART,Conart Engineers Ltd.,BSE only,BSE Equity,,X,Active
998,INE111A01025,Y,CONCOR,531344,CONCOR,Container Corporation of India Limited,NSE+BSE,NSE Mainboard,EQ,A,Active
999,INE858L01010,Y,,538965,CONCORD,Concord Drugs Limited,BSE only,BSE Equity,,X,Active
1000,INE338H01029,Y,CONCORDBIO,543960,CONCORDBIO,Concord Biotech Limited,NSE+BSE,NSE Mainboard,EQ,A,Active
1001,INE552D01024,Y,CONFIPET,526829,CONFIPET,Confidence Petroleum India Limited,NSE+BSE,NSE Mainboard,EQ,B,Active
1002,INE0EAS01014,Y,CONNPLEX,,,Connplex Cinemas Limited,NSE only,NSE SME (Emerge),SM,,
1003,INE025A01027,Y,CONSOFINVT,,,Consolidated Finvest & Holdings Limited,NSE only,NSE Mainboard,BE,,
1004,INE537B01011,Y,,523844,CONSTRONIC,CONSTRONICS INFRA LIMITED,BSE only,BSE Equity,,X,Active
1005,INE0M8901010,Y,,543606,CONTAINE,CONTAINE TECHNOLOGIES LIMITED,BSE only,BSE Equity,,M,Active
1006,INE319U01022,Y,,540597,CONTAINER,Containerway International Limited,BSE only,BSE Equity,,X,Active
1007,INE423K01015,Y,,506935,CONTCHM,Continental Chemicals Ltd.,BSE only,BSE Equity,,X,Active
1008,INE340Z01019,Y,CONTI,,,Continental Seeds and Chemicals Limited,NSE only,NSE SME (Emerge),SM,,
1009,INE545B01022,Y,,531460,CONTICON,Continental Controls Ltd.,BSE only,BSE Equity,,X,Active
1010,INE080G01029,Y,,531067,CONTILI,Contil India Limited,BSE only,BSE Equity,,X,Active
1011,INE369D01023,Y,,523232,CONTPTR,Continental Petroleums Ltd.,BSE only,BSE Equity,,X,Active
1012,INE663B01015,Y,CONTROLPR,522295,CONTROLPR,Control Print Limited,NSE+BSE,NSE Mainboard,EQ,B,Active
1013,INE0HS001028,Y,COOLCAPS,,,Cool Caps Industries Limited,NSE only,NSE SME (Emerge),ST,,
1014,INE495D01018,Y,,507543,CORAGRO,Coromandel Agro Products & Oils Ltd,BSE only,BSE Equity,,P,Active
1015,INE683E01017,Y,,524506,CORALAB,Coral Laboratories Ltd.,BSE only,BSE Equity,,XT,Active
1016,INE558D01021,Y,CORALFINAC,531556,CORALFINAC,Coral India Finance & Housing Limited,NSE+BSE,NSE Mainboard,EQ,B,Active
1017,INE0LZF01013,Y,CORDELIA,544802,CORDELIA,Waterways Leisure Tourism Limited,NSE+BSE,NSE Mainboard,EQ,B,Active
1018,INE792I01017,Y,CORDSCABLE,532941,CORDSCABLE,Cords Cable Industries Limited,NSE+BSE,NSE Mainboard,BE,T,Active
1019,INE715D01019,Y,,530755,CORNE,Coral Newsprints Ltd.,BSE only,BSE Equity,,X,Active
1020,INE312J01012,Y,,533167,COROENGG,Coromandel Engineering Company Limited,BSE only,BSE Equity,,X,Active
1021,INE169A01031,Y,COROMANDEL,506395,COROMANDEL,Coromandel International Limited,NSE+BSE,NSE Mainboard,EQ,A,Active
1022,INE02ZQ01018,Y,CORONA,544644,CORONA,CORONA Remedies Limited,NSE+BSE,NSE Mainboard,EQ,B,Active
1023,INE949B01018,Y,,530545,COSCO,Cosco (India) ltd.,BSE only,BSE Equity,,X,Active
1024,INE0ORA01015,Y,,543928,COSMICCRF,Cosmic CRF Limited,BSE only,BSE Equity,,MT,Active
1025,INE124B01018,Y,,523100,COSMOFE,Cosmo Ferrites Ltd.,BSE only,BSE Equity,,XT,Active
1026,INE757A01017,Y,COSMOFIRST,508814,COSMOFIRST,COSMO FIRST LIMITED,NSE+BSE,NSE Mainboard,EQ,B,Active
1027,INE0CQB01010,Y,,543172,COSPOWER,Cospower Engineering Limited,BSE only,BSE Equity,,MT,Active
1028,INE029B01019,Y,,538922,COSYN,COSYN Limited,BSE only,BSE Equity,,X,Active
1029,INE0S0I01011,Y,,544195,COTFAB,United Cotfab Limited,BSE only,BSE Equity,,M,Active
1030,INE695B01025,Y,COUNCODOS,531624,COUNCODOS,Country Condo's Limited,NSE+BSE,NSE Mainboard,BE,T,Active
1031,INE0R8101016,Y,,544361,COVANCE,COVANCE SOFTSOL LIMITED,BSE only,BSE Equity,,XT,Active
1032,INE521J01018,Y,CPCAP,533260,CPCAP,CP Capital Limited,NSE+BSE,NSE Mainboard,EQ,B,Active
1033,INE0P6P01016,Y,CPEDU,544499,CPEDU,Career Point Edutech Limited,NSE+BSE,NSE Mainboard,EQ,B,Active
1034,INE536P01021,Y,CPL,536974,CPL,Captain Polyplast Limited,NSE+BSE,NSE Mainboard,EQ,B,Active
1035,INE056001014,Y,,542727,CPML,CITY PULSE MULTIVENTURES LIMITED,BSE only,BSE Equity,,M,Active
1036,INE819V01029,Y,CPPLUS,544466,CPPLUS,Aditya Infotech Limited,NSE+BSE,NSE Mainboard,EQ,A,Active
1037,INE0QBU01012,Y,CPS,,,C P S Shapers Limited,NSE only,NSE SME (Emerge),SM,,
1038,INE218T01010,Y,,526349,CRAFTROOT,CRAFTROOT RETAIL LIMITED,BSE only,BSE Equity,,Z,Active
1039,INE00LO01017,Y,CRAFTSMAN,543276,CRAFTSMAN,Craftsman Automation Limited,NSE+BSE,NSE Mainboard,EQ,A,Active
1040,INE218I01013,Y,CRAMC,544580,CRAMC,Canara Robeco Asset Management Company Limited,NSE+BSE,NSE Mainboard,EQ,B,Active
1041,INE176L01017,Y,,538770,CRANEINFRA,Crane Infrastructure Limited,BSE only,BSE Equity,,X,Active
1042,INE234B01023,Y,,512093,CRANESSOFT,Cranes Software International Ltd.,BSE only,BSE Equity,,Z,Active
1043,INE608B01010,Y,,522001,CRANEX,Cranex Ltd.,BSE only,BSE Equity,,XT,Active
1044,INE145E01017,Y,,509472,CRAVATEX,Cravatex Ltd.,BSE only,BSE Equity,,X,Active
1045,INE0OFK01019,Y,CRAYONS,,,Crayons Advertising Limited,NSE only,NSE SME (Emerge),SM,,
1046,INE0RBX01014,Y,,544807,CRAZY,CRAZY SNACKS LIMITED,BSE only,BSE Equity,,M,Active
1047,INE146E01015,Y,,539527,CREATIVE,Creative Castings Limited,BSE only,BSE Equity,,X,Active
1048,INE230B01021,Y,CREATIVEYE,532392,CREATIVEYE,Creative Eye Limited,NSE+BSE,NSE Mainboard,EQ,B,Active
1049,INE741K01010,Y,CREDITACC,541770,CREDITACC,CREDITACCESS GRAMEEN LIMITED,NSE+BSE,NSE Mainboard,EQ,A,Active
1050,INE754C01010,Y,,511571,CRESCENTIS,Crescentis Capital Limited,BSE only,BSE Equity,,X,Active
1051,INE559D01011,Y,CREST,511413,CREST,Crest Ventures Limited,NSE+BSE,NSE Mainboard,EQ,B,Active
1052,INE318P01016,Y,,526977,CRIMSON,Crimson Metal Engineering Company Ltd,BSE only,BSE Equity,,P,Active
1053,INE007A01025,Y,CRISIL,500092,CRISIL,Crisil Limited,NSE+BSE,NSE Mainboard,EQ,A,Active
1054,INE0S4R01014,Y,CRIZAC,544439,CRIZAC,Crizac Limited,NSE+BSE,NSE Mainboard,EQ,B,Active
1055,INE587J01027,Y,,531909,CROISSANCE,CROISSANCE LIMITED,BSE only,BSE Equity,,XT,Active
1056,INE299U01018,Y,CROMPTON,539876,CROMPTON,Crompton Greaves Consumer Electricals Limited,NSE+BSE,NSE Mainboard,EQ,A,Active
1057,INE293E01031,Y,,523105,CROPSTER,CROPSTER AGRO LIMITED,BSE only,BSE Equity,,T,Active
1058,INE491V01019,Y,CROWN,,,Crown Lifters Limited,NSE only,NSE Mainboard,EQ,,
1059,INE716D01033,Y,,512379,CRSL,CRESSANDA RAILWAY SOLUTIONS LIMITED,BSE only,BSE Equity,,X,Active
1060,INE293N01016,Y,,526269,CRSTCHM,Crestchem Ltd.,BSE only,BSE Equity,,XT,Active
1061,INE0TL001013,Y,,544440,CRYOGENIC,CRYOGENIC OGS LIMITED,BSE only,BSE Equity,,MT,Active
1062,INE994R01028,Y,,540821,CRYSTAL,CRYSTAL BUSINESS SYSTEM LIMITED,BSE only,BSE Equity,,XT,Active
1063,INE679A01013,Y,CSBBANK,542867,CSBBANK,CSB Bank Limited,NSE+BSE,NSE Mainboard,EQ,A,Active
1064,INE183Q01020,Y,,538868,CSL,Continental Securities Limited,BSE only,BSE Equity,,X,Active
1065,INE718F01018,Y,CSLFINANCE,530067,CSLFINANCE,CSL Finance Limited,NSE+BSE,NSE Mainboard,EQ,B,Active
1066,INE0ZK601013,Y,CSM,544806,CSM,CSM Technologies Limited,NSE+BSE,NSE Mainboard,EQ,B,Active
1067,INE1EF801010,Y,CSSL,,,Clear Secured Services Limited,NSE only,NSE SME (Emerge),SM,,
1068,INE405H01018,Y,,531380,CSURGSU,Centenial Surgical Suture Ltd.,BSE only,BSE Equity,,X,Active
1069,INE931X01010,Y,,540652,CTCL,Captain Technocast Limited,BSE only,BSE Equity,,M,Active
1070,INE627H01017,Y,CTE,532801,CTE,Cambridge Technology Enterprises Limited,NSE+BSE,NSE Mainboard,EQ,B,Active
1071,INE172D01021,Y,,538476,CTL,Capital Trade Links Limited,BSE only,BSE Equity,,XT,Active
1072,INE0QMR01015,Y,,544220,CTLLAB,Clinitech Laboratory Limited,BSE only,BSE Equity,,M,Active
1073,INE491A01021,Y,CUB,532210,CUB,City Union Bank Limited,NSE+BSE,NSE Mainboard,EQ,A,Active
1074,INE144D01012,Y,CUBEXTUB,526027,CUBEXTUB,Cubex Tubings Limited,NSE+BSE,NSE Mainboard,EQ,B,Active
1075,INE717D01023,Y,,511710,CUBIFIN,Cubical Financial Services Ltd.,BSE only,BSE Equity,,XT,Active
1076,INE0WL201014,Y,CUDML,,,Cash Ur Drive Marketing Limited,NSE only,NSE SME (Emerge),ST,,
1077,INE298A01020,Y,CUMMINSIND,500480,CUMMINSIND,Cummins India Limited,NSE+BSE,NSE Mainboard,EQ,A,Active
1078,INE509F01029,Y,CUPID,530843,CUPID,Cupid Limited,NSE+BSE,NSE Mainboard,EQ,A,Active
1079,INE108G01010,Y,,512361,CUPIDALBV,CUPID BREWERIES AND DISTILLERIES LIMITED,BSE only,BSE Equity,,XT,Active
1080,INE117B01020,Y,CURAA,532332,CURAA,Cura Technologies Limited,NSE+BSE,NSE Mainboard,EQ,B,Active
1081,INE1BZN01016,Y,CURIS,,,Curis Lifesciences Limited,NSE only,NSE SME (Emerge),SM,,
1082,INE1CRQ01014,Y,CURRENT,,,Current Infraprojects Limited,NSE only,NSE SME (Emerge),SM,,
1083,INE0H8H01019,Y,,543378,CWD,CWD Limited,BSE only,BSE Equity,,MS,Active
1084,INE183D01010,Y,,531472,CYBELEIND,Cybele  Industries Limited,BSE only,BSE Equity,,X,Active
1085,INE278G01037,Y,CYBERMEDIA,532640,CYBERMEDIA,Cyber Media (India) Limited,NSE+BSE,NSE Mainboard,BE,T,Active
1086,INE214A01019,Y,CYBERTECH,532173,CYBERTECH,Cybertech Systems And Software Limited,NSE+BSE,NSE Mainboard,BE,T,Active
1087,INE136B01020,Y,CYIENT,532175,CYIENT,Cyient Limited,NSE+BSE,NSE Mainboard,EQ,A,Active
1088,INE055S01018,Y,CYIENTDLM,543933,CYIENTDLM,Cyient DLM Limited,NSE+BSE,NSE Mainboard,EQ,B,Active
1089,INE016A01026,Y,DABUR,500096,DABUR,Dabur India Limited,NSE+BSE,NSE Mainboard,EQ,A,Active
1090,INE1F9M01018,Y,,544667,DACHEPALLI,Dachepalli Publishers Limited,BSE only,BSE Equity,,M,Active
1091,INE928C01010,Y,DAICHI,526821,DAICHI,Dai-Ichi Karkaria Limited,NSE+BSE,NSE Mainboard,EQ,B,Active
1092,INE789B01018,Y,,530825,DAIKAFFI,Daikaffil Chemicals India Ltd.,BSE only,BSE Equity,,XT,Active
1093,INE874E01012,Y,,539681,DAL,dynamic Archistructures Limited,BSE only,BSE Equity,,X,Active
1094,INE00R701025,Y,DALBHARAT,542216,DALBHARAT,Dalmia Bharat Limited,NSE+BSE,NSE Mainboard,EQ,A,Active
1095,INE495A01022,Y,DALMIASUG,500097,DALMIASUG,Dalmia Bharat Sugar and Industries Limited,NSE+BSE,NSE Mainboard,EQ,B,Active
1096,INE284H01025,Y,DAMCAPITAL,544316,DAMCAPITAL,Dam Capital Advisors Limited,NSE+BSE,NSE Mainboard,EQ,B,Active
1097,INE497D01022,Y,DAMODARIND,521220,DAMODARIND,Damodar Industries Limited,NSE+BSE,NSE Mainboard,BE,T,Active
1098,INE688Y01022,Y,DANGEE,,,Dangee Dums Limited,NSE only,NSE Mainboard,EQ,,
1099,INE0YU901016,Y,DANISH,,,Danish Power Limited,NSE only,NSE SME (Emerge),SM,,
1100,INE310B01013,Y,,532329,DANLAW,Danlaw Technologies India Ltd.,BSE only,BSE Equity,,XT,Active
1101,INE575D01041,Y,,540361,DANUBE,DANUBE INDUSTRIES LIMITED,BSE only,BSE Equity,,XT,Active
1102,INE975Z01012,Y,,543651,DAPS,DAPS ADVERTISING LIMITED,BSE only,BSE Equity,,MT,Active
1103,INE830S01014,Y,,539770,DARJEELING,DARJEELING INDUSTRIIES LIMITED,BSE only,BSE Equity,,X,Active
1104,INE671T01028,Y,,539884,DARSHANORNA,Darshan Orna Limited,BSE only,BSE Equity,,X,Active
1105,INE365B01017,Y,DATAMATICS,532528,DATAMATICS,Datamatics Global Services Limited,NSE+BSE,NSE Mainboard,EQ,A,Active
1106,INE0IX101010,Y,DATAPATTNS,543428,DATAPATTNS,Data Patterns (India) Limited,NSE+BSE,NSE Mainboard,EQ,A,Active
1107,INE673U01014,Y,,519413,DATIWARE,DATIWARE MARITIME INFRA LIMITED,BSE only,BSE Equity,,P,Active
1108,INE108C01019,Y,,530171,DAULAT,Daulat Securities Ltd.,BSE only,BSE Equity,,X,Active
1109,INE179G01029,Y,DAVANGERE,543267,DAVANGERE,Davangere Sugar Company Limited,NSE+BSE,NSE Mainboard,EQ,B,Active
1110,INE0Q2L01013,Y,,544331,DAVIN,Davin Sons Retail Limited,BSE only,BSE Equity,,M,Active
1111,INE950I01011,Y,DBCORP,533151,DBCORP,D.B.Corp Limited,NSE+BSE,NSE Mainboard,EQ,B,Active
1112,INE0OPA01027,Y,DBEIL,544276,DBEIL,Deepak Builders & Engineers India Limited,NSE+BSE,NSE Mainboard,BE,T,Active
1113,INE917M01012,Y,DBL,540047,DBL,Dilip Buildcon Limited,NSE+BSE,NSE Mainboard,EQ,A,Active
1114,INE0I3401014,Y,DBOL,543593,DBOL,Dhampur Bio Organics Limited,NSE+BSE,NSE Mainboard,EQ,B,Active
1115,INE879I01012,Y,DBREALTY,533160,DBREALTY,Valor Estate Limited,NSE+BSE,NSE Mainboard,EQ,A,Active
1116,INE921B01025,Y,DBSTOCKBRO,530393,DBSTOCKBRO,DB (International) Stock Brokers Limited,NSE+BSE,NSE Mainboard,BE,T,Active
1117,INE385W01011,Y,DCAL,540701,DCAL,Dishman Carbogen Amcis Limited,NSE+BSE,NSE Mainboard,EQ,B,Active
1118,INE503A01015,Y,DCBBANK,532772,DCBBANK,DCB Bank Limited,NSE+BSE,NSE Mainboard,EQ,A,Active
1119,INE04Q901010,Y,DCCL,,,Dar Credit & Capital Limited,NSE only,NSE SME (Emerge),SM,,
1120,INE0S8401018,Y,DCG,,,DCG Cables & Wires Limited,NSE only,NSE SME (Emerge),SM,,
1121,INE0A1101019,Y,DCI,543636,DCI,Dc Infotech And Communication Limited,NSE+BSE,NSE Mainboard,EQ,B,Active
1122,INE498A01018,Y,DCM,502820,DCM,DCM  Limited,NSE+BSE,NSE Mainboard,BE,T,Active
1123,INE891B01012,Y,DCMFINSERV,511611,DCMFINSERV,DCM Financial Services Limited,NSE+BSE,NSE Mainboard,EQ,B,Active
1124,INE08KP01019,Y,DCMNVL,542729,DCMNVL,DCM Nouvelle Limited,NSE+BSE,NSE Mainboard,EQ,B,Active
1125,INE499A01024,Y,DCMSHRIRAM,523367,DCMSHRIRAM,DCM Shriram Limited,NSE+BSE,NSE Mainboard,EQ,A,Active
1126,INE0OU201013,Y,DCMSIL,544702,DCMSIL,DCM Shriram International Limited,NSE+BSE,NSE Mainboard,BE,T,Active
1127,INE843D01027,Y,DCMSRIND,523369,DCMSRIND,DCM Shriram Industries Limited,NSE+BSE,NSE Mainboard,EQ,B,Active
1128,INE500A01029,Y,DCW,500117,DCW,DCW Limited,NSE+BSE,NSE Mainboard,EQ,B,Active
1129,INE0KL801015,Y,DCXINDIA,543650,DCXINDIA,DCX Systems Limited,NSE+BSE,NSE Mainboard,EQ,B,Active
1130,INE0HR601026,Y,DDEVPLSTIK,543547,DDEVPLSTIK,Ddev Plastiks Industries Limited,NSE+BSE,NSE Mainboard,EQ,B,Active
1131,INE452W01019,Y,,542248,DECCAN,Deccan Health Care Limited,BSE only,BSE Equity,,T,Active
1132,INE583C01021,Y,DECCANCE,502137,DECCANCE,Deccan Cements Limited,NSE+BSE,NSE Mainboard,EQ,B,Active
1133,INE0S7C01019,Y,DECCANTRAN,,,Deccan Transcon Leasing Limited,NSE only,NSE SME (Emerge),SM,,
1134,INE643N01012,Y,,524752,DECIPHER,DECIPHER LABS LIMITED,BSE only,BSE Equity,,X,Active
1135,INE945F01025,Y,DECNGOLD,512068,DECNGOLD,Deccan Gold Mines Limited,NSE+BSE,NSE Mainboard,EQ,B,Active
1136,INE907E01010,Y,,531227,DECOMIC,Deco-Mica Ltd.,BSE only,BSE Equity,,X,Active
1137,INE132E01015,Y,,531989,DECPO,Deccan Polypacks Ltd,BSE only,BSE Equity,,X,Active
1138,INE841L01016,Y,DEEDEV,544198,DEEDEV,DEE Development Engineers Limited,NSE+BSE,NSE Mainboard,EQ,B,Active
1139,INE586O01011,Y,DEEM,,,Deem Roll Tech Limited,NSE only,NSE SME (Emerge),ST,,
1140,INE00IY01012,Y,,541778,DEEP,Deep Polymers Limited,BSE only,BSE Equity,,X,Active
1141,INE005G01026,Y,,539559,DEEPAI,Deep Health AI India Limited,BSE only,BSE Equity,,XT,Active
1142,INE0RDM01013,Y,,544036,DEEPAKCHEM,DEEPAK CHEMTEX LIMITED,BSE only,BSE Equity,,M,Active
1143,INE501A01019,Y,DEEPAKFERT,500645,DEEPAKFERT,Deepak Fertilizers and Petrochemicals Corporation Limited,NSE+BSE,NSE Mainboard,EQ,A,Active
1144,INE288B01029,Y,DEEPAKNTR,506401,DEEPAKNTR,Deepak Nitrite Limited,NSE+BSE,NSE Mainboard,EQ,A,Active
1145,INE272C01013,Y,,514030,DEEPAKSP,Deepak Spinners Ltd.,BSE only,BSE Equity,,X,Active
1146,INE0FHS01024,Y,DEEPINDS,543288,DEEPINDS,Deep Industries Limited,NSE+BSE,NSE Mainboard,EQ,B,Active
1147,INE0ZE201010,Y,,544677,DEFRAIL,Defrail Technologies Limited,BSE only,BSE Equity,,M,Active
1148,INE413F01016,Y,,542679,DEL,Dhanashree Electronics Limited,BSE only,BSE Equity,,X,Active
1149,INE0SK801018,Y,DELAPLEX,,,Delaplex Limited,NSE only,NSE SME (Emerge),SM,,
1150,INE148O01028,Y,DELHIVERY,543529,DELHIVERY,Delhivery Limited,NSE+BSE,NSE Mainboard,EQ,A,Active
1151,INE726L01027,Y,DELPHIFX,533452,DELPHIFX,DELPHI WORLD MONEY LIMITED,NSE+BSE,NSE Mainboard,BE,T,Active
1152,INE681Q01015,Y,,539596,DELTA,Delta Industrial Resources Limited,BSE only,BSE Equity,,X,Active
1153,INE124G01033,Y,DELTACORP,532848,DELTACORP,Delta Corp Limited,NSE+BSE,NSE Mainboard,EQ,B,Active
1154,INE393A01011,Y,DELTAMAGNT,504286,DELTAMAGNT,Delta Manufacturing Limited,NSE+BSE,NSE Mainboard,EQ,B,Active
1155,INE0XRN01019,Y,DELTIC,,,Delta Autocorp Limited,NSE only,NSE SME (Emerge),SM,,
1156,INE947J01015,Y,DEN,533137,DEN,Den Networks Limited,NSE+BSE,NSE Mainboard,EQ,B,Active
1157,INE0JWV01011,Y,DENEERS,,,De Neers Tools Limited,NSE only,NSE SME (Emerge),SM,,
1158,INE051G01012,Y,,537536,DENISCHEM,Denis Chem Lab Limited,BSE only,BSE Equity,,X,Active
1159,INE244A01016,Y,DENORA,590031,DENORA,De Nora India Limited,NSE+BSE,NSE Mainboard,EQ,B,Active
1160,INE0R4L01018,Y,DENTA,544345,DENTA,Denta Water and Infra Solutions Limited,NSE+BSE,NSE Mainboard,EQ,B,Active
1161,INE0N5801013,Y,DENTALKART,,,Vasa Denticity Limited,NSE only,NSE SME (Emerge),SM,,
1162,INE0TGG01014,Y,,544387,DESCO,Desco Infratech Limited,BSE only,BSE Equity,,M,Active
1163,INE971E01016,Y,,531521,DESHRAK,Desh Rakshak Aushdhalaya Ltd.,BSE only,BSE Equity,,P,Active
1164,INE0IGO01011,Y,DESTINY,,,Destiny Logistics & Infra Limited,NSE only,NSE SME (Emerge),SM,,
1165,INE455C01014,Y,,531585,DEVINE,Devine Impex Limited,BSE only,BSE Equity,,X,Active
1166,INE060X01034,Y,DEVIT,543462,DEVIT,Dev Information Technology Limited,NSE+BSE,NSE Mainboard,EQ,B,Active
1167,INE07LH01016,Y,,512445,DEVITRD,Devinsu Trading Ltd.,BSE only,BSE Equity,,XT,Active
1168,INE0NIJ01025,Y,,543848,DEVLAB,Dev Labtech Venture Limited,BSE only,BSE Equity,,M,Active
1169,INE2KRP01017,Y,,544823,DEVSON,DEVSON CATALYST LIMITED,BSE only,BSE Equity,,M,Active
1170,INE0VOV01021,Y,DEVX,544513,DEVX,Dev Accelerator Limited,NSE+BSE,NSE Mainboard,EQ,B,Active
1171,INE872J01023,Y,DEVYANI,543330,DEVYANI,Devyani International Limited,NSE+BSE,NSE Mainboard,EQ,A,Active
1172,INE848N01017,Y,,539190,DFL,Decillion Finance Ltd.,BSE only,BSE Equity,,X,Active
1173,INE0S6R01027,Y,,544201,DFPL,DINDIGUL FARM PRODUCT LIMITED,BSE only,BSE Equity,,M,Active
1174,INE03JI01017,Y,DGCONTENT,542685,DGCONTENT,Digicontent Limited,NSE+BSE,NSE Mainboard,EQ,B,Active
1175,INE01GR01018,Y,,542155,DGL,Diksha Greens Limited,BSE only,BSE Equity,,MT,Active
1176,INE260R01016,Y,,538715,DHABRIYA,Dhabriya Polywood Limited,BSE only,BSE Equity,,X,Active
1177,INE956B01013,Y,,531923,DHAMPURE,Dhampure Speciality Sugars Ltd.,BSE only,BSE Equity,,X,Active
1178,INE041A01016,Y,DHAMPURSUG,500119,DHAMPURSUG,Dhampur Sugar Mills Limited,NSE+BSE,NSE Mainboard,EQ,B,Active
1179,INE680A01011,Y,DHANBANK,532180,DHANBANK,Dhanlaxmi Bank Limited,NSE+BSE,NSE Mainboard,EQ,B,Active
1180,INE977F01010,Y,,512485,DHANCOT,Dhanlaxmi Cotex Ltd.,BSE only,BSE Equity,,XT,Active
1181,INE953D01016,Y,,521151,DHANFAB,Dhanlaxmi Fabrics Ltd.,BSE only,BSE Equity,,X,Active
1182,INE0V9V01010,Y,DHANLAXMI,,,Dhanlaxmi Crop Science Limited,NSE only,NSE SME (Emerge),SM,,
1183,INE220C01012,Y,,521216,DHANROTO,Dhanalaxmi Roto Spinners Ltd.,BSE only,BSE Equity,,X,Active
1184,INE0M3I01029,Y,DHANSA,,,Dhansa Labs Limited,NSE only,NSE SME (Emerge),SM,,
1185,INE195E01020,Y,,512048,DHANSAFAL,DHANSAFAL FINSERVE LIMITED,BSE only,BSE Equity,,X,Active
1186,INE435G01025,Y,DHANUKA,507717,DHANUKA,Dhanuka Agritech Limited,NSE+BSE,NSE Mainboard,EQ,B,Active
1187,INE278R01034,Y,DHARAN,541161,DHARAN,DHARAN INFRA-EPC LIMITED,NSE+BSE,NSE Mainboard,BZ,Z,Active
1188,INE2HJL01019,Y,DHARARAIL,,,Dhara Rail Projects Limited,NSE only,NSE SME (Emerge),ST,,
1189,INE899D01011,Y,,511451,DHARFIN,Dharani Finance Ltd.,BSE only,BSE Equity,,XT,Active
1190,INE0YRN01025,Y,DHARIWAL,,,Dhariwalcorp Limited,NSE only,NSE SME (Emerge),SM,,
1191,INE00OQ01016,Y,DHARMAJ,543687,DHARMAJ,Dharmaj Crop Guard Limited,NSE+BSE,NSE Mainboard,EQ,B,Active
1192,INE0M9Q01011,Y,,543753,DHARNI,DHARNI CAPITAL SERVICES LIMITED,BSE only,BSE Equity,,M,Active
1193,INE715T01031,Y,,540080,DHATRE,Dhatre Udyog Limited,BSE only,BSE Equity,,X,Active
1194,INE1HX301016,Y,,544854,DHAVAL,Dhaval Packaging Limited,BSE only,BSE Equity,,MT,Active
1195,INE758D01027,Y,,501945,DHENUBUILD,Dhenu Buildcon Infra Limited,BSE only,BSE Equity,,Z,Active
1196,INE0SPJ01011,Y,,544556,DHILLON,Dhillon Freight Carrier Limited,BSE only,BSE Equity,,M,Active
1197,INE589D01018,Y,,517514,DHINDIA,D & H India Limited,BSE only,BSE Equity,,X,Active
1198,INE313G01016,Y,,526971,DHOOTIN,Dhoot Industrial Finance Ltd.,BSE only,BSE Equity,,X,Active
1199,INE590D01016,Y,,531306,DHPIND,DHP India Ltd.,BSE only,BSE Equity,,X,Active
1200,INE506Z01015,Y,DHRUV,541302,DHRUV,Dhruv Consultancy Services Limited,NSE+BSE,NSE Mainboard,EQ,B,Active
1201,INE972E01014,Y,,531237,DHRUVCA,Dhruva Capital Services Ltd.,BSE only,BSE Equity,,X,Active
1202,INE0OGG01015,Y,DHTL,,,Docmode Health Technologies Limited,NSE only,NSE SME (Emerge),SM,,
1203,INE320L01011,Y,DHUNINV,533336,DHUNINV,Dhunseri Investments Limited,NSE+BSE,NSE Mainboard,EQ,B,Active
1204,INE0K5F01014,Y,,543516,DHYAANITR,DHYAANI TRADEVENTTURES LIMITED,BSE only,BSE Equity,,MT,Active
1205,INE989C01038,Y,DIACABS,522163,DIACABS,Diamond Power Infrastructure Limited,NSE+BSE,NSE Mainboard,BE,T,Active
1206,INE591D01014,Y,DIAMINESQ,500120,DIAMINESQ,Diamines & Chemicals Limited,NSE+BSE,NSE Mainboard,EQ,B,Active
1207,INE393P01035,Y,DIAMONDYD,540724,DIAMONDYD,Prataap Snacks Limited,NSE+BSE,NSE Mainboard,EQ,B,Active
1208,INE012E01035,Y,,530959,DIANATEA,Diana Tea Co.Ltd.,BSE only,BSE Equity,,X,Active
1209,INE303A01010,Y,DICIND,500089,DICIND,DIC India Limited,NSE+BSE,NSE Mainboard,EQ,B,Active
1210,INE642P01019,Y,,539900,DIDL,DALMIA INDUSTRIAL DEVELOPMENT LIMITED,BSE only,BSE Equity,,X,Active
1211,INE184O01015,Y,DIFFNKG,544264,DIFFNKG,Diffusion Engineers Limited,NSE+BSE,NSE Mainboard,EQ,B,Active
1212,INE0PSC01024,Y,DIGIDRIVE,544079,DIGIDRIVE,Digidrive Distributors Limited,NSE+BSE,NSE Mainboard,EQ,B,Active
1213,INE0QJ901011,Y,DIGIKORE,,,Digikore Studios Limited,NSE only,NSE SME (Emerge),SM,,
1214,INE1OOT01028,Y,,544684,DIGILOGIC,DIGILOGIC SYSTEMS LIMITED,BSE only,BSE Equity,,MT,Active
1215,INE927C01020,Y,DIGISPICE,517214,DIGISPICE,DiGiSPICE Technologies Limited,NSE+BSE,NSE Mainboard,EQ,B,Active
1216,INE0U4701011,Y,DIGITIDE,544413,DIGITIDE,Digitide Solutions Limited,NSE+BSE,NSE Mainboard,EQ,B,Active
1217,INE731U01028,Y,DIGJAMLMTD,539979,DIGJAMLMTD,Digjam Limited,NSE+BSE,NSE Mainboard,EQ,B,Active
1218,INE942P01013,Y,,540151,DIKSAT,Diksat Transworld Limited,BSE only,BSE Equity,,MT,Active
1219,INE1OSI01014,Y,,544798,DIKSHA,DIKSHA POLYMERS LIMITED,BSE only,BSE Equity,,M,Active
1220,INE650C01036,Y,,531153,DILIGENT,Diligent Industries Limited,BSE only,BSE Equity,,X,Active
1221,INE704V01015,Y,DIRL,,,Dhanuka Infra Realty Limited,NSE only,NSE SME (Emerge),SM,,
1222,INE131C01011,Y,DISAQ,500068,DISAQ,Disa India Limited,NSE+BSE,NSE Mainboard,EQ,B,Active
1223,INE836F01026,Y,DISHTV,532839,DISHTV,Dish TV India Limited,NSE+BSE,NSE Mainboard,EQ,B,Active
1224,INE183R01010,Y,,539405,DITCO,Decorous Investment and Trading Co. Ltd.,BSE only,BSE Equity,,X,Active
1225,INE753U01022,Y,DIVGIITTS,543812,DIVGIITTS,Divgi Torqtransfer Systems Limited,NSE+BSE,NSE Mainboard,EQ,B,Active
1226,INE0NA501011,Y,DIVINEHIRA,,,Divine Hira Jewellers Limited,NSE only,NSE SME (Emerge),ST,,
1227,INE361B01024,Y,DIVISLAB,532488,DIVISLAB,Divi's Laboratories Limited,NSE+BSE,NSE Mainboard,EQ,A,Active
1228,INE410G01010,Y,,526315,DIVSHKT,DIVYASHAKTI LIMITED,BSE only,BSE Equity,,X,Active
1229,INE0QYI01019,Y,DIVYADHAN,,,Divyadhan Recycling Industries Limited,NSE only,NSE SME (Emerge),ST,,
1230,INE935N01020,Y,DIXON,540699,DIXON,Dixon Technologies (India) Limited,NSE+BSE,NSE Mainboard,EQ,A,Active
1231,INE0B1K01014,Y,DJML,543193,DJML,DJ Mediaprint & Logistics Limited,NSE+BSE,NSE Mainboard,EQ,B,Active
1232,INE234E01027,Y,,511636,DJSSS,DJS Stock & Shares Ltd.,BSE only,BSE Equity,,X,Active
1233,INE0GN101014,Y,DKEGL,,,D.K. Enterprises Global Limited,NSE only,NSE SME (Emerge),SM,,
1234,INE0QXT01018,Y,,544170,DKUAL,Dolphin Kitchen Utencils and Appliances Limited,BSE only,BSE Equity,,M,Active
1235,INE871Z01013,Y,,541299,DLCL,DR LALCHANDANI LABS LIMITED,BSE only,BSE Equity,,M,Active
1236,INE271C01023,Y,DLF,532868,DLF,DLF Limited,NSE+BSE,NSE Mainboard,EQ,A,Active
1237,INE250K01012,Y,DLINKINDIA,533146,DLINKINDIA,D-Link (India) Limited,NSE+BSE,NSE Mainboard,EQ,B,Active
1238,INE872E01016,Y,,504240,DLTNCBL,Delton Cables Ltd.,BSE only,BSE Equity,,X,Active
1239,INE192R01011,Y,DMART,540376,DMART,Avenue Supermarts Limited,NSE+BSE,NSE Mainboard,EQ,A,Active
1240,INE505A01010,Y,DMCC,506405,DMCC,DMCC SPECIALITY CHEMICALS LIMITED,NSE+BSE,NSE Mainboard,EQ,B,Active
1241,INE158R01012,Y,,540811,DML,Diggi Multitrade Limited,BSE only,BSE Equity,,M,Active
1242,INE07L501010,Y,,543410,DMR,DMR ENGINEERING LIMITED,BSE only,BSE Equity,,M,Active
1243,INE016M01021,Y,DNAMEDIA,540789,DNAMEDIA,Diligent Media Corporation Limited,NSE+BSE,NSE Mainboard,EQ,B,Active
1244,INE021O01019,Y,DODLA,543306,DODLA,Dodla Dairy Limited,NSE+BSE,NSE Mainboard,EQ,A,Active
1245,INE966A01022,Y,DOLATALGO,505526,DOLATALGO,Dolat Algotech Limited,NSE+BSE,NSE Mainboard,EQ,B,Active
1246,INE666Y01010,Y,,542013,DOLFIN,Dolfin Rubbers Limited,BSE only,BSE Equity,,B,Active
1247,INE325C01035,Y,DOLLAR,541403,DOLLAR,Dollar Industries Limited,NSE+BSE,NSE Mainboard,EQ,B,Active
1248,INE0JHH01011,Y,DOLLEX,,,Dollex Agrotech Limited,NSE only,NSE SME (Emerge),SM,,
1249,INE920A01037,Y,DOLPHIN,522261,DOLPHIN,Dolphin Offshore Enterprises (India) Limited,NSE+BSE,NSE Mainboard,EQ,B,Active
1250,INE321T01012,Y,DOMS,544045,DOMS,DOMS Industries Limited,NSE+BSE,NSE Mainboard,EQ,A,Active
1251,INE668D01028,Y,DONEAR,512519,DONEAR,Donear Industries Limited,NSE+BSE,NSE Mainboard,EQ,B,Active
1252,INE266Y01019,Y,DPABHUSHAN,544161,DPABHUSHAN,D. P. Abhushan Limited,NSE+BSE,NSE Mainboard,EQ,B,Active
1253,INE0SCO01019,Y,DPEL,,,Divine Power Energy Limited,NSE only,NSE SME (Emerge),SM,,
1254,INE0MC401013,Y,,543594,DPL,DIPNA PHARMACHEM LIMITED,BSE only,BSE Equity,,M,Active
1255,INE360C01024,Y,DPSCLTD,,,DPSC Limited,NSE only,NSE Mainboard,BE,,
1256,INE864X01013,Y,DPWIRES,543962,DPWIRES,D P Wires Limited,NSE+BSE,NSE Mainboard,BE,T,Active
1257,INE746V01016,Y,,540144,DRA,DRA CONSULTANTS LIMITED,BSE only,BSE Equity,,M,Active
1258,INE934C01018,Y,DRAGARWQ,526783,DRAGARWQ,Dr Agarwals Eye Hospital Limited,NSE+BSE,NSE Mainboard,EQ,B,Active
1259,INE03RS01027,Y,DRCSYSTEMS,543268,DRCSYSTEMS,DRC Systems India Limited,NSE+BSE,NSE Mainboard,EQ,B,Active
1260,INE0JS101016,Y,DREAMFOLKS,543591,DREAMFOLKS,Dreamfolks Services Limited,NSE+BSE,NSE Mainboard,EQ,B,Active
1261,INE506A01018,Y,DREDGECORP,523618,DREDGECORP,Dredging Corporation of India Limited,NSE+BSE,NSE Mainboard,EQ,B,Active
1262,INE193D01019,Y,,531553,DRL,DISHA RESOURCES LIMITED,BSE only,BSE Equity,,X,Active
1263,INE0MQD01015,Y,,543713,DRONACHRYA,Droneacharya Aerial Innovations Limited,BSE only,BSE Equity,,M,Active
1264,INE0P7201019,Y,DRONE,,,Drone Destination Limited,NSE only,NSE SME (Emerge),SM,,
1265,INE089A01031,Y,DRREDDY,500124,DRREDDY,Dr. Reddy's Laboratories Limited,NSE+BSE,NSE Mainboard,EQ,A,Active
1266,INE0QZM01018,Y,DRSCARGO,,,DRS Cargo Movers Limited,NSE only,NSE SME (Emerge),SM,,
1267,INE02CV01017,Y,DRSDILIP,,,DRS Dilip Roadlines Limited,NSE only,NSE SME (Emerge),SM,,
1268,INE0OFM01015,Y,DSFCL,544703,DSFCL,DCM Shriram Fine Chemicals Limited,NSE+BSE,NSE Mainboard,BE,T,Active
1269,INE422D01012,Y,,501148,DSINVEST,Dalal Street Investments Ltd.,BSE only,BSE Equity,,XT,Active
1270,INE891A01022,Y,DSKULKARNI,523890,DSKULKARNI,DS Kulkarni Developers Limited,NSE+BSE,NSE Mainboard,BE,T,Active
1271,INE417B01040,Y,DSSL,532365,DSSL,Dynacons Systems & Solutions Limited,NSE+BSE,NSE Mainboard,EQ,B,Active
1272,INE341R01014,Y,DTIL,538902,DTIL,Dhunseri Tea & Industries Limited,NSE+BSE,NSE Mainboard,EQ,B,Active
1273,INE0JRD01019,Y,DTL,,,Diensten Tech Limited,NSE only,NSE SME (Emerge),SM,,
1274,INE0LZO01015,Y,DUCOL,,,Ducol Organics And Colours Limited,NSE only,NSE SME (Emerge),SM,,
1275,INE741L01018,Y,DUCON,534674,DUCON,Ducon Infratechnologies Limited,NSE+BSE,NSE Mainboard,EQ,B,Active
1276,INE0HPK01020,Y,DUGLOBAL,,,DUDIGITAL GLOBAL LIMITED,NSE only,NSE SME (Emerge),SM,,
1277,INE397G01019,Y,,531471,DUKEOFS,Duke Offshore Ltd.,BSE only,BSE Equity,,XT,Active
1278,INE340F01011,Y,,504908,DUNCANENG,Duncan Engineering Limited,BSE only,BSE Equity,,X,Active
1279,INE0OUW01013,Y,DURLAX,,,Durlax Top Surface Limited,NSE only,NSE SME (Emerge),SM,,
1280,INE138B01018,Y,,526355,DUROPACK,Duropack Ltd,BSE only,BSE Equity,,X,Active
1281,INE932D01010,Y,,516003,DUROPLY,DUROPLY INDUSTRIES LIMITED,BSE only,BSE Equity,,X,Active
1282,INE940C01015,Y,,517437,DUTRON,Dutron  Polymers Ltd.,BSE only,BSE Equity,,X,Active
1283,INE477B01010,Y,DVL,523736,DVL,Dhunseri Ventures Limited,NSE+BSE,NSE Mainboard,EQ,B,Active
1284,INE366A01041,Y,DWARKESH,532610,DWARKESH,Dwarikesh Sugar Industries Limited,NSE+BSE,NSE Mainboard,EQ,B,Active
1285,INE600Y01019,Y,DYCL,540795,DYCL,Dynamic Cables Limited,NSE+BSE,NSE Mainboard,EQ,B,Active
1286,INE221B01012,Y,DYNAMATECH,505242,DYNAMATECH,Dynamatic Technologies Limited,NSE+BSE,NSE Mainboard,EQ,A,Active
1287,INE0DZ701010,Y,DYNAMIC,,,Dynamic Services & Security Limited,NSE only,NSE SME (Emerge),ST,,
1288,INE118C01018,Y,,530779,DYNAMICP,Dynamic Protfolio Management & Serv,BSE only,BSE Equity,,X,Active
1289,INE457C01010,Y,,524818,DYNAMIND,Dynamic Industries Ltd.,BSE only,BSE Equity,,X,Active
1290,INE083E01010,Y,,517238,DYNAVSN,Dynavision Limited,BSE only,BSE Equity,,X,Active
1291,INE256H01015,Y,DYNPRO,532707,DYNPRO,Dynemic Products Limited,NSE+BSE,NSE Mainboard,EQ,B,Active
1292,INE255Z01027,Y,E2E,544783,E2E,E2E Networks Limited,NSE+BSE,NSE Mainboard,BE,T,Active
1293,INE1CEJ01017,Y,E2ERAIL,,,E To E Transportation Infrastructure Limited,NSE only,NSE SME (Emerge),ST,,
1294,INE1A8F01035,Y,,544549,EARKART,EARKART LIMITED,BSE only,BSE Equity,,M,Active
1295,INE0O4V01010,Y,,543765,EARTH,Earthstahl & Alloys Limited,BSE only,BSE Equity,,M,Active
1296,INE07O001026,Y,EASEMYTRIP,543272,EASEMYTRIP,Easy Trip Planners Limited,NSE+BSE,NSE Mainboard,EQ,B,Active
1297,INE706N01017,Y,,507917,EASTBUILD,East Buildtech Limited,BSE only,BSE Equity,,XT,Active
1298,INE191C01023,Y,,523874,EASTINDIA,East India Drums and Barrels Manufacturing Limited,BSE only,BSE Equity,,XT,Active
1299,INE500D01015,Y,,531346,EASTRED,Eastern Treads Ltd.,BSE only,BSE Equity,,X,Active
1300,INE962C01035,Y,EASTSILK,590022,EASTSILK,Eastern Silk Industries Limited,NSE+BSE,NSE Mainboard,BE,T,Active
1301,INE595R01023,Y,,540006,EASTWEST,EAST WEST FREIGHT CARRIERS LTD,BSE only,BSE Equity,,X,Active
1302,INE771C01014,Y,,542906,EASUN,Easun Capital Markets Limited,BSE only,BSE Equity,,XT,Active
1303,INE407F01018,Y,,511074,EASYFIN,EASY FINCORP LIMITED,BSE only,BSE Equity,,Z,Active
1304,INE18JU01028,Y,EBGNG,544455,EBGNG,GNG Electronics Limited,NSE+BSE,NSE Mainboard,EQ,B,Active
1305,INE432F01032,Y,,531035,EBIX,EBIX LIMITED,BSE only,BSE Equity,,X,Active
1306,INE738I01010,Y,ECLERX,532927,ECLERX,eClerx Services Limited,NSE+BSE,NSE Mainboard,EQ,A,Active
1307,INE866A01016,Y,,523732,ECOBOAR,Ecoboard Industries Ltd,BSE only,BSE Equity,,X,Active
1308,INE360S01012,Y,,539455,ECOFINITY,ECOFINITY ATOMIX LIMITED,BSE only,BSE Equity,,X,Active
1309,INE638N01012,Y,,514402,ECOHOTELS,ECO HOTELS AND RESORTS LIMITED,BSE only,BSE Equity,,X,Active
1310,INE0VBS01016,Y,ECOLINE,,,Ecoline Exim Limited,NSE only,NSE SME (Emerge),ST,,
1311,INE423D01010,Y,,526703,ECOPLAST,Ecoplast Ltd.,BSE only,BSE Equity,,X,Active
1312,INE316A01038,Y,,530643,ECORECO,Eco Recycling Limited,BSE only,BSE Equity,,X,Active
1313,INE06HJ01020,Y,ECOSMOBLTY,544239,ECOSMOBLTY,Ecos (India) Mobility & Hospitality Limited,NSE+BSE,NSE Mainboard,BE,T,Active
1314,INE315F01013,Y,,520081,ECSTSTL,East Coast Steel Ltd,BSE only,BSE Equity,,P,Active
1315,INE532F01054,Y,EDELWEISS,532922,EDELWEISS,Edelweiss Financial Services Limited,NSE+BSE,NSE Mainboard,EQ,A,Active
1316,INE125G01014,Y,,517170,EDVENSWA,Edvenswa Enterprises Limited,BSE only,BSE Equity,,X,Active
1317,INE094R01019,Y,,501386,EENTER,E and E ENTERPRISES LIMITED,BSE only,BSE Equity,,XT,Active
1318,INE11HF01010,Y,EEPL,,,Eppeltone Engineers Limited,NSE only,NSE SME (Emerge),SM,,
1319,INE0KFF01017,Y,EFACTOR,,,E Factor Experiences Limited,NSE only,NSE SME (Emerge),SM,,
1320,INE886D01026,Y,EFCIL,512008,EFCIL,EFC (I) Limited,NSE+BSE,NSE Mainboard,EQ,B,Active
1321,INE0U9101019,Y,EFFWA,,,Effwa Infra & Research Limited,NSE only,NSE SME (Emerge),ST,,
1322,INE0Q1W01012,Y,EFORCE,,,Electro Force (India) Limited,NSE only,NSE SME (Emerge),SM,,
1323,INE355H01015,Y,,531190,EFORU,EFORU ENTERTAINMENT LIMITED,BSE only,BSE Equity,,X,Active
1324,INE066A01021,Y,EICHERMOT,505200,EICHERMOT,Eicher Motors Limited,NSE+BSE,NSE Mainboard,EQ,A,Active
1325,INE126A01031,Y,EIDPARRY,500125,EIDPARRY,EID Parry India Limited,NSE+BSE,NSE Mainboard,EQ,A,Active
1326,INE0LLY01014,Y,EIEL,544290,EIEL,Enviro Infra Engineers Limited,NSE+BSE,NSE Mainboard,EQ,B,Active
1327,INE546V01010,Y,EIFFL,,,Euro India Fresh Foods Limited,NSE only,NSE Mainboard,BE,,
1328,INE0KSN01014,Y,,543518,EIGHTY,Eighty Jewellers Limited,BSE only,BSE Equity,,MT,Active
1329,INE276C01014,Y,EIHAHOTELS,523127,EIHAHOTELS,EIH Associated Hotels Limited,NSE+BSE,NSE Mainboard,EQ,B,Active
1330,INE230A01023,Y,EIHOTEL,500840,EIHOTEL,EIH Limited,NSE+BSE,NSE Mainboard,EQ,A,Active
1331,INE666Q01016,Y,,540204,EIKO,EIKO LIFESCIENCES LIMITED,BSE only,BSE Equity,,X,Active
1332,INE158B01016,Y,EIMCOELECO,523708,EIMCOELECO,Eimco Elecon (India) Limited,NSE+BSE,NSE Mainboard,EQ,B,Active
1333,INE906L01025,Y,,530581,EKAMLEA,Ekam Leasing & Finance Co. Ltd.,BSE only,BSE Equity,,XT,Active
1334,INE005E01013,Y,,531364,EKANSH,Ekansh Concepts Limited,BSE only,BSE Equity,,X,Active
1335,INE184H01027,Y,EKC,532684,EKC,Everest Kanto Cylinder Limited,NSE+BSE,NSE Mainboard,EQ,B,Active
1336,INE0KCM01010,Y,,543475,EKENNIS,Ekennis Software Service Limited,BSE only,BSE Equity,,M,Active
1337,INE0CPR01018,Y,,543284,EKI,EKI Energy Services Limited,BSE only,BSE Equity,,B,Active
1338,INE311H01018,Y,,532820,ELAND,E-Land Apparel Limited,BSE only,BSE Equity,,X,Active
1339,INE594D01018,Y,,513452,ELANGO,Elango Industries Ltd,BSE only,BSE Equity,,XT,Active
1340,INE280B01018,Y,ELANTAS,500123,ELANTAS,Elantas Beck India Limited,NSE+BSE,NSE Mainboard,EQ,B,Active
1341,INE927X01018,Y,ELCIDIN,503681,ELCIDIN,EL CID Investments Limited,NSE+BSE,NSE Mainboard,EQ,B,Active
1342,INE668G01021,Y,ELDEHSG,523329,ELDEHSG,Eldeco Housing And Industries Limited,NSE+BSE,NSE Mainboard,EQ,B,Active
1343,INE205B01031,Y,ELECON,505700,ELECON,Elecon Engineering Company Limited,NSE+BSE,NSE Mainboard,EQ,A,Active
1344,INE086A01029,Y,ELECTCAST,500128,ELECTCAST,Electrosteel Castings Limited,NSE+BSE,NSE Mainboard,EQ,A,Active
1345,INE822G01016,Y,ELECTHERM,526608,ELECTHERM,Electrotherm (India) Limited,NSE+BSE,NSE Mainboard,EQ,B,Active
1346,INE152E01013,Y,,526473,ELEFLOR,Elegant Floriculture & Agrotech (In,BSE only,BSE Equity,,X,Active
1347,INE095B01010,Y,,526705,ELEMARB,Elegant Marbles & Grani Industries,BSE only,BSE Equity,,X,Active
1348,INE1FEW01013,Y,,544724,ELFIN,Elfin Agro India Limited,BSE only,BSE Equity,,MT,Active
1349,INE158F01017,Y,,531144,ELFORGE,El Forge Ltd.,BSE only,BSE Equity,,X,Active
1350,INE285A01027,Y,ELGIEQUIP,522074,ELGIEQUIP,Elgi Equipments Limited,NSE+BSE,NSE Mainboard,EQ,A,Active
1351,INE819L01012,Y,ELGIRUBCO,,,Elgi Rubber Company Limited,NSE only,NSE Mainboard,EQ,,
1352,INE0R9101015,Y,ELGNZ,,,Eleganz Interiors Limited,NSE only,NSE SME (Emerge),SM,,
1353,INE050401020,Y,ELIN,543725,ELIN,Elin Electronics Limited,NSE+BSE,NSE Mainboard,EQ,B,Active
1354,INE669R01026,Y,ELITECON,539533,ELITECON,Elitecon International Limited,NSE+BSE,NSE Mainboard,EQ,B,Active
1355,INE785D01012,Y,,531278,ELIXIR,Elixir Capital Limited,BSE only,BSE Equity,,X,Active
1356,INE236E01022,Y,ELLEN,544421,ELLEN,Ellenbarrie Industrial Gases Limited,NSE+BSE,NSE Mainboard,EQ,B,Active
1357,INE033C01019,Y,,517477,ELNET,Elnet Technologies Ltd.,BSE only,BSE Equity,,X,Active
1358,INE579B01039,Y,ELPROINTL,504000,ELPROINTL,Elpro International Limited,NSE+BSE,NSE Mainboard,EQ,B,Active
1359,INE279D01016,Y,,522027,EMAINDIA,Ema India Ltd.,BSE only,BSE Equity,,XT,Active
1360,INE548C01032,Y,EMAMILTD,531162,EMAMILTD,Emami Limited,NSE+BSE,NSE Mainboard,EQ,A,Active
1361,INE830C01026,Y,EMAMIPAP,533208,EMAMIPAP,Emami Paper Mills Limited,NSE+BSE,NSE Mainboard,BE,T,Active
1362,INE778K01012,Y,EMAMIREAL,533218,EMAMIREAL,Emami Realty Limited,NSE+BSE,NSE Mainboard,EQ,B,Active
1363,INE0ZOL01023,Y,EMAPARTNER,,,EMA Partners India Limited,NSE only,NSE SME (Emerge),SM,,
1364,INE069I01010,Y,EMBDL,532832,EMBDL,Embassy Developments Limited,NSE+BSE,NSE Mainboard,EQ,A,Active
1365,INE168P01015,Y,EMCURE,544210,EMCURE,Emcure Pharmaceuticals Limited,NSE+BSE,NSE Mainboard,EQ,A,Active
1366,INE030Q01015,Y,,538882,EMERALD,Emerald Finance Limited,BSE only,BSE Equity,,X,Active
1367,INE044N01021,Y,,507265,EMERALL,Emerald Leisures Limited,BSE only,BSE Equity,,X,Active
1368,INE668L01013,Y,,506180,EMERGENT,EMERGENT INDUSTRIAL SOLUTIONS LIMITED,BSE only,BSE Equity,,XT,Active
1369,INE1OSW01015,Y,,544747,EMIAC,EMIAC TECHNOLOGIES LIMITED,BSE only,BSE Equity,,M,Active
1370,INE02YR01019,Y,EMIL,543626,EMIL,Electronics Mart India Limited,NSE+BSE,NSE Mainboard,EQ,B,Active
1371,INE296H01011,Y,EMKAY,532737,EMKAY,Emkay Global Financial Services Limited,NSE+BSE,NSE Mainboard,EQ,B,Active
1372,INE332S01011,Y,EMKAYTOOLS,,,Emkay Taps and Cutting Tools Limited,NSE only,NSE SME (Emerge),SM,,
1373,INE753K01015,Y,EMMBI,533161,EMMBI,Emmbi Industries Limited,NSE+BSE,NSE Mainboard,BE,T,Active
1374,INE634B01016,Y,,524768,EMMESSA,Emmessar Biotech & Nutrition Ltd.,BSE only,BSE Equity,,X,Active
1375,INE0SDC01012,Y,,544166,EMMFORCE,EMMFORCE AUTOTECH LIMITED,BSE only,BSE Equity,,MT,Active
1376,INE0S1L01013,Y,EMMIL,,,Energy Mission Machineries (India) Limited,NSE only,NSE SME (Emerge),SM,,
1377,INE1C6T01020,Y,EMMVEE,544608,EMMVEE,Emmvee Photovoltaic Power Limited,NSE+BSE,NSE Mainboard,EQ,B,Active
1378,INE515H01014,Y,,509525,EMPIND,Empire Industries Ltd.,BSE only,BSE Equity,,X,Active
1379,INE507F01023,Y,EMPOWER,504351,EMPOWER,Empower India Limited,NSE+BSE,NSE Mainboard,BE,T,Active
1380,INE554H01021,Y,,531676,EMROCK,EMROCK CORPORATION LIMITED,BSE only,BSE Equity,,XT,Active
1381,INE0OV601013,Y,EMSLIMITED,543983,EMSLIMITED,EMS Limited,NSE+BSE,NSE Mainboard,EQ,B,Active
1382,INE01QM01018,Y,EMUDHRA,543533,EMUDHRA,eMudhra Limited,NSE+BSE,NSE Mainboard,EQ,B,Active
1383,INE993I01029,Y,,512441,ENBETRD,Enbee Trade & Finance Ltd.,BSE only,BSE Equity,,X,Active
1384,INE900O01014,Y,,530733,ENCODE,ENCODE PACKAGING INDIA LIMITED,BSE only,BSE Equity,,X,Active
1385,INE433T01015,Y,ENCOMPAS,,,Encompass Design India Limited,NSE only,NSE SME (Emerge),SM,,
1386,INE913H01037,Y,ENDURANCE,540153,ENDURANCE,Endurance Technologies Limited,NSE+BSE,NSE Mainboard,EQ,A,Active
1387,INE306C01019,Y,ENERGYDEV,532219,ENERGYDEV,Energy Development Company Limited,NSE+BSE,NSE Mainboard,EQ,B,Active
1388,INE0S3X01014,Y,ENFUSE,,,Enfuse Solutions Limited,NSE only,NSE SME (Emerge),SM,,
1389,INE510A01028,Y,ENGINERSIN,532178,ENGINERSIN,Engineers India Limited,NSE+BSE,NSE Mainboard,EQ,A,Active
1390,INE265F01028,Y,ENIL,532700,ENIL,Entertainment Network (India) Limited,NSE+BSE,NSE Mainboard,EQ,B,Active
1391,INE130L01014,Y,,533477,ENKEIWHEL,Enkei wheels (India) Limited,BSE only,BSE Equity,,X,Active
1392,INE1NPP01017,Y,ENRIN,544390,ENRIN,Siemens Energy India Limited,NSE+BSE,NSE Mainboard,EQ,A,Active
1393,INE0R9I01021,Y,ENSER,,,Enser Communications Limited,NSE only,NSE SME (Emerge),SM,,
1394,INE010601016,Y,ENTERO,544122,ENTERO,Entero Healthcare Solutions Limited,NSE+BSE,NSE Mainboard,EQ,B,Active
1395,INE439G01019,Y,,526574,ENTRINT,Enterprise International Limited,BSE only,BSE Equity,,X,Active
1396,INE601C01013,Y,,500246,ENVAIREL,Envair Electrodyne Ltd.,BSE only,BSE Equity,,XT,Active
1397,INE0SUH01015,Y,ENVIRO,,,Envirotech Systems Limited,NSE only,NSE SME (Emerge),SM,,
1398,INE0G5901015,Y,EPACK,544095,EPACK,EPACK Durable Limited,NSE+BSE,NSE Mainboard,EQ,B,Active
1399,INE0MLS01022,Y,EPACKPEB,544540,EPACKPEB,EPack Prefab Technologies Limited,NSE+BSE,NSE Mainboard,EQ,B,Active
1400,INE0D2I01014,Y,,543595,EPBIO,EP BIOCOMPOSITES LIMITED,BSE only,BSE Equity,,M,Active
1401,INE932F01015,Y,,530407,EPIC,EPIC Energy Ltd.,BSE only,BSE Equity,,X,Active
1402,INE071N01016,Y,EPIGRAL,543332,EPIGRAL,Epigral Limited,NSE+BSE,NSE Mainboard,EQ,B,Active
1403,INE255A01020,Y,EPL,500135,EPL,EPL Limited,NSE+BSE,NSE Mainboard,EQ,A,Active
1404,INE601F01016,Y,,531155,EPSOMPRO,Epsom Properties Limited,BSE only,BSE Equity,,XT,Active
1405,INE807D01030,Y,,532092,EPUJA,EPUJA SPIRITECH LIMITED,BSE only,BSE Equity,,X,Active
1406,INE1KEC01023,Y,EPWINDIA,,,EPW India Limited,NSE only,NSE SME (Emerge),ST,,
1407,INE060N01019,Y,,531262,EQUILATERA,EQUILATERAL ENTERPRISES LIMITED,BSE only,BSE Equity,,X,Active
1408,INE217G01035,Y,EQUIPPP,590057,EQUIPPP,Equippp Social Impact Technologies Limited,NSE+BSE,NSE Mainboard,BE,T,Active
1409,INE063P01018,Y,EQUITASBNK,543243,EQUITASBNK,Equitas Small Finance Bank Limited,NSE+BSE,NSE Mainboard,EQ,A,Active
1410,INE406M01024,Y,ERIS,540596,ERIS,Eris Lifesciences Limited,NSE+BSE,NSE Mainboard,EQ,A,Active
1411,INE308B01017,Y,,530909,ERPSOFT,ERP Soft Systems Ltd.,BSE only,BSE Equity,,X,Active
1412,INE284A01012,Y,ESABINDIA,500133,ESABINDIA,Esab India Limited,NSE+BSE,NSE Mainboard,EQ,B,Active
1413,INE818W01011,Y,ESAFSFB,544020,ESAFSFB,ESAF Small Finance Bank Limited,NSE+BSE,NSE Mainboard,BE,T,Active
1414,INE404L01039,Y,,531502,ESARIND,Esaar (India) Ltd.,BSE only,BSE Equity,,X,Active
1415,INE0RQZ01017,Y,ESCONET,,,Esconet Technologies Limited,NSE only,NSE SME (Emerge),SM,,
1416,INE953W01016,Y,,540455,ESCORP,Escorp Asset Management Limited,BSE only,BSE Equity,,B,Active
1417,INE042A01014,Y,ESCORTS,500495,ESCORTS,Escorts Kubota Limited,NSE+BSE,NSE Mainboard,EQ,A,Active
1418,INE0ITO01014,Y,ESFL,,,Essen Speciality Films Limited,NSE only,NSE SME (Emerge),SM,,
1419,INE328F01016,Y,,531259,ESHAMEDIA,Esha Media Research Limited,BSE only,BSE Equity,,XT,Active
1420,INE176O01011,Y,,532016,ESPIRE,ESPIRE HOSPITALITY LIMITED,BSE only,BSE Equity,,X,Active
1421,INE0SBP01018,Y,ESPRIT,,,Esprit Stones Limited,NSE only,NSE SME (Emerge),SM,,
1422,INE0HMN01013,Y,,512439,ESQRMON,Esquire Money Guarantees Ltd,BSE only,BSE Equity,,XT,Active
1423,INE122M01019,Y,ESSARSHPNG,533704,ESSARSHPNG,Essar Shipping Limited,NSE+BSE,NSE Mainboard,EQ,B,Active
1424,INE418N01035,Y,ESSENTIA,535958,ESSENTIA,Integra Essentia Limited,NSE+BSE,NSE Mainboard,EQ,B,Active
1425,INE1IBY01019,Y,,544475,ESSEX,ESSEX MARINE LIMITED,BSE only,BSE Equity,,M,Active
1426,INE778B01029,Y,ESTER,500136,ESTER,Ester Industries Limited,NSE+BSE,NSE Mainboard,EQ,B,Active
1427,INE758T01015,Y,ETERNAL,543320,ETERNAL,ETERNAL LIMITED,NSE+BSE,NSE Mainboard,EQ,A,Active
1428,INE04TZ01018,Y,ETHOSLTD,543532,ETHOSLTD,Ethos Limited,NSE+BSE,NSE Mainboard,EQ,A,Active
1429,INE937K01014,Y,,538708,ETIL,Econo Trade (India) Limited,BSE only,BSE Equity,,X,Active
1430,INE0PXC01024,Y,ETL,,,Emkay Tools Limited,NSE only,NSE SME (Emerge),SM,,
1431,INE0RHD01013,Y,ETML,,,Emerald Tyre Manufacturers Limited,NSE only,NSE SME (Emerge),SM,,
1432,INE0PYT01018,Y,,544094,EUPHORIAIT,Euphoria Infotech (India) Limited,BSE only,BSE Equity,,M,Active
1433,INE0KCE01017,Y,EUREKAFORB,543482,EUREKAFORB,Eureka Forbes Limited,NSE+BSE,NSE Mainboard,EQ,A,Active
1434,INE958A01011,Y,,521137,EUREKAI,Eureka Industries Ltd.,BSE only,BSE Equity,,XT,Active
1435,INE505V01016,Y,EUROBOND,544461,EUROBOND,Euro Panel Products Limited,NSE+BSE,NSE Mainboard,EQ,B,Active
1436,INE940E01011,Y,,526468,EUROLED,Euro Leder Fashion Ltd.,BSE only,BSE Equity,,XT,Active
1437,INE198501012,Y,EUROPRATIK,544519,EUROPRATIK,Euro Pratik Sales Limited,NSE+BSE,NSE Mainboard,EQ,B,Active
1438,INE022C01012,Y,EUROTEXIND,521014,EUROTEXIND,Eurotex Industries and Exports Limited,NSE+BSE,NSE Mainboard,BE,T,Active
1439,INE06TD01010,Y,,542668,EVANS,EVANS ELECTRIC LIMITED,BSE only,BSE Equity,,M,Active
1440,INE128A01029,Y,EVEREADY,531508,EVEREADY,Eveready Industries India Limited,NSE+BSE,NSE Mainboard,EQ,B,Active
1441,INE295A01018,Y,EVERESTIND,508906,EVERESTIND,Everest Industries Limited,NSE+BSE,NSE Mainboard,BE,T,Active
1442,INE334C01029,Y,,524790,EVERESTO,Everest Organics Ltd.,BSE only,BSE Equity,,X,Active
1443,INE339D01034,Y,,514358,EVERFIN,EVERLON FINANCIALS LIMITED,BSE only,BSE Equity,,X,Active
1444,INE313M01030,Y,,524444,EVEXIA,EVEXIA LIFECARE LIMITED,BSE only,BSE Equity,,XT,Active
1445,INE0JVD01011,Y,,543500,EVOQ,Evoq Remedies Limited,BSE only,BSE Equity,,MT,Active
1446,INE1E4401010,Y,,544626,EXATO,EXATO TECHNOLOGIES LIMITED,BSE only,BSE Equity,,MT,Active
1447,INE369A01029,Y,EXCELINDUS,500650,EXCELINDUS,Excel Industries Limited,NSE+BSE,NSE Mainboard,EQ,B,Active
1448,INE0Y4801011,Y,EXCELLENT,,,Excellent Wires and Packaging Limited,NSE only,NSE SME (Emerge),ST,,
1449,INE606N01019,Y,EXCELSOFT,544617,EXCELSOFT,Excelsoft Technologies Limited,NSE+BSE,NSE Mainboard,EQ,B,Active
1450,INE0O8901016,Y,,543895,EXHICON,Exhicon Events Media Solutions Limited,BSE only,BSE Equity,,M,Active
1451,INE777F01014,Y,EXICOM,544133,EXICOM,Exicom Tele-Systems Limited,NSE+BSE,NSE Mainboard,EQ,B,Active
1452,INE302A01020,Y,EXIDEIND,500086,EXIDEIND,Exide Industries Limited,NSE+BSE,NSE Mainboard,EQ,A,Active
1453,INE19I001020,Y,EXIMROUTES,,,Exim Routes Limited,NSE only,NSE SME (Emerge),SM,,
1454,INE201K01015,Y,EXPLEOSOL,533121,EXPLEOSOL,Expleo Solutions Limited,NSE+BSE,NSE Mainboard,EQ,B,Active
1455,INE335G01019,Y,,530571,EXPLICITFIN,Explicit Finance Limited,BSE only,BSE Equity,,X,Active
1456,INE561D01025,Y,,526614,EXPOEAPL,EXPO ENGINEERING AND PROJECTS LIMITED,BSE only,BSE Equity,,X,Active
1457,INE0GFE01026,Y,EXXARO,543327,EXXARO,Exxaro Tiles Limited,NSE+BSE,NSE Mainboard,EQ,B,Active
1458,INE750G01019,Y,,512099,EY,EYANTRA VENTURES LIMITED,BSE only,BSE Equity,,XT,Active
1459,INE0Q9W01015,Y,,544164,FAALCON,Faalcon Concepts Limited,BSE only,BSE Equity,,MT,Active
1460,INE0HSD01011,Y,,544332,FABCLEAN,FABTECH TECHNOLOGIES CLEANROOMS LIMITED,BSE only,BSE Equity,,MT,Active
1461,INE0DRT01018,Y,,543444,FABINO,FABINO ENTERPRISES LIMITED,BSE only,BSE Equity,,MT,Active
1462,INE0HF201011,Y,FABTECH,544558,FABTECH,Fabtech Technologies Limited,NSE+BSE,NSE Mainboard,EQ,B,Active
1463,INE828G01013,Y,,532656,FACORALL,FACOR Alloys Limited,BSE only,BSE Equity,,XT,Active
1464,INE188A01015,Y,FACT,590024,FACT,Fertilizers and Chemicals Travancore Limited,NSE+BSE,NSE Mainboard,EQ,B,Active
1465,INE0DNW01011,Y,FAIRCHEMOR,543252,FAIRCHEMOR,Fairchem Organics Limited,NSE+BSE,NSE Mainboard,BE,T,Active
1466,INE0PQK01013,Y,FALCONTECH,,,Falcon Technoprojects India Limited,NSE only,NSE SME (Emerge),SM,,
1467,INE146N01016,Y,,516110,FAMILYCARE,FAMILY CARE HOSPITALS LIMITED,BSE only,BSE Equity,,X,Active
1468,INE963C01033,Y,FAZE3Q,530079,FAZE3Q,Faze Three Limited,NSE+BSE,NSE Mainboard,EQ,B,Active
1469,INE045J01034,Y,FCL,533333,FCL,Fineotex Chemical Limited,NSE+BSE,NSE Mainboard,EQ,B,Active
1470,INE512B01022,Y,FCSSOFT,532666,FCSSOFT,FCS Software Solutions Limited,NSE+BSE,NSE Mainboard,EQ,B,Active
1471,INE258B01022,Y,FDC,531599,FDC,FDC Limited,NSE+BSE,NSE Mainboard,EQ,B,Active
1472,INE417D01020,Y,FEDDERSHOL,511628,FEDDERSHOL,Fedders Holding Limited,NSE+BSE,NSE Mainboard,EQ,B,Active
1473,INE171A01029,Y,FEDERALBNK,500469,FEDERALBNK,The Federal Bank  Limited,NSE+BSE,NSE Mainboard,EQ,A,Active
1474,INE007N01010,Y,FEDFINA,544027,FEDFINA,Fedbank Financial Services Limited,NSE+BSE,NSE Mainboard,EQ,B,Active
1475,INE623B01027,Y,FEL,523574,FEL,Future Enterprises Limited,NSE+BSE,NSE Mainboard,BZ,Z,Active
1476,IN9623B01058,Y,FELDVR,570002,FELDVR,Future Enterprises Limited,NSE+BSE,NSE Mainboard,BZ,Z,Active
1477,INE901X01013,Y,FELIX,,,Felix Industries Limited,NSE only,NSE SME (Emerge),SM,,
1478,INE225B01021,Y,FERMENTA,506414,FERMENTA,Fermenta Biotech Limited,NSE+BSE,NSE Mainboard,EQ,B,Active
1479,INE258M01011,Y,,533896,FERVENTSYN,Fervent Synergies Limited,BSE only,BSE Equity,,X,Active
1480,INE617C01027,Y,,513579,FFPL,Foundry Fuel Products Ltd.,BSE only,BSE Equity,,Z,Active
1481,INE512A01016,Y,,500142,FGP,FGP Ltd,BSE only,BSE Equity,,X,Active
1482,INE296C01020,Y,FIBERWEB,507910,FIBERWEB,Fiberweb (India) Limited,NSE+BSE,NSE Mainboard,EQ,B,Active
1483,INE0LQQ01019,Y,FIDEL,,,Fidel Softech Limited,NSE only,NSE SME (Emerge),SM,,
1484,INE737H01014,Y,FIEMIND,532768,FIEMIND,Fiem Industries Limited,NSE+BSE,NSE Mainboard,EQ,B,Active
1485,INE1W3Q01011,Y,,544707,FIL,Fractal Industries Limited,BSE only,BSE Equity,,M,Active
1486,INE816B01035,Y,FILATEX,526227,FILATEX,Filatex India Limited,NSE+BSE,NSE Mainboard,EQ,B,Active
1487,INE185E01021,Y,FILATFASH,532022,FILATFASH,Filatex Fashions Limited,NSE+BSE,NSE Mainboard,EQ,B,Active
1488,INE600B01033,Y,,531486,FILME,Filmcity Media Ltd.,BSE only,BSE Equity,,X,Active
1489,INE541R01019,Y,,539098,FILTRA,Filtra Consultants and Engineers Limited,BSE only,BSE Equity,,M,Active
1490,INE589N01017,Y,,531191,FILTRON,Filtron Engineers Ltd.,BSE only,BSE Equity,,XT,Active
1491,INE0EDU01014,Y,FINBUD,,,Finbud Financial Services Limited,NSE only,NSE SME (Emerge),SM,,
1492,INE235A01022,Y,FINCABLES,500144,FINCABLES,Finolex Cables Limited,NSE+BSE,NSE Mainboard,EQ,A,Active
1493,INE087E01011,Y,,517264,FINELINE,Fine-line Circuits Ltd.,BSE only,BSE Equity,,X,Active
1494,INE686Y01026,Y,FINEORG,541557,FINEORG,Fine Organic Industries Limited,NSE+BSE,NSE Mainboard,EQ,A,Active
1495,INE734I01027,Y,FINKURVE,508954,FINKURVE,Finkurve Financial Services Limited,NSE+BSE,NSE Mainboard,EQ,B,Active
1496,INE02NC01014,Y,FINOPB,543386,FINOPB,Fino Payments Bank Limited,NSE+BSE,NSE Mainboard,EQ,B,Active
1497,INE183A01024,Y,FINPIPE,500940,FINPIPE,Finolex Industries Limited,NSE+BSE,NSE Mainboard,EQ,A,Active
1498,INE02RE01045,Y,FIRSTCRY,544226,FIRSTCRY,Brainbees Solutions Limited,NSE+BSE,NSE Mainboard,EQ,A,Active
1499,INE683B01047,Y,,532379,FIRSTFIN,FIRST FINTEC LIMITED,BSE only,BSE Equity,,X,Active
1500,INE771F01041,Y,FISCHER,524743,FISCHER,Fischer Medical Ventures Limited,NSE+BSE,NSE Mainboard,EQ,B,Active
1501,INE128S01021,Y,FIVESTAR,543663,FIVESTAR,Five-Star Business Finance Limited,NSE+BSE,NSE Mainboard,EQ,A,Active
1502,INE00Y201027,Y,FLAIR,544030,FLAIR,Flair Writing Industries Limited,NSE+BSE,NSE Mainboard,EQ,B,Active
1503,INE954B01018,Y,,523672,FLEXFO,Flex Foods Ltd.,BSE only,BSE Equity,,X,Active
1504,INE060J01017,Y,FLEXITUFF,533638,FLEXITUFF,Flexituff Ventures International Limited,NSE+BSE,NSE Mainboard,BE,T,Active
1505,INE452O01016,Y,FLFL,536507,FLFL,Future Lifestyle Fashions Limited,NSE+BSE,NSE Mainboard,BZ,Z,Active
1506,INE952M01019,Y,,504380,FLOMIC,FLOMIC GLOBAL LOGISTICS LIMITED,BSE only,BSE Equity,,X,Active
1507,INE318U01016,Y,,540267,FLORACORP,Flora Corporation Limited,BSE only,BSE Equity,,X,Active
1508,INE459C01016,Y,,522017,FLUIDOM,Fluidomat Ltd.,BSE only,BSE Equity,,X,Active
1509,INE09N301011,Y,FLUOROCHEM,542812,FLUOROCHEM,Gujarat Fluorochemicals Limited,NSE+BSE,NSE Mainboard,EQ,A,Active
1510,INE0VCK01011,Y,FLYSBS,,,FlySBS Aviation Limited,NSE only,NSE SME (Emerge),SM,,
1511,INE108T01021,Y,,539552,FMEC,F MEC INTERNATIONAL FINANCIAL SERVICES LIMITED,BSE only,BSE Equity,,XT,Active
1512,INE529A01010,Y,FMGOETZE,505744,FMGOETZE,Federal-Mogul Goetze (India) Limited.,NSE+BSE,NSE Mainboard,EQ,B,Active
1513,INE360L01017,Y,FMNL,533296,FMNL,Future Market Networks Limited,NSE+BSE,NSE Mainboard,BE,T,Active
1514,INE0I7D01019,Y,FOCE,,,Foce India Limited,NSE only,NSE SME (Emerge),SM,,
1515,INE593W01028,Y,FOCUS,,,Focus Lighting and Fixtures Limited,NSE only,NSE Mainboard,BE,,
1516,INE0DXR01010,Y,,543312,FOCUS,Focus Business Solution Limited,BSE only,BSE Equity,,M,Active
1517,INE0L3H01014,Y,,543521,FONE4,Fone4 Communications (India) Limited,BSE only,BSE Equity,,M,Active
1518,INE0Q4701019,Y,FONEBOX,,,Fonebox Retail Limited,NSE only,NSE SME (Emerge),SM,,
1519,INE976E01023,Y,FOODSIN,507552,FOODSIN,Foods & Inns Limited,NSE+BSE,NSE Mainboard,EQ,B,Active
1520,INE518A01013,Y,,502865,FORBESCO,Forbes & Company Ltd,BSE only,BSE Equity,,X,Active
1521,INE0U2501017,Y,FORCAS,,,Forcas Studio Limited,NSE only,NSE SME (Emerge),ST,,
1522,INE451A01017,Y,FORCEMOT,500033,FORCEMOT,FORCE MOTORS LTD,NSE+BSE,NSE Mainboard,EQ,A,Active
1523,INE0YKW01013,Y,FORGEAUTO,,,Forge Auto International Limited,NSE only,NSE SME (Emerge),SM,,
1524,INE501D01013,Y,,530213,FORINTL,Fortune International Ltd.,BSE only,BSE Equity,,X,Active
1525,INE061F01013,Y,FORTIS,532843,FORTIS,Fortis Healthcare Limited,NSE+BSE,NSE Mainboard,EQ,A,Active
1526,INE842B01015,Y,,523696,FORTISMLR,Fortis Malar Hospitals Limited,BSE only,BSE Equity,,X,Active
1527,INE599F01020,Y,,523160,FOSECOC,FOSECO CRUCIBLE INDIA LIMITED,BSE only,BSE Equity,,X,Active
1528,INE519A01011,Y,FOSECOIND,500150,FOSECOIND,Foseco India Limited,NSE+BSE,NSE Mainboard,EQ,B,Active
1529,INE212S01015,Y,FRACTAL,544700,FRACTAL,Fractal Analytics Limited,NSE+BSE,NSE Mainboard,EQ,B,Active
1530,INE399S01010,Y,,539839,FRANKLIN,Franklin Leasing and Finance Limited,BSE only,BSE Equity,,M,Active
1531,INE789R01022,Y,,540190,FRANKLININD,Franklin Industries Limited,BSE only,BSE Equity,,X,Active
1532,INE184Q01010,Y,,539032,FRASER,Fraser And Company Limited,BSE only,BSE Equity,,X,Active
1533,INE401Z01019,Y,,541741,FRATELLI,Fratelli Vineyards Limited,BSE only,BSE Equity,,X,Active
1534,INE194R01017,Y,,539730,FREDUN,Fredun Pharmaceuticals Limited,BSE only,BSE Equity,,X,Active
1535,INE0SFW01015,Y,FRESHARA,,,Freshara Agro Exports Limited,NSE only,NSE SME (Emerge),ST,,
1536,INE385O01018,Y,FROG,,,Frog Innovations Limited,NSE only,NSE SME (Emerge),ST,,
1537,INE977E01013,Y,,508980,FRONTCAP,Frontier Capital Limited,BSE only,BSE Equity,,X,Active
1538,INE092D01013,Y,,532042,FRONTCORP,Frontline Corporation Limited,BSE only,BSE Equity,,X,Active
1539,INE776R01011,Y,,531685,FRONTFN,Frontline Financial Services Ltd.,BSE only,BSE Equity,,XT,Active
1540,INE572D01014,Y,FRONTSP,522195,FRONTSP,Frontier Springs Limited,NSE+BSE,NSE Mainboard,EQ,B,Active
1541,INE836C01015,Y,,538568,FRUTION,Fruition Venture Limited,BSE only,BSE Equity,,XT,Active
1542,INE684F01012,Y,FSL,532809,FSL,Firstsource Solutions Limited,NSE+BSE,NSE Mainboard,EQ,A,Active
1543,INE0QOQ01013,Y,,544173,FTL,Finelistings Technologies Limited,BSE only,BSE Equity,,M,Active
1544,INE365H01014,Y,,530197,FUNDVISER,FUNDVISER CAPITAL (INDIA) LIMITED,BSE only,BSE Equity,,XT,Active
1545,INE139R01012,Y,FUSION,543652,FUSION,Fusion Finance Limited,NSE+BSE,NSE Mainboard,EQ,B,Active
1546,INE241F01011,Y,,534063,FUTSOL,Futuristic Solutions Ltd.,BSE only,BSE Equity,,X,Active
1547,INE425D01015,Y,,523113,FUTURSEC,Futuristic Securities Ltd,BSE only,BSE Equity,,X,Active
1548,INE0SQZ01015,Y,FWSTC,,,Flywings Simulator Training Centre Limited,NSE only,NSE SME (Emerge),SM,,
1549,INE455H01021,Y,,507962,FYNX,FYNX CAPITAL LIMITED,BSE only,BSE Equity,,X,Active
1550,INE524A01029,Y,GABRIEL,505714,GABRIEL,Gabriel India Limited,NSE+BSE,NSE Mainboard,EQ,A,Active
1551,INE036B01030,Y,GAEL,524226,GAEL,Gujarat Ambuja Exports Limited,NSE+BSE,NSE Mainboard,EQ,B,Active
1552,INE076D01016,Y,,524624,GAGAN,Gagan Gases Ltd.,BSE only,BSE Equity,,XT,Active
1553,INE129A01019,Y,GAIL,532155,GAIL,GAIL (India) Limited,NSE+BSE,NSE Mainboard,EQ,A,Active
1554,INE0QTE01018,Y,GAJANAND,,,Gajanand International Limited,NSE only,NSE SME (Emerge),SM,,
1555,INE868G01019,Y,,538609,GAJANANSEC,Gajanan Securities Services Ltd.,BSE only,BSE Equity,,X,Active
1556,INE906Y01028,Y,,542802,GALACTICO,Galactico Corporate Services Limited,BSE only,BSE Equity,,B,Active
1557,INE255C01026,Y,,504697,GALADA,Galada Power & Communication Ltd.,BSE only,BSE Equity,,XT,Active
1558,INE243E01010,Y,,538881,GALADAFIN,Galada Finance Limited,BSE only,BSE Equity,,XT,Active
1559,INE803L01016,Y,,531911,GALAGEX,Galaxy Agrico Exports Ltd.,BSE only,BSE Equity,,X,Active
1560,INE0RE001014,Y,GALAPREC,544244,GALAPREC,Gala Precision Engineering Limited,NSE+BSE,NSE Mainboard,EQ,B,Active
1561,INE600K01018,Y,GALAXYSURF,540935,GALAXYSURF,Galaxy Surfactants Limited,NSE+BSE,NSE Mainboard,EQ,B,Active
1562,INE297H01019,Y,GALLANTT,532726,GALLANTT,Gallantt Ispat Limited,NSE+BSE,NSE Mainboard,EQ,A,Active
1563,INE0BUQ01012,Y,,544616,GALLARD,Gallard Steel Limited,BSE only,BSE Equity,,M,Active
1564,INE755J01012,Y,,531902,GALLOPENT,Gallops Enterprise  Limited,BSE only,BSE Equity,,XT,Active
1565,INE020S01012,Y,,526073,GALXBRG,Galaxy Bearings Ltd.,BSE only,BSE Equity,,XT,Active
1566,INE890S01026,Y,,540097,GAMCO,GAMCO LIMITED,BSE only,BSE Equity,,X,Active
1567,INE717W01049,Y,GANDHAR,544029,GANDHAR,Gandhar Oil Refinery (India) Limited,NSE+BSE,NSE Mainboard,EQ,B,Active
1568,INE524B01027,Y,GANDHITUBE,513108,GANDHITUBE,Gandhi Special Tubes Limited,NSE+BSE,NSE Mainboard,EQ,B,Active
1569,INE845D01014,Y,GANECOS,514167,GANECOS,Ganesha Ecosphere Limited,NSE+BSE,NSE Mainboard,EQ,B,Active
1570,INE388A01029,Y,GANESHBE,500153,GANESHBE,Ganesh Benzoplast Limited,NSE+BSE,NSE Mainboard,BE,T,Active
1571,INE652V01016,Y,GANESHCP,544528,GANESHCP,Ganesh Consumer Products Limited,NSE+BSE,NSE Mainboard,EQ,B,Active
1572,INE460C01014,Y,GANESHHOU,526367,GANESHHOU,GANESH HOUSING LIMITED,NSE+BSE,NSE Mainboard,EQ,B,Active
1573,INE0TVT01024,Y,GANESHIN,,,Ganesh Infraworld Limited,NSE only,NSE SME (Emerge),ST,,
1574,INE0ZI101018,Y,GANGABATH,,,Ganga Bath Fittings Limited,NSE only,NSE SME (Emerge),SM,,
1575,INE691Z01023,Y,GANGAFORGE,,,Ganga Forging Limited,NSE only,NSE Mainboard,EQ,,
1576,INE278O01015,Y,,531813,GANGAPA,Ganga Papers India Ltd,BSE only,BSE Equity,,XT,Active
1577,INE615T01017,Y,,539680,GANGAPHARM,Ganga Pharmaceuticals Limited,BSE only,BSE Equity,,M,Active
1578,INE335W01016,Y,GANGESSECU,540647,GANGESSECU,Ganges Securities Limited,NSE+BSE,NSE Mainboard,EQ,B,Active
1579,INE932M01011,Y,,504397,GANHOLD,Ganesh Holding Ltd.,BSE only,BSE Equity,,XT,Active
1580,INE162L01017,Y,,512443,GANONPRO,Ganon Products Limited,BSE only,BSE Equity,,X,Active
1581,INE369Q01017,Y,,539041,GANVERSE,GANESHA ECOVERSE LIMITED,BSE only,BSE Equity,,MT,Active
1582,INE721C01019,Y,,539492,GARBIFIN,Garbi Finvest Limited,BSE only,BSE Equity,,X,Active
1583,INE276A01018,Y,GARFIBRES,509557,GARFIBRES,Garware Technical Fibres Limited,NSE+BSE,NSE Mainboard,EQ,A,Active
1584,INE194E01015,Y,,530615,GARGFUR,Garg Furnace Ltd.,BSE only,BSE Equity,,X,Active
1585,INE0NT601018,Y,,543709,GARGI,PNGS GARGI FASHION JEWELLERY LIMITED,BSE only,BSE Equity,,M,Active
1586,INE653S01028,Y,,539216,GARMNTMNTR,GARMENT MANTRA LIFESTYLE LIMITED,BSE only,BSE Equity,,X,Active
1587,INE797D01017,Y,,526727,GARNET,Garnet Construction Ltd.,BSE only,BSE Equity,,X,Active
1588,INE590B01010,Y,,512493,GARNETINT,Garnet International Limited,BSE only,BSE Equity,,X,Active
1589,INE0JVO01026,Y,GARUDA,544271,GARUDA,Garuda Construction and Engineering Limited,NSE+BSE,NSE Mainboard,EQ,B,Active
1590,INE925D01014,Y,,509563,GARWAMAR,Garware Marine Industries Ltd.,BSE only,BSE Equity,,X,Active
1591,INE446C01013,Y,,501848,GARWAOFFS,GARWARE OFFSHORE SERVICES LIMITED,BSE only,BSE Equity,,X,Active
1592,INE340D01016,Y,,514400,GARWSYN,Garware Synthetics Ltd.,BSE only,BSE Equity,,X,Active
1593,INE224E01028,Y,GATECH,531723,GATECH,GACM Technologies Limited,NSE+BSE,NSE Mainboard,BE,T,Active
1594,INE224E01036,Y,GATECHDVR,570005,GATECHDVR,GACM Technologies Limited,NSE+BSE,NSE Mainboard,BE,T,Active
1595,INE079J01017,Y,GATEWAY,543489,GATEWAY,Gateway Distriparks Limited,NSE+BSE,NSE Mainboard,EQ,B,Active
1596,INE0P8B01020,Y,GAUDIUMIVF,544709,GAUDIUMIVF,Gaudium IVF and Women Health Limited,NSE+BSE,NSE Mainboard,BE,T,Active
1597,INE287Z01012,Y,GAYAHWS,541546,GAYAHWS,Gayatri Highways Limited,NSE+BSE,NSE Mainboard,EQ,B,Active
1598,INE336H01023,Y,GAYAPROJ,532767,GAYAPROJ,Gayatri Projects Limited,NSE+BSE,NSE Mainboard,BE,T,Active
1599,INE622E01023,Y,,532183,GAYATRI,Gayatri Sugars Ltd.,BSE only,BSE Equity,,X,Active
1600,INE052E01015,Y,,524564,GAYATRIBI,Gayatri BioOrganics Ltd,BSE only,BSE Equity,,X,Active
1601,INE997C01015,Y,,538787,GBFL,Goenka Business & Finance Limited,BSE only,BSE Equity,,X,Active
1602,INE377M01043,Y,,531463,GBLINFRA,Global Infratech & Finance limited,BSE only,BSE Equity,,XT,Active
1603,INE0RWU01016,Y,,544348,GBLOGISTIC,GB Logistics Commerce Limited,BSE only,BSE Equity,,M,Active
1604,INE12E301017,Y,GCHOTELS,,,Grand Continent Hotels Limited,NSE only,NSE SME (Emerge),ST,,
1605,INE191P01017,Y,,538319,GCMCAPI,GCM Capital Advisors Limited,BSE only,BSE Equity,,MT,Active
1606,INE200P01016,Y,,535917,GCMCOMM,GCM Commodity & Derivatives Limited,BSE only,BSE Equity,,M,Active
1607,INE168O01026,Y,,535431,GCMSECU,GCM Securities Limited,BSE only,BSE Equity,,B,Active
1608,INE0QHY01011,Y,,544156,GCONNECT,Gconnect Logitech and Supply Chain Limited,BSE only,BSE Equity,,M,Active
1609,INE199P01028,Y,GCSL,543324,GCSL,Gretex Corporate Services Limited,NSE+BSE,NSE Mainboard,EQ,B,Active
1610,INE425H01016,Y,,512091,GDIL,GLOBAL DEFENCE INDUSTRIES LIMITED,BSE only,BSE Equity,,XT,Active
1611,INE545E01018,Y,,530855,GDLLEAS,GDL Leasing & Finance ltd.,BSE only,BSE Equity,,XT,Active
1612,INE064H01021,Y,,504028,GEE,GEE Ltd.,BSE only,BSE Equity,,XT,Active
1613,INE916G01016,Y,GEECEE,532764,GEECEE,GeeCee Ventures Limited,NSE+BSE,NSE Mainboard,BE,T,Active
1614,INE669X01032,Y,GEEKAYWIRE,,,Geekay Wires Limited,NSE only,NSE Mainboard,EQ,,
1615,INE721X01023,Y,,540613,GEL,Gautam Exim Limited,BSE only,BSE Equity,,M,Active
1616,INE06XZ01023,Y,GEMAROMA,544491,GEMAROMA,Gem Aromatics Limited,NSE+BSE,NSE Mainboard,EQ,B,Active
1617,INE0RUJ01013,Y,,544199,GEMENVIRO,GEM Enviro Management Limited,BSE only,BSE Equity,,M,Active
1618,INE503D01027,Y,,531137,GEMSI,Gemstone Investments Ltd.,BSE only,BSE Equity,,X,Active
1619,INE165F01020,Y,,521133,GEMSPIN,Gem Spinners India Ltd,BSE only,BSE Equity,,P,Active
1620,INE854S01022,Y,GENCON,539407,GENCON,Generic Engineering Construction and Projects Limited,NSE+BSE,NSE Mainboard,EQ,B,Active
1621,INE727B01026,Y,GENESYS,506109,GENESYS,Genesys International Corporation Limited,NSE+BSE,NSE Mainboard,EQ,B,Active
1622,INE509C01026,Y,,531739,GENNEX,Gennex Laboratories Ltd,BSE only,BSE Equity,,X,Active
1623,INE861N01036,Y,,531592,GENPHARMA,GENPHARMASEC LIMITED,BSE only,BSE Equity,,X,Active
1624,INE06H201014,Y,GENSOL,542851,GENSOL,Gensol Engineering Limited,NSE+BSE,NSE Mainboard,BZ,Z,Active
1625,INE949P01018,Y,GENUSPAPER,538961,GENUSPAPER,Genus Paper & Boards Limited,NSE+BSE,NSE Mainboard,EQ,B,Active
1626,INE955D01029,Y,GENUSPOWER,530343,GENUSPOWER,Genus Power Infrastructures Limited,NSE+BSE,NSE Mainboard,EQ,A,Active
1627,INE256D01014,Y,,532425,GENUSPRIME,GENUS PRIME INFRA LIMITED,BSE only,BSE Equity,,X,Active
1628,INE1W0N01014,Y,GENXAI,,,GenXAI Analytics Limited,NSE only,NSE SME (Emerge),SM,,
1629,INE007B01023,Y,GEOJITFSL,532285,GEOJITFSL,Geojit Financial Services Limited,NSE+BSE,NSE Mainboard,EQ,B,Active
1630,INE017A01032,Y,GESHIP,500620,GESHIP,The Great Eastern Shipping Company Limited,NSE+BSE,NSE Mainboard,EQ,A,Active
1631,INE0H1201020,Y,,543372,GETALONG,Getalong Enterprise Limited,BSE only,BSE Equity,,MT,Active
1632,INE538A01037,Y,GFLLIMITED,500173,GFLLIMITED,GFL Limited,NSE+BSE,NSE Mainboard,EQ,B,Active
1633,INE493B01017,Y,,531399,GGAUTO,G.G.Automotive Gears Ltd.,BSE only,BSE Equity,,X,Active
1634,INE0R8C01018,Y,GGBL,,,Ganesh Green Bharat Limited,NSE only,NSE SME (Emerge),SM,,
1635,INE631D01026,Y,,505250,GGDPROP,G. G. Dandekar Properties Limited,BSE only,BSE Equity,,X,Active
1636,INE063Z01017,Y,,540936,GGL,Gautam Gems Limited,BSE only,BSE Equity,,X,Active
1637,INE480S01026,Y,,539228,GGPL,Gala Global Products Limited,BSE only,BSE Equity,,Z,Active
1638,INE539A01019,Y,GHCL,500171,GHCL,GHCL Limited,NSE+BSE,NSE Mainboard,EQ,A,Active
1639,INE0PA801013,Y,GHCLTEXTIL,543918,GHCLTEXTIL,GHCL Textiles Limited,NSE+BSE,NSE Mainboard,EQ,B,Active
1640,INE009U01011,Y,,539864,GHUSHINE,Ghushine Fintrrade Ocean Limited,BSE only,BSE Equity,,MT,Active
1641,INE809Q01020,Y,,505504,GHVINFRA,GHV INFRA PROJECTS LIMITED,BSE only,BSE Equity,,XT,Active
1642,INE063601012,Y,,542918,GIANLIFE,Gian Life Care Limited,BSE only,BSE Equity,,Z,Active
1643,INE289B01019,Y,GICHSGFIN,511676,GICHSGFIN,GIC Housing Finance Limited,NSE+BSE,NSE Mainboard,EQ,B,Active
1644,INE947T01022,Y,GICL,,,Globe International Carriers Limited,NSE only,NSE Mainboard,EQ,,
1645,INE481Y01014,Y,GICRE,540755,GICRE,General Insurance Corporation of India,NSE+BSE,NSE Mainboard,EQ,A,Active
1646,INE918C01029,Y,,538788,GILADAFINS,Gilada Finance & Investments Ltd.,BSE only,BSE Equity,,X,Active
1647,INE047B01011,Y,GILLANDERS,532716,GILLANDERS,Gillanders Arbuthnot & Company Limited,NSE+BSE,NSE Mainboard,EQ,B,Active
1648,INE322A01010,Y,GILLETTE,507815,GILLETTE,Gillette India Limited,NSE+BSE,NSE Mainboard,EQ,A,Active
1649,INE548B01018,Y,,531744,GINISILK,Gini Silk Mills Ltd.,BSE only,BSE Equity,,X,Active
1650,INE424C01010,Y,GINNIFILA,590025,GINNIFILA,Ginni Filaments Limited,NSE+BSE,NSE Mainboard,BE,T,Active
1651,INE162A01010,Y,GIPCL,517300,GIPCL,Gujarat Industries Power Company Limited,NSE+BSE,NSE Mainboard,EQ,B,Active
1652,INE614Z01017,Y,GIRIRAJ,,,Giriraj Civil Developers Limited,NSE only,NSE SME (Emerge),SM,,
1653,INE776O01018,Y,,539013,GITARENEW,GITA RENEWABLE ENERGY LIMITED,BSE only,BSE Equity,,X,Active
1654,INE1TY801010,Y,GJL,,,Grover Jewells Limited,NSE only,NSE SME (Emerge),ST,,
1655,INE265D01015,Y,,533212,GKB,GKB Ophthalmics Ltd.,BSE only,BSE Equity,,X,Active
1656,INE131D01019,Y,,531758,GKCONS,G.k.Consultants Ltd.,BSE only,BSE Equity,,X,Active
1657,INE1AG301022,Y,GKENERGY,544525,GKENERGY,GK Energy Limited,NSE+BSE,NSE Mainboard,EQ,B,Active
1658,INE986W01016,Y,,540545,GKL,GURU KRUPA GEMS AND JEWELLERY LIMITED,BSE only,BSE Equity,,X,Active
1659,INE05QJ01015,Y,,542666,GKP,G. K. P. Printing & Packaging Limited,BSE only,BSE Equity,,B,Active
1660,INE0V0W01025,Y,GKSL,544666,GKSL,Gujarat Kidney And Super Speciality Limited,NSE+BSE,NSE Mainboard,EQ,B,Active
1661,INE528A01020,Y,GKWLIMITED,,,GKW Limited,NSE only,NSE Mainboard,EQ,,
1662,INE03CM01014,Y,,542477,GLAAMUP,GLAAM UP JWEL LIMITED,BSE only,BSE Equity,,MT,Active
1663,INE580D01017,Y,,531199,GLANCE,Glance Finance Ltd.,BSE only,BSE Equity,,X,Active
1664,INE068V01023,Y,GLAND,543245,GLAND,Gland Pharma Limited,NSE+BSE,NSE Mainboard,EQ,A,Active
1665,INE159A01016,Y,GLAXO,500660,GLAXO,GlaxoSmithKline Pharmaceuticals Limited,NSE+BSE,NSE Mainboard,EQ,A,Active
1666,INE804Q01013,Y,,540266,GLCL,Globe Commercials Limited,BSE only,BSE Equity,,X,Active
1667,INE0UMC01019,Y,,544444,GLEN,Glen Industries Limited,BSE only,BSE Equity,,M,Active
1668,INE935A01035,Y,GLENMARK,532296,GLENMARK,Glenmark Pharmaceuticals Limited,NSE+BSE,NSE Mainboard,EQ,A,Active
1669,INE540A01017,Y,GLFL,500174,GLFL,Gujarat Lease Financing Limited,NSE+BSE,NSE Mainboard,EQ,B,Active
1670,INE0J2K01014,Y,,543520,GLHRL,Global Longlife Hospital and Research Limited,BSE only,BSE Equity,,M,Active
1671,INE741B01027,Y,,513528,GLITTEKG,Glittek Granites Ltd.,BSE only,BSE Equity,,XT,Active
1672,INE291W01037,Y,GLOBAL,,,Global Education Limited,NSE only,NSE Mainboard,EQ,,
1673,INE062C01042,Y,,530263,GLOBALCA,Global Capital Markets Ltd.,BSE only,BSE Equity,,X,Active
1674,INE0URU01010,Y,GLOBALE,544234,GLOBALE,Globale Tessile Limited,NSE+BSE,NSE Mainboard,EQ,B,Active
1675,INE1ITY01011,Y,,544665,GLOBALLOG,Global Ocean Logistics India Limited,BSE only,BSE Equity,,M,Active
1676,INE0PS501019,Y,GLOBALPET,,,Global Pet Industries Limited,NSE only,NSE SME (Emerge),ST,,
1677,INE792H01019,Y,GLOBALVECT,532773,GLOBALVECT,Global Vectra Helicorp Limited,NSE+BSE,NSE Mainboard,EQ,B,Active
1678,INE581X01021,Y,GLOBE,,,GLOBE ENTERPRISES (INDIA) LIMITED,NSE only,NSE Mainboard,EQ,,
1679,INE0V3U01015,Y,GLOBECIVIL,544424,GLOBECIVIL,Globe Civil Projects Limited,NSE+BSE,NSE Mainboard,EQ,B,Active
1680,INE12P601017,Y,,544494,GLOBTIER,Globtier Infotech limited,BSE only,BSE Equity,,MT,Active
1681,INE064L01015,Y,,526025,GLOBUSCON,Globus Constructors & Developers Limited,BSE only,BSE Equity,,X,Active
1682,INE615I01010,Y,GLOBUSSPR,533104,GLOBUSSPR,Globus Spirits Limited,NSE+BSE,NSE Mainboard,EQ,B,Active
1683,INE350Z01018,Y,GLOSTERLTD,542351,GLOSTERLTD,Gloster Limited,NSE+BSE,NSE Mainboard,EQ,B,Active
1684,INE0TQE01026,Y,GLOTTIS,544557,GLOTTIS,Glottis Limited,NSE+BSE,NSE Mainboard,BE,T,Active
1685,INE1CLW01015,Y,,544759,GLPL,GOLDLINE PHARMACEUTICAL LIMITED,BSE only,BSE Equity,,M,Active
1686,INE075D01018,Y,GMBREW,507488,GMBREW,GM Breweries Limited,NSE+BSE,NSE Mainboard,EQ,B,Active
1687,INE131A01031,Y,GMDCLTD,532181,GMDCLTD,Gujarat Mineral Development Corporation Limited,NSE+BSE,NSE Mainboard,EQ,A,Active
1688,INE09A801015,Y,GML,,,Galaxy Medicare Limited,NSE only,NSE SME (Emerge),SM,,
1689,INE541A01023,Y,GMMPFAUDLR,505255,GMMPFAUDLR,GMM Pfaudler Limited,NSE+BSE,NSE Mainboard,EQ,A,Active
1690,INE0E2801015,Y,,543239,GMPL,G M Polyplast Limited,BSE only,BSE Equity,,M,Active
1691,INE776C01039,Y,GMRAIRPORT,532754,GMRAIRPORT,GMR AIRPORTS LIMITED,NSE+BSE,NSE Mainboard,EQ,A,Active
1692,INE0CU601026,Y,GMRP&UI,543490,GMRP&UI,GMR Power and Urban Infra Limited,NSE+BSE,NSE Mainboard,EQ,A,Active
1693,INE934S01014,Y,GNA,540124,GNA,GNA Axles Limited,NSE+BSE,NSE Mainboard,EQ,B,Active
1694,INE113A01013,Y,GNFC,500670,GNFC,Gujarat Narmada Valley Fertilizers and Chemicals Limited,NSE+BSE,NSE Mainboard,EQ,A,Active
1695,INE207H01018,Y,GNRL,513536,GNRL,Gujarat Natural Resources Limited,NSE+BSE,NSE Mainboard,EQ,B,Active
1696,INE426D01013,Y,GOACARBON,509567,GOACARBON,Goa Carbon Limited,NSE+BSE,NSE Mainboard,EQ,B,Active
1697,INE492Z01018,Y,,542850,GOBLIN,GOBLIN INDIA LIMITED,BSE only,BSE Equity,,MT,Active
1698,INE077F01035,Y,GOCLCORP,506480,GOCLCORP,GOCL Corporation Limited,NSE+BSE,NSE Mainboard,EQ,B,Active
1699,INE0BJS01011,Y,GOCOLORS,543401,GOCOLORS,Go Fashion (India) Limited,NSE+BSE,NSE Mainboard,EQ,B,Active
1700,INE362C01012,Y,,530317,GODAVARI,Godavari Drugs Ltd.,BSE only,BSE Equity,,XT,Active
1701,INE497S01012,Y,GODAVARIB,544279,GODAVARIB,Godavari Biorefineries Limited,NSE+BSE,NSE Mainboard,EQ,B,Active
1702,INE260B01028,Y,GODFRYPHLP,500163,GODFRYPHLP,Godfrey Phillips India Limited,NSE+BSE,NSE Mainboard,EQ,A,Active
1703,INE03JT01014,Y,GODIGIT,544179,GODIGIT,Go Digit General Insurance Limited,NSE+BSE,NSE Mainboard,EQ,A,Active
1704,INE850D01014,Y,GODREJAGRO,540743,GODREJAGRO,Godrej Agrovet Limited,NSE+BSE,NSE Mainboard,EQ,A,Active
1705,INE102D01028,Y,GODREJCP,532424,GODREJCP,Godrej Consumer Products Limited,NSE+BSE,NSE Mainboard,EQ,A,Active
1706,INE233A01035,Y,GODREJIND,500164,GODREJIND,Godrej Industries Limited,NSE+BSE,NSE Mainboard,EQ,A,Active
1707,INE484J01027,Y,GODREJPROP,533150,GODREJPROP,Godrej Properties Limited,NSE+BSE,NSE Mainboard,EQ,A,Active
1708,INE0K6L01010,Y,,543538,GOEL,Goel Food Products Limited,BSE only,BSE Equity,,M,Active
1709,INE0ZOM01013,Y,,544504,GOELCONS,GOEL CONSTRUCTION COMPANY LIMITED,BSE only,BSE Equity,,MT,Active
1710,INE832C01014,Y,,531600,GOGIACAPGL,GOGIA CAPITAL GROWTH LIMITED,BSE only,BSE Equity,,X,Active
1711,INE642I01014,Y,,532957,GOKAKTEX,GOKAK TEXTILES LTD.,BSE only,BSE Equity,,X,Active
1712,INE887G01027,Y,GOKEX,532630,GOKEX,Gokaldas Exports Limited,NSE+BSE,NSE Mainboard,EQ,A,Active
1713,INE020J01029,Y,GOKUL,532980,GOKUL,Gokul Refoils and Solvent Limited,NSE+BSE,NSE Mainboard,EQ,B,Active
1714,INE314T01033,Y,GOKULAGRO,539725,GOKULAGRO,Gokul Agro Resources Limited,NSE+BSE,NSE Mainboard,EQ,B,Active
1715,INE595D01015,Y,,531928,GOLCA,Golden Carpets Limited.,BSE only,BSE Equity,,X,Active
1716,INE634J01027,Y,,538542,GOLDCOINHF,GoldCoin Health Foods Limited,BSE only,BSE Equity,,X,Active
1717,INE222U01010,Y,,540062,GOLDENCREST,Golden Crest Education & Services Limited,BSE only,BSE Equity,,X,Active
1718,INE973A01010,Y,GOLDENTOBC,500151,GOLDENTOBC,Golden Tobacco Limited,NSE+BSE,NSE Mainboard,BZ,Z,Active
1719,INE025B01025,Y,GOLDIAM,526729,GOLDIAM,Goldiam International Limited,NSE+BSE,NSE Mainboard,EQ,A,Active
1720,INE06MH01016,Y,GOLDKART,,,Goldkart Jewels Limited,NSE only,NSE SME (Emerge),SM,,
1721,INE088E01019,Y,,509024,GOLDLEG,Golden Legand Leasing & Finance Ltd,BSE only,BSE Equity,,X,Active
1722,INE405Y01021,Y,GOLDSTAR,,,Goldstar Power Limited,NSE only,NSE SME (Emerge),SM,,
1723,INE805A01014,Y,GOLDTECH,531439,GOLDTECH,AION-TECH SOLUTIONS LIMITED,NSE+BSE,NSE Mainboard,BE,T,Active
1724,INE427D01011,Y,,531360,GOLECHA,Golechha Global Finance Ltd.,BSE only,BSE Equity,,XT,Active
1725,INE798D01015,Y,,523676,GOLKUNDIA,Golkunda Diamonds & Jewellery Ltd.,BSE only,BSE Equity,,X,Active
1726,INE127I01024,Y,GOODLUCK,530655,GOODLUCK,Goodluck India Limited,NSE+BSE,NSE Mainboard,EQ,B,Active
1727,INE300A01016,Y,,500166,GOODRICKE,Goodricke Group Ltd.,BSE only,BSE Equity,,X,Active
1728,INE533A01012,Y,GOODYEAR,500168,GOODYEAR,Goodyear India Limited,NSE+BSE,NSE Mainboard,EQ,B,Active
1729,INE0L9R01028,Y,GOPAL,544140,GOPAL,Gopal Snacks Limited,NSE+BSE,NSE Mainboard,EQ,B,Active
1730,INE792J01015,Y,,531608,GORANIN,Gorani Industries Ltd.,BSE only,BSE Equity,,X,Active
1731,INE538G01018,Y,,531111,GOTHIPL,Gothi Plascon (India) Ltd.,BSE only,BSE Equity,,P,Active
1732,INE512D01028,Y,,506134,GOURMET,GOURMET GATEWAY INDIA LIMITED,BSE only,BSE Equity,,XT,Active
1733,INE225G01012,Y,,530709,GOWRALE,Gowra Leasing & Finance Ltd.,BSE only,BSE Equity,,XT,Active
1734,INE705X01026,Y,GOYALALUM,541152,GOYALALUM,Goyal Aluminiums Limited,NSE+BSE,NSE Mainboard,EQ,B,Active
1735,INE912B01032,Y,,530663,GOYALASS,Goyal Associates Ltd.,BSE only,BSE Equity,,X,Active
1736,INE0QFE01017,Y,GOYALSALT,,,Goyal Salt Limited,NSE only,NSE SME (Emerge),SM,,
1737,INE0SIK01014,Y,,544548,GPAPL,GUJARAT PEANUT AND AGRI PRODUCTS LIMITED,BSE only,BSE Equity,,M,Active
1738,INE0S7E01015,Y,GPECO,,,GP Eco Solutions India Limited,NSE only,NSE SME (Emerge),ST,,
1739,INE177H01039,Y,GPIL,532734,GPIL,Godawari Power And Ispat limited,NSE+BSE,NSE Mainboard,EQ,A,Active
1740,INE517F01014,Y,GPPL,533248,GPPL,Gujarat Pipavav Port Limited,NSE+BSE,NSE Mainboard,EQ,A,Active
1741,INE0QZF01012,Y,,544108,GPSL,Gabriel Pet Straps Limited,BSE only,BSE Equity,,M,Active
1742,INE486R01017,Y,GPTHEALTH,544131,GPTHEALTH,GPT Healthcare Limited,NSE+BSE,NSE Mainboard,EQ,B,Active
1743,INE390G01014,Y,GPTINFRA,533761,GPTINFRA,GPT Infraprojects Limited,NSE+BSE,NSE Mainboard,EQ,B,Active
1744,INE361K01017,Y,GRADIENTE,,,Gradiente Infotainment Limited,NSE only,NSE Mainboard,EQ,,
1745,INE578R01011,Y,,539120,GRAMEVA,GRAMEVA LIMITED,BSE only,BSE Equity,,XT,Active
1746,INE927M01029,Y,,504369,GRANDMA,Grandma Trading & Agencies Ltd.,BSE only,BSE Equity,,X,Active
1747,INE926B01016,Y,GRANDOAK,523862,GRANDOAK,Grand Oak Canyons Distillery Limited,NSE+BSE,NSE Mainboard,EQ,B,Active
1748,INE101D01020,Y,GRANULES,532482,GRANULES,Granules India Limited,NSE+BSE,NSE Mainboard,EQ,A,Active
1749,INE0POU01017,Y,GRAPHISAD,,,Graphisads Limited,NSE only,NSE SME (Emerge),SM,,
1750,INE371A01025,Y,GRAPHITE,509488,GRAPHITE,Graphite India Limited,NSE+BSE,NSE Mainboard,EQ,A,Active
1751,INE047A01021,Y,GRASIM,500300,GRASIM,Grasim Industries Limited,NSE+BSE,NSE Mainboard,EQ,A,Active
1752,INE915E01013,Y,,526751,GRATEXI,Gratex Industries Ltd.,BSE only,BSE Equity,,X,Active
1753,INE266D01021,Y,GRAUWEIL,505710,GRAUWEIL,Grauer & Weil India Limited,NSE+BSE,NSE Mainboard,EQ,B,Active
1754,INE214F01026,Y,GRAVISSHO,509546,GRAVISSHO,Graviss Hospitality Limited,NSE+BSE,NSE Mainboard,EQ,B,Active
1755,INE024L01027,Y,GRAVITA,533282,GRAVITA,Gravita India Limited,NSE+BSE,NSE Mainboard,EQ,A,Active
1756,INE995A01013,Y,,532015,GRAVITY,Gravity (India) Ltd.,BSE only,BSE Equity,,XT,Active
1757,INE0LVM01018,Y,GRCL,,,Gayatri Rubbers And Chemicals Limited,NSE only,NSE SME (Emerge),ST,,
1758,INE224A01026,Y,GREAVESCOT,501455,GREAVESCOT,Greaves Cotton Limited,NSE+BSE,NSE Mainboard,EQ,A,Active
1759,INE0O7P01015,Y,GREENCHEF,,,Greenchef Appliances Limited,NSE only,NSE SME (Emerge),SM,,
1760,INE414C01045,Y,,531737,GREENCREST,Greencrest Financial Services Limited,BSE only,BSE Equity,,X,Active
1761,INE544R01021,Y,GREENLAM,538979,GREENLAM,Greenlam Industries Limited,NSE+BSE,NSE Mainboard,EQ,B,Active
1762,INE0PLX01017,Y,GREENLEAF,,,Greenleaf Envirotech Limited,NSE only,NSE SME (Emerge),ST,,
1763,INE08ZM01014,Y,GREENPANEL,542857,GREENPANEL,Greenpanel Industries Limited,NSE+BSE,NSE Mainboard,EQ,B,Active
1764,INE461C01038,Y,GREENPLY,526797,GREENPLY,Greenply Industries Limited,NSE+BSE,NSE Mainboard,EQ,B,Active
1765,INE999K01014,Y,GREENPOWER,533263,GREENPOWER,Orient Green Power Company Limited,NSE+BSE,NSE Mainboard,EQ,B,Active
1766,INE0U8P01015,Y,,544682,GRERENEW,GRE Renew Enertech Limited,BSE only,BSE Equity,,MT,Active
1767,INE985P01012,Y,GRETEX,,,Gretex Industries Limited,NSE only,NSE SME (Emerge),SM,,
1768,INE536A01023,Y,GRINDWELL,506076,GRINDWELL,Grindwell Norton Limited,NSE+BSE,NSE Mainboard,EQ,A,Active
1769,INE201P01022,Y,GRINFRA,543317,GRINFRA,G R Infraprojects Limited,NSE+BSE,NSE Mainboard,EQ,B,Active
1770,INE192H01020,Y,GRMOVER,531449,GRMOVER,GRM Overseas Limited,NSE+BSE,NSE Mainboard,EQ,B,Active
1771,INE042B01012,Y,,532315,GROARC,GROARC INDUSTRIES INDIA LIMITED,BSE only,BSE Equity,,X,Active
1772,INE646C01018,Y,GROBTEA,,,The Grob Tea Company Limited,NSE only,NSE Mainboard,EQ,,
1773,INE343C01012,Y,,539522,GROVY,Grovy India Limited,BSE only,BSE Equity,,X,Active
1774,INE451S01027,Y,,539222,GROWINGTON,GROWINGTON VENTURES INDIA LIMITED,BSE only,BSE Equity,,B,Active
1775,INE0HOQ01053,Y,GROWW,544603,GROWW,Billionbrains Garage Ventures Limited,NSE+BSE,NSE Mainboard,EQ,B,Active
1776,INE137I01015,Y,GRPLTD,509152,GRPLTD,GRP Limited,NSE+BSE,NSE Mainboard,EQ,B,Active
1777,INE382Z01011,Y,GRSE,542011,GRSE,Garden Reach Shipbuilders & Engineers Limited,NSE+BSE,NSE Mainboard,EQ,A,Active
1778,INE291A01017,Y,GRWRHITECH,500655,GRWRHITECH,Garware Hi-Tech Films Limited,NSE+BSE,NSE Mainboard,EQ,A,Active
1779,IN9736H01014,Y,,890238,GSAILPP,G.S. Auto International Ltd.,BSE only,BSE Equity,,X,Active
1780,INE736H01024,Y,,513059,GSAUTO,G.S. Auto International Ltd.,BSE only,BSE Equity,,X,Active
1781,INE777C01011,Y,,511543,GSBFIN,GSB Finance Ltd.,BSE only,BSE Equity,,XT,Active
1782,INE026A01025,Y,GSFC,500690,GSFC,Gujarat State Fertilizers & Chemicals Limited,NSE+BSE,NSE Mainboard,EQ,A,Active
1783,INE721D01017,Y,,530469,GSLSEC,GSL Securities Ltd.,BSE only,BSE Equity,,X,Active
1784,INE0JSX01015,Y,GSLSU,543829,GSLSU,Global Surfaces Limited,NSE+BSE,NSE Mainboard,EQ,B,Active
1785,INE403B01016,Y,,506186,GSLTD,GALAXY SUPERMARKET LIMITED,BSE only,BSE Equity,,X,Active
1786,INE0SQY01018,Y,GSMFOILS,,,GSM Foils Limited,NSE only,NSE SME (Emerge),SM,,
1787,INE713R01022,Y,GSPCROP,544733,GSPCROP,GSP Crop Science Limited,NSE+BSE,NSE Mainboard,EQ,B,Active
1788,INE871H01011,Y,GSS,532951,GSS,GSS Infotech Limited,NSE+BSE,NSE Mainboard,EQ,B,Active
1789,INE632W01016,Y,,540654,GSTL,GlobalSpace Technologies Limited,BSE only,BSE Equity,,XT,Active
1790,INE00WS01056,Y,GSTL,,,Globesecure Technologies Limited,NSE only,NSE SME (Emerge),SM,,
1791,INE586X01012,Y,GTECJAINX,,,G-TEC JAINX EDUCATION LIMITED,NSE only,NSE Mainboard,BE,,
1792,INE1H1501013,Y,,544675,GTIL,Gabion Technologies India Limited,BSE only,BSE Equity,,M,Active
1793,INE043A01012,Y,GTL,500160,GTL,GTL Limited,NSE+BSE,NSE Mainboard,EQ,B,Active
1794,INE221H01019,Y,GTLINFRA,532775,GTLINFRA,GTL Infrastructure Limited,NSE+BSE,NSE Mainboard,EQ,B,Active
1795,INE537A01013,Y,,500170,GTNINDS,GTN Industries Limited,BSE only,BSE Equity,,X,Active
1796,INE302H01017,Y,,532744,GTNTEX,GTN Textiles Ltd. (formerly known as GTN Industries Ltd.),BSE only,BSE Equity,,X,Active
1797,INE869I01013,Y,GTPL,540602,GTPL,GTPL Hathway Limited,NSE+BSE,NSE Mainboard,EQ,B,Active
1798,INE959B01017,Y,,530457,GTTDATA,GTT DATA SOLUTIONS LIMITED,BSE only,BSE Equity,,X,Active
1799,INE910R01024,Y,,539479,GTV,GTV Engineering Limited,BSE only,BSE Equity,,X,Active
1800,INE742B01025,Y,GUFICBIO,509079,GUFICBIO,Gufic Biosciences Limited,NSE+BSE,NSE Mainboard,EQ,B,Active
1801,INE186A01019,Y,GUJALKALI,530001,GUJALKALI,Gujarat Alkalies and Chemicals Limited,NSE+BSE,NSE Mainboard,EQ,B,Active
1802,INE826C01016,Y,GUJAPOLLO,522217,GUJAPOLLO,Gujarat Apollo Industries Limited,NSE+BSE,NSE Mainboard,EQ,B,Active
1803,INE541F01022,Y,,517288,GUJARATPOLY,Gujarat Poly Electronics Limited,BSE only,BSE Equity,,XT,Active
1804,INE276I01011,Y,,513507,GUJCONT,Gujarat Containers Ltd.,BSE only,BSE Equity,,P,Active
1805,INE004C01028,Y,,514386,GUJCOTEX,Gujarat Cotex Ltd,BSE only,BSE Equity,,X,Active
1806,INE372D01019,Y,,526965,GUJCRAFT,Gujarat Craft Industries Ltd.,BSE only,BSE Equity,,X,Active
1807,INE034B01019,Y,,511441,GUJCRED,Gujarat Credit Corporation Ltd.,BSE only,BSE Equity,,X,Active
1808,INE844O01030,Y,GUJENERGY,539336,GUJENERGY,GUJARAT ENERGY LIMITED,NSE+BSE,NSE Mainboard,EQ,A,Active
1809,INE621C01011,Y,,507960,GUJHOTE,Gujarat Hotels Ltd.,BSE only,BSE Equity,,X,Active
1810,INE578V01013,Y,,540938,GUJHYSPIN,Gujarat Hy-Spin Limited,BSE only,BSE Equity,,MT,Active
1811,INE659F01022,Y,,524238,GUJINJEC,Gujarat Inject (Kerala) Ltd.,BSE only,BSE Equity,,X,Active
1812,INE877E01015,Y,,517372,GUJINTRX,Gujarat Intrux Limited,BSE only,BSE Equity,,X,Active
1813,INE373D01017,Y,,531341,GUJINV,Gujarat Investa Ltd.,BSE only,BSE Equity,,X,Active
1814,INE311N01016,Y,,532070,GUJJUBHAI,GUJJUBHAI INDUSTRIES LIMITED,BSE only,BSE Equity,,X,Active
1815,INE636P01011,Y,,506858,GUJPETR,Gujarat Petrosynthese Ltd.,BSE only,BSE Equity,,X,Active
1816,INE610B01024,Y,GUJRAFFIA,523836,GUJRAFFIA,Gujarat Raffia Industries Limited,NSE+BSE,NSE Mainboard,EQ,B,Active
1817,INE944A01011,Y,,532160,GUJSTATFIN,Gujarat State Financial corporation,BSE only,BSE Equity,,B,Active
1818,INE499G01013,Y,,524314,GUJTERC,Gujarat Terce Laboratories Ltd,BSE only,BSE Equity,,X,Active
1819,INE942C01045,Y,GUJTHEM,506879,GUJTHEM,Gujarat Themis Biosyn Limited,NSE+BSE,NSE Mainboard,EQ,B,Active
1820,INE145J01032,Y,,513337,GUJTLRM,Gujarat Toolroom Ltd.,BSE only,BSE Equity,,B,Active
1821,INE173V01013,Y,,541627,GUJWIND,Gujarat Winding Systems Limited,BSE only,BSE Equity,,X,Active
1822,INE1WDC01012,Y,,544834,GULFLLOYDS,GULF LLOYDS (INDIA) LIMITED,BSE only,BSE Equity,,M,Active
1823,INE635Q01029,Y,GULFOILLUB,538567,GULFOILLUB,Gulf Oil Lubricants India Limited,NSE+BSE,NSE Mainboard,EQ,B,Active
1824,INE586G01017,Y,GULFPETRO,532543,GULFPETRO,GP Petroleums Limited,NSE+BSE,NSE Mainboard,BE,T,Active
1825,INE255D01024,Y,GULPOLY,532457,GULPOLY,Gulshan Polyols Limited,NSE+BSE,NSE Mainboard,EQ,B,Active
1826,INE1CCX01012,Y,GURUNANAK,,,Gurunanak Agriculture India Limited,NSE only,NSE SME (Emerge),SM,,
1827,INE574D01010,Y,,539206,GVBL,GENOMIC VALLEY BIOTECH LIMITED,BSE only,BSE Equity,,X,Active
1828,INE1ZGR01024,Y,,544859,GVELECTRIC,G V ELECTRICALS LTD,BSE only,BSE Equity,,MT,Active
1829,INE395B01048,Y,,523277,GVFILM,G.V. Films  Ltd.,BSE only,BSE Equity,,X,Active
1830,INE251H01024,Y,GVKPIL,532708,GVKPIL,GVK Power & Infrastructure Limited,NSE+BSE,NSE Mainboard,BE,T,Active
1831,INE0S0701019,Y,,544163,GVL,Greenhitech Ventures Limited,BSE only,BSE Equity,,M,Active
1832,INE878A01011,Y,GVPIL,532309,GVPIL,GE Power India Limited,NSE+BSE,NSE Mainboard,EQ,B,Active
1833,INE382T01030,Y,GVPTECH,,,GVP Infotech Limited,NSE only,NSE Mainboard,EQ,,
1834,INE200A01026,Y,GVT&D,522275,GVT&D,GE Vernova T&D India Limited,NSE+BSE,NSE Mainboard,EQ,A,Active
1835,INE487G01018,Y,,530141,GYANDEV,Gyan Developers & Builders Ltd.,BSE only,BSE Equity,,XT,Active
1836,INE724A01017,Y,GYFTR,507912,GYFTR,Gyftr Limited,NSE+BSE,NSE Mainboard,EQ,B,Active
1837,INE066F01020,Y,HAL,541154,HAL,Hindustan Aeronautics Limited,NSE+BSE,NSE Mainboard,EQ,A,Active
1838,INE115S01010,Y,HALDER,539854,HALDER,Halder Venture Limited,NSE+BSE,NSE Mainboard,EQ,B,Active
1839,INE506D01020,Y,HALDYNGL,515147,HALDYNGL,Haldyn Glass Limited,NSE+BSE,NSE Mainboard,BE,T,Active
1840,INE320X01016,Y,HALEOSLABS,540679,HALEOSLABS,HALEOS LABS LIMITED,NSE+BSE,NSE Mainboard,EQ,B,Active
1841,INE0QBD01018,Y,,544312,HAMPS,HAMPS BIO LIMITED,BSE only,BSE Equity,,M,Active
1842,INE299D01022,Y,,526407,HAMPTON,HAMPTON SKY REALTY LIMITED,BSE only,BSE Equity,,X,Active
1843,INE982Q01017,Y,,538731,HANMAN,HANMAN FIT LIMITED,BSE only,BSE Equity,,M,Active
1844,INE0JVH01012,Y,,544687,HANNAH,Hannah Joseph Hospital Limited,BSE only,BSE Equity,,MT,Active
1845,INE101H01013,Y,,537709,HANSUGAR,SHREE HANUMAN SUGAR & INDUSTRIES LTD.,BSE only,BSE Equity,,XT,Active
1846,INE419U01012,Y,HAPPSTMNDS,543227,HAPPSTMNDS,Happiest Minds Technologies Limited,NSE+BSE,NSE Mainboard,EQ,A,Active
1847,INE1GFG01011,Y,HAPPY,,,Happy Steels Limited,NSE only,NSE SME (Emerge),SM,,
1848,INE330T01021,Y,HAPPYFORGE,544057,HAPPYFORGE,Happy Forgings Limited,NSE+BSE,NSE Mainboard,EQ,B,Active
1849,INE737G01016,Y,,530927,HARAFIN,Haryana Financial Corporation ltd.,BSE only,BSE Equity,,ZP,Active
1850,INE905C01034,Y,,500178,HARCR,Harig Crankshafts Ltd.,BSE only,BSE Equity,,XT,Active
1851,INE722D01015,Y,,509597,HARDCAS,Hardcastle & Waud Mfg. Co. Ltd.,BSE only,BSE Equity,,X,Active
1852,INE626Z01029,Y,HARDWYN,541276,HARDWYN,Hardwyn India Limited,NSE+BSE,NSE Mainboard,EQ,B,Active
1853,INE493N01012,Y,,538081,HARIAAPL,Haria Apparels Limited,BSE only,BSE Equity,,X,Active
1854,INE772B01014,Y,,512604,HARIAEXPO,Haria Exports Ltd.,BSE only,BSE Equity,,X,Active
1855,INE1UYW01010,Y,,544769,HARIKANTA,HARIKANTA OVERSEAS LIMITED,BSE only,BSE Equity,,M,Active
1856,INE00EV01017,Y,HARIOMPIPE,543517,HARIOMPIPE,Hariom Pipe Industries Limited,NSE+BSE,NSE Mainboard,EQ,B,Active
1857,INE01K301012,Y,,542682,HARISH,Harish Textile Engineers Limited,BSE only,BSE Equity,,X,Active
1858,INE681F01018,Y,,524080,HARLETH,Haryana Leather Chemicals Ltd.,BSE only,BSE Equity,,X,Active
1859,INE544A01019,Y,HARRMALAYA,500467,HARRMALAYA,Harrisons  Malayalam Limited,NSE+BSE,NSE Mainboard,EQ,B,Active
1860,INE0JUS01029,Y,HARSHA,543600,HARSHA,Harsha Engineers International Limited,NSE+BSE,NSE Mainboard,EQ,B,Active
1861,INE0OLZ01015,Y,,544105,HARSHDEEP,HARSHDEEP HORTICO LIMITED,BSE only,BSE Equity,,M,Active
1862,INE098E01026,Y,,505336,HARSHILAGR,HARSHIL AGROTECH LIMITED,BSE only,BSE Equity,,XT,Active
1863,INE928H01019,Y,,532855,HARYNACAP,Haryana Capfin Ltd.,BSE only,BSE Equity,,X,Active
1864,INE888Q01016,Y,,780014,HASJUICE,Has Lifestyle Limited,BSE only,BSE Equity,,IP,Active
1865,INE671D01014,Y,,531387,HASTIFIN,Hasti Finance Ltd.,BSE only,BSE Equity,,X,Active
1866,INE982F01036,Y,HATHWAY,533162,HATHWAY,Hathway Cable & Datacom Limited,NSE+BSE,NSE Mainboard,EQ,B,Active
1867,INE525B01016,Y,,509073,HATHWAYB,Hathway Bhawani Cabletel & Datacom,BSE only,BSE Equity,,X,Active
1868,INE473B01035,Y,HATSUN,531531,HATSUN,Hatsun Agro Product Limited,NSE+BSE,NSE Mainboard,EQ,A,Active
1869,INE176B01034,Y,HAVELLS,517354,HAVELLS,Havells India Limited,NSE+BSE,NSE Mainboard,EQ,A,Active
1870,INE293B01029,Y,HAVISHA,531322,HAVISHA,Sri Havisha Hospitality and Infrastructure Limited,NSE+BSE,NSE Mainboard,EQ,B,Active
1871,INE230I01018,Y,,539176,HAWAENG,Hawa Engineers ltd.,BSE only,BSE Equity,,X,Active
1872,INE979B01015,Y,HAWKINCOOK,508486,HAWKINCOOK,Hawkins Cookers Limited,NSE+BSE,NSE Mainboard,EQ,B,Active
1873,INE550F01049,Y,,532467,HAZOOR,Hazoor Multi Projects Limited,BSE only,BSE Equity,,B,Active
1874,INE02PC01027,Y,,542592,HBEL,Humming Bird Education Limited,BSE only,BSE Equity,,MT,Active
1875,INE640B01021,Y,HBESD,532334,HBESD,HB Estate Developers Limited,NSE+BSE,NSE Mainboard,EQ,B,Active
1876,INE977M01024,Y,,537839,HBGHOTELS,HBG HOTELS LIMITED,BSE only,BSE Equity,,X,Active
1877,INE549B01016,Y,,508956,HBLEAS,HB Leasing & Finance Co. Ltd.,BSE only,BSE Equity,,X,Active
1878,INE292B01021,Y,HBLENGINE,517271,HBLENGINE,HBL Engineering Limited,NSE+BSE,NSE Mainboard,EQ,A,Active
1879,INE638B01025,Y,,532333,HBPOR,HB Portfolio Ltd.,BSE only,BSE Equity,,X,Active
1880,INE550B01022,Y,HBSL,532216,HBSL,HB Stockholdings Limited,NSE+BSE,NSE Mainboard,EQ,B,Active
1881,INE549A01026,Y,HCC,500185,HCC,Hindustan Construction Company Limited,NSE+BSE,NSE Mainboard,EQ,A,Active
1882,INE075I01017,Y,HCG,539787,HCG,Healthcare Global Enterprises Limited,NSE+BSE,NSE Mainboard,EQ,A,Active
1883,INE345Q01017,Y,,539224,HCKKVENTURE,HCKK Ventures Limited,BSE only,BSE Equity,,XT,Active
1884,INE236A01020,Y,HCL-INSYS,500179,HCL-INSYS,HCL Infosystems Limited,NSE+BSE,NSE Mainboard,EQ,B,Active
1885,INE691J01019,Y,,538652,HCLTD,HIND COMMERCE LIMITED,BSE only,BSE Equity,,X,Active
1886,INE860A01027,Y,HCLTECH,532281,HCLTECH,HCL Technologies Limited,NSE+BSE,NSE Mainboard,EQ,A,Active
1887,INE756I01012,Y,HDBFS,544429,HDBFS,HDB Financial Services Limited,NSE+BSE,NSE Mainboard,EQ,A,Active
1888,INE127D01025,Y,HDFCAMC,541729,HDFCAMC,HDFC Asset Management Company Limited,NSE+BSE,NSE Mainboard,EQ,A,Active
1889,INE040A01034,Y,HDFCBANK,500180,HDFCBANK,HDFC Bank Limited,NSE+BSE,NSE Mainboard,EQ,A,Active
1890,INE795G01014,Y,HDFCLIFE,540777,HDFCLIFE,HDFC Life Insurance Company Limited,NSE+BSE,NSE Mainboard,EQ,A,Active
1891,INE191I01012,Y,HDIL,532873,HDIL,Housing Development and Infrastructure Limited,NSE+BSE,NSE Mainboard,BZ,Z,Active
1892,INE759V01019,Y,HEADSUP,540210,HEADSUP,Heads UP Ventures Limited,NSE+BSE,NSE Mainboard,EQ,B,Active
1893,INE160N01017,Y,,503689,HEALINV,Healthy Investments Ltd.,BSE only,BSE Equity,,XT,Active
1894,INE019J01013,Y,HEALTHX,533259,HEALTHX,Health X Platform Limited,NSE+BSE,NSE Mainboard,EQ,B,Active
1895,INE0L3501015,Y,,543546,HEALTHYLIFE,HEALTHY LIFE AGRITEC LIMITED,BSE only,BSE Equity,,MT,Active
1896,INE558R01013,Y,HECPROJECT,,,HEC Infra Projects Limited,NSE only,NSE Mainboard,EQ,,
1897,INE025D01013,Y,,526967,HEERAISP,Heera Ispat Ltd.,BSE only,BSE Equity,,X,Active
1898,INE545A01024,Y,HEG,509631,HEG,HEG Limited,NSE+BSE,NSE Mainboard,EQ,A,Active
1899,INE578A01017,Y,HEIDELBERG,500292,HEIDELBERG,HeidelbergCement India Limited,NSE+BSE,NSE Mainboard,EQ,B,Active
1900,INE1FJE01010,Y,,544630,HELLOJI,HELLOJI HOLIDAYS LIMITED,BSE only,BSE Equity,,M,Active
1901,INE738P01015,Y,,539174,HELPAGE,Helpage Finlease Ltd.,BSE only,BSE Equity,,X,Active
1902,INE930A01010,Y,,531178,HEMANG,Hemang Resources Limited,BSE only,BSE Equity,,X,Active
1903,INE0AJG01018,Y,HEMIPROP,543242,HEMIPROP,Hemisphere Properties India Limited,NSE+BSE,NSE Mainboard,EQ,B,Active
1904,INE694N01015,Y,HERANBA,543266,HERANBA,Heranba Industries Limited,NSE+BSE,NSE Mainboard,EQ,B,Active
1905,INE688E01024,Y,,505720,HERCULES,Hercules Investments Limited,BSE only,BSE Equity,,X,Active
1906,INE978A01027,Y,HERITGFOOD,519552,HERITGFOOD,Heritage Foods Limited,NSE+BSE,NSE Mainboard,EQ,B,Active
1907,INE158A01026,Y,HEROMOTOCO,500182,HEROMOTOCO,Hero MotoCorp Limited,NSE+BSE,NSE Mainboard,EQ,A,Active
1908,INE782E01017,Y,HESTERBIO,524669,HESTERBIO,Hester Biosciences Limited,NSE+BSE,NSE Mainboard,EQ,B,Active
1909,INE0JUI01012,Y,HEXAGON,544785,HEXAGON,Hexagon Nutrition Limited,NSE+BSE,NSE Mainboard,BE,T,Active
1910,INE750M01017,Y,HEXATRADEX,534328,HEXATRADEX,Hexa Tradex Limited,NSE+BSE,NSE Mainboard,EQ,B,Active
1911,INE093A01041,Y,HEXT,544362,HEXT,Hexaware Technologies Limited,NSE+BSE,NSE Mainboard,EQ,A,Active
1912,INE548A01028,Y,HFCL,500183,HFCL,HFCL Limited,NSE+BSE,NSE Mainboard,EQ,A,Active
1913,INE552B01010,Y,,526899,HFIL,HIMALAYA FOOD INTERNATIONAL LIMITED,BSE only,BSE Equity,,X,Active
1914,INE926X01010,Y,HGINFRA,541019,HGINFRA,H.G. Infra Engineering Limited,NSE+BSE,NSE Mainboard,EQ,B,Active
1915,INE596H01014,Y,HGM,532761,HGM,HandsOn Global Management (HGM) Limited,NSE+BSE,NSE Mainboard,EQ,B,Active
1916,INE170I01016,Y,HGS,532859,HGS,Hinduja Global Solutions Limited,NSE+BSE,NSE Mainboard,EQ,B,Active
1917,INE783E01023,Y,,504176,HIGHENE,High Energy Batteries (India) Ltd.,BSE only,BSE Equity,,X,Active
1918,INE1KI801019,Y,,544741,HIGHNESS,Highness Microelectronics Limited,BSE only,BSE Equity,,MT,Active
1919,INE0PIC01017,Y,HIGREEN,,,Hi-Green Carbon Limited,NSE only,NSE SME (Emerge),SM,,
1920,INE475B01022,Y,HIKAL,524735,HIKAL,Hikal Limited,NSE+BSE,NSE Mainboard,EQ,B,Active
1921,INE302R01024,Y,,542332,HIKLASS,Hi-Klass Trading and Investment Limited,BSE only,BSE Equity,,XT,Active
1922,INE966Q01010,Y,,539697,HILIKS,HILIKS TECHNOLOGIES LIMITED,BSE only,BSE Equity,,XT,Active
1923,INE00RL01028,Y,HILINFRA,544477,HILINFRA,Highway Infrastructure Limited,NSE+BSE,NSE Mainboard,EQ,B,Active
1924,INE168C01013,Y,,544308,HILLTONE,Hilltone Software and Gases Ltd,BSE only,BSE Equity,,X,Active
1925,INE788H01017,Y,HILTON,532847,HILTON,Hilton Metal Forging Limited,NSE+BSE,NSE Mainboard,BE,T,Active
1926,INE049A01027,Y,HIMATSEIDE,514043,HIMATSEIDE,Himatsingka Seide Limited,NSE+BSE,NSE Mainboard,EQ,B,Active
1927,INE705G01021,Y,,505712,HIMTEK,HIM TEKNOFORGE LIMITED,BSE only,BSE Equity,,XT,Active
1928,INE074C01013,Y,,514428,HINDADH,Hindustan Adhesives Ltd.,BSE only,BSE Equity,,X,Active
1929,INE038A01020,Y,HINDALCO,500440,HINDALCO,Hindalco Industries Limited,NSE+BSE,NSE Mainboard,EQ,A,Active
1930,INE227B01019,Y,,531979,HINDALUMI,HIND ALUMINIUM INDUSTRIES LTD.,BSE only,BSE Equity,,X,Active
1931,INE02XD01011,Y,,531918,HINDAPL,Hindustan Appliances Ltd,BSE only,BSE Equity,,X,Active
1932,INE597C01021,Y,,532041,HINDBIO,Hindustan Bio Sciences Ltd.,BSE only,BSE Equity,,X,Active
1933,INE310C01029,Y,HINDCOMPOS,509635,HINDCOMPOS,Hindustan Composites Limited,NSE+BSE,NSE Mainboard,EQ,B,Active
1934,INE642Y01029,Y,HINDCON,,,Hindcon Chemicals Limited,NSE only,NSE Mainboard,EQ,,
1935,INE531E01026,Y,HINDCOPPER,513599,HINDCOPPER,Hindustan Copper Limited,NSE+BSE,NSE Mainboard,EQ,A,Active
1936,INE724D01011,Y,,505893,HINDHARD,HINDUSTAN HARDY LIMITED,BSE only,BSE Equity,,X,Active
1937,INE832D01020,Y,,509895,HINDMILL,Hindoostan Mills Ltd.,BSE only,BSE Equity,,X,Active
1938,INE253A01025,Y,,500500,HINDMOTORS,Hindustan Motors Ltd.,BSE only,BSE Equity,,XT,Active
1939,INE345A01011,Y,HINDOILEXP,500186,HINDOILEXP,Hindustan Oil Exploration Company Limited,NSE+BSE,NSE Mainboard,EQ,B,Active
1940,INE094A01015,Y,HINDPETRO,500104,HINDPETRO,Hindustan Petroleum Corporation Limited,NSE+BSE,NSE Mainboard,EQ,A,Active
1941,INE428D01019,Y,,530315,HINDTIN,Hindustan Tin Works Ltd.,BSE only,BSE Equity,,X,Active
1942,INE030A01027,Y,HINDUNILVR,500696,HINDUNILVR,Hindustan Unilever Limited,NSE+BSE,NSE Mainboard,EQ,A,Active
1943,INE092301014,Y,,519574,HINDUST,Hindustan Agrigenetics Ltd.,BSE only,BSE Equity,,X,Active
1944,INE05AN01011,Y,HINDWAREAP,542905,HINDWAREAP,Hindware Home Innovation Limited,NSE+BSE,NSE Mainboard,EQ,B,Active
1945,INE267A01025,Y,HINDZINC,500188,HINDZINC,Hindustan Zinc Limited,NSE+BSE,NSE Mainboard,EQ,A,Active
1946,INE963A01011,Y,,530853,HIPOLIN,Hipolin Ltd.,BSE only,BSE Equity,,XT,Active
1947,INE258Z01013,Y,,531743,HIRAUTO,Hira Automobiles Ltd.,BSE only,BSE Equity,,P,Active
1948,INE835D01023,Y,HIRECT,504036,HIRECT,Hind Rectifiers Limited,NSE+BSE,NSE Mainboard,EQ,B,Active
1949,INE598C01011,Y,HISARMETAL,590018,HISARMETAL,Hisar Metal Industries Limited,NSE+BSE,NSE Mainboard,EQ,B,Active
1950,INE689E01014,Y,,521068,HISARSP,Hisar Spinning Mills Ltd,BSE only,BSE Equity,,P,Active
1951,INE106T01025,Y,HITECH,543411,HITECH,Hi-Tech Pipes Limited,NSE+BSE,NSE Mainboard,EQ,B,Active
1952,INE120D01012,Y,HITECHCORP,526217,HITECHCORP,Hitech Corporation Limited,NSE+BSE,NSE Mainboard,BE,T,Active
1953,INE127B01011,Y,HITECHGEAR,522073,HITECHGEAR,The Hi-Tech Gears Limited,NSE+BSE,NSE Mainboard,BE,T,Active
1954,INE309B01023,Y,,532359,HITKITGLO,Hit Kit Global Solutions Ltd,BSE only,BSE Equity,,X,Active
1955,INE863C01019,Y,,531661,HITTCO,Hittco Tools Ltd.,BSE only,BSE Equity,,XT,Active
1956,INE461D01028,Y,HLEGLAS,522215,HLEGLAS,HLE Glascoat Limited,NSE+BSE,NSE Mainboard,EQ,B,Active
1957,INE102A01024,Y,HLVLTD,500193,HLVLTD,HLV LIMITED,NSE+BSE,NSE Mainboard,EQ,B,Active
1958,INE0ECP01024,Y,HMAAGRO,543929,HMAAGRO,HMA Agro Industries Limited,NSE+BSE,NSE Mainboard,EQ,B,Active
1959,INE0DZD01015,Y,,544349,HMEML,H.M. ELECTRO MECH LIMITED,BSE only,BSE Equity,,M,Active
1960,INE262A01018,Y,HMT,500191,HMT,HMT Limited,NSE+BSE,NSE Mainboard,BZ,Z,Active
1961,INE871K01015,Y,HMVL,533217,HMVL,Hindustan Media Ventures Limited,NSE+BSE,NSE Mainboard,BE,T,Active
1962,INE254N01026,Y,HNDFDS,519126,HNDFDS,Hindustan Foods Limited,NSE+BSE,NSE Mainboard,EQ,B,Active
1963,INE0S6S01017,Y,HOACFOODS,,,Hoac Foods India Limited,NSE only,NSE SME (Emerge),ST,,
1964,INE048A01011,Y,,500449,HOCL,Hindustan Organic Chemicals Ltd.,BSE only,BSE Equity,,T,Active
1965,INE0LXA01019,Y,HOLMARC,,,Holmarc Opto-Mechatronics Limited,NSE only,NSE SME (Emerge),SM,,
1966,INE982C01033,Y,,523387,HOM,HOMRE LIMITED,BSE only,BSE Equity,,XT,Active
1967,INE481N01025,Y,HOMEFIRST,543259,HOMEFIRST,Home First Finance Company India Limited,NSE+BSE,NSE Mainboard,EQ,A,Active
1968,INE0N7F01017,Y,HOMESFY,,,Homesfy Realty Limited,NSE only,NSE SME (Emerge),SM,,
1969,INE0J5401028,Y,HONASA,544014,HONASA,Honasa Consumer Limited,NSE+BSE,NSE Mainboard,EQ,A,Active
1970,INE671A01010,Y,HONAUT,517174,HONAUT,Honeywell Automation India Limited,NSE+BSE,NSE Mainboard,EQ,A,Active
1971,INE634A01018,Y,HONDAPOWER,522064,HONDAPOWER,Honda India Power Products Limited,NSE+BSE,NSE Mainboard,EQ,B,Active
1972,INE1SEO01013,Y,,544794,HORIZON,HORIZON RECLAIM (INDIA) LIMITED,BSE only,BSE Equity,,M,Active
1973,INE731B01010,Y,,532145,HOTLSILV,H.S.India Ltd.,BSE only,BSE Equity,,X,Active
1974,INE931B01016,Y,,526761,HOWARHO,Howard Hotels Limited,BSE only,BSE Equity,,X,Active
1975,INE0GSL01024,Y,HPAL,543433,HPAL,HP Adhesives Limited,NSE+BSE,NSE Mainboard,EQ,B,Active
1976,INE136C01044,Y,,526717,HPBL,HCP PLASTENE BULKPACK LIMITED,BSE only,BSE Equity,,X,Active
1977,INE950C01014,Y,,502873,HPCOTTON,H.P. Cotton Textile Mills Ltd.,BSE only,BSE Equity,,X,Active
1978,INE05X901010,Y,HPIL,543645,HPIL,Hindprakash Industries Limited,NSE+BSE,NSE Mainboard,EQ,B,Active
1979,INE495S01016,Y,HPL,540136,HPL,HPL Electric & Power Limited,NSE+BSE,NSE Mainboard,EQ,B,Active
1980,INE0VA601019,Y,HPTL,,,HP Telecom India Limited,NSE only,NSE SME (Emerge),SM,,
1981,INE0R3501012,Y,HRHNEXT,,,HRH Next Services Limited,NSE only,NSE SME (Emerge),SM,,
1982,INE17DP01015,Y,,544848,HRHYGIENE,H. R. HYGIENE PRODUCTS LIMITED,BSE only,BSE Equity,,MT,Active
1983,INE1E1V01017,Y,,544656,HRS,HRS ALUGLAZE LIMITED,BSE only,BSE Equity,,M,Active
1984,INE400G01011,Y,,526931,HRYNSHP,Hariyana Ship Breakers Ltd.,BSE only,BSE Equity,,X,Active
1985,INE019C01026,Y,HSCL,500184,HSCL,Himadri Speciality Chemical Limited,NSE+BSE,NSE Mainboard,EQ,A,Active
1986,INE0GYI01028,Y,,543916,HSIL,Hemant Surgical Industries Limited,BSE only,BSE Equity,,MT,Active
1987,INE501G01024,Y,HTMEDIA,532662,HTMEDIA,HT Media Limited,NSE+BSE,NSE Mainboard,EQ,B,Active
1988,INE703H01016,Y,HUBTOWN,532799,HUBTOWN,Hubtown Limited,NSE+BSE,NSE Mainboard,EQ,A,Active
1989,INE031A01017,Y,HUDCO,540530,HUDCO,Housing & Urban Development Corporation Limited,NSE+BSE,NSE Mainboard,EQ,A,Active
1990,INE275B01026,Y,HUHTAMAKI,509820,HUHTAMAKI,Huhtamaki India Limited,NSE+BSE,NSE Mainboard,EQ,B,Active
1991,INE0TO501019,Y,HVAX,,,HVAX Technologies Limited,NSE only,NSE SME (Emerge),SM,,
1992,INE219D01012,Y,,506024,HVL,HARIYANA VENTURES LIMITED,BSE only,BSE Equity,,ZP,Active
1993,INE965B01022,Y,HYBRIDFIN,500262,HYBRIDFIN,Hybrid Financial Services Limited,NSE+BSE,NSE Mainboard,BE,T,Active
1994,INE039D01014,Y,,539724,HYPERSOFT,HYPERSOFT TECHNOLOGIES LIMITED,BSE only,BSE Equity,,XT,Active
1995,INE0V6F01027,Y,HYUNDAI,544274,HYUNDAI,Hyundai Motor India Limited,NSE+BSE,NSE Mainboard,EQ,A,Active
1996,INE678B01039,Y,,519463,IBINFO,IB Infotech Enterprises Ltd,BSE only,BSE Equity,,X,Active
1997,INE0O7401018,Y,IBLFL,,,IBL Finance Limited,NSE only,NSE SME (Emerge),SM,,
1998,INE126M01010,Y,IBULLSLTD,533520,IBULLSLTD,Indiabulls Limited,NSE+BSE,NSE Mainboard,EQ,B,Active
1999,INE613B01010,Y,ICDSLTD,511194,ICDSLTD,ICDS Limited,NSE+BSE,NSE Mainboard,EQ,B,Active
2000,INE0XE501015,Y,ICELCO,,,IC Electricals Company Limited,NSE only,NSE SME (Emerge),SM,,
2001,INE520Y01019,Y,ICEMAKE,,,Ice Make Refrigeration Limited,NSE only,NSE Mainboard,EQ,,
2002,INE346A01027,Y,ICICIAMC,544658,ICICIAMC,ICICI Prudential Asset Management Company Limited,NSE+BSE,NSE Mainboard,EQ,A,Active
2003,INE090A01021,Y,ICICIBANK,532174,ICICIBANK,ICICI Bank Limited,NSE+BSE,NSE Mainboard,EQ,A,Active
2004,INE765G01017,Y,ICICIGI,540716,ICICIGI,ICICI Lombard General Insurance Company Limited,NSE+BSE,NSE Mainboard,EQ,A,Active
2005,INE726G01019,Y,ICICIPRULI,540133,ICICIPRULI,ICICI Prudential Life Insurance Company Limited,NSE+BSE,NSE Mainboard,EQ,A,Active
2006,INE483B01026,Y,ICIL,521016,ICIL,Indo Count Industries Limited,NSE+BSE,NSE Mainboard,EQ,A,Active
2007,INE407P01017,Y,,538838,ICL,Indo Cotspin Limited,BSE only,BSE Equity,,X,Active
2008,INE111601014,Y,,544483,ICODEX,ICODEX PUBLISHING SOLUTIONS LIMITED,BSE only,BSE Equity,,M,Active
2009,INE0Y0E01012,Y,,544426,ICON,Icon Facilitators Limited,BSE only,BSE Equity,,M,Active
2010,INE088P01015,Y,,511260,ICONIKSPEV,ICONIK SPORTS AND EVENTS LIMITED,BSE only,BSE Equity,,X,Active
2011,INE725G01011,Y,ICRA,532835,ICRA,ICRA Limited,NSE+BSE,NSE Mainboard,EQ,B,Active
2012,INE682B01023,Y,,539149,ICSL,Integrated Capital Services Ltd,BSE only,BSE Equity,,X,Active
2013,INE008A01015,Y,IDBI,500116,IDBI,IDBI Bank Limited,NSE+BSE,NSE Mainboard,EQ,A,Active
2014,INE669E01016,Y,IDEA,532822,IDEA,Vodafone Idea Limited,NSE+BSE,NSE Mainboard,EQ,A,Active
2015,INE349Y01013,Y,IDEAFORGE,543932,IDEAFORGE,Ideaforge Technology Limited,NSE+BSE,NSE Mainboard,EQ,B,Active
2016,INE0T9I01011,Y,IDEALTECHO,,,Ideal Technoplast Industries Limited,NSE only,NSE SME (Emerge),SM,,
2017,INE0TD101011,Y,IDENTICAL,,,Identical Brains Studios Limited,NSE only,NSE SME (Emerge),SM,,
2018,INE0PA401012,Y,,544388,IDENTIXWEB,Identixweb Limited,BSE only,BSE Equity,,M,Active
2019,INE092T01019,Y,IDFCFIRSTB,539437,IDFCFIRSTB,IDFC First Bank Limited,NSE+BSE,NSE Mainboard,EQ,A,Active
2020,INE459E01012,Y,,504375,IDREAM,IDream Film Infrastructure Company Limited,BSE only,BSE Equity,,P,Active
2021,INE172B01017,Y,,531840,IECEDU,IEC Education Limited,BSE only,BSE Equity,,X,Active
2022,INE0RRU01016,Y,IEML,,,Indian Emulsifiers Limited,NSE only,NSE SME (Emerge),SM,,
2023,INE022Q01020,Y,IEX,540750,IEX,Indian Energy Exchange Limited,NSE+BSE,NSE Mainboard,EQ,A,Active
2024,INE076C01018,Y,IFBAGRO,507438,IFBAGRO,IFB Agro Industries Limited,NSE+BSE,NSE Mainboard,BE,T,Active
2025,INE559A01017,Y,IFBIND,505726,IFBIND,IFB Industries Limited,NSE+BSE,NSE Mainboard,EQ,B,Active
2026,INE039A01010,Y,IFCI,500106,IFCI,IFCI Limited,NSE+BSE,NSE Mainboard,EQ,A,Active
2027,INE133Y01011,Y,IFGLEXPOR,540774,IFGLEXPOR,IFGL Refractories Limited,NSE+BSE,NSE Mainboard,EQ,B,Active
2028,INE474O01010,Y,,535667,IFINSEC,India Finsec Limited,BSE only,BSE Equity,,X,Active
2029,INE064T01018,Y,,539692,IFINSER,INTERACTIVE FINANCIAL SERVICES LIMITED,BSE only,BSE Equity,,X,Active
2030,INE714U01024,Y,,540377,IFL,IFL ENTERPRISES LIMITED,BSE only,BSE Equity,,B,Active
2031,INE188B01013,Y,IGARASHI,517380,IGARASHI,Igarashi Motors India Limited,NSE+BSE,NSE Mainboard,EQ,B,Active
2032,INE099S01016,Y,,539449,IGCIL,IGC Industries Limited,BSE only,BSE Equity,,X,Active
2033,INE05J901018,Y,IGCL,544432,IGCL,Indogulf Cropsciences Limited,NSE+BSE,NSE Mainboard,EQ,B,Active
2034,INE0Q9301021,Y,IGIL,544311,IGIL,International Gemological Institute Limited,NSE+BSE,NSE Mainboard,EQ,A,Active
2035,INE203G01027,Y,IGL,532514,IGL,Indraprastha Gas Limited,NSE+BSE,NSE Mainboard,EQ,A,Active
2036,INE684U01011,Y,,506945,IGLFXPL-B,Indo Gulf Industries  Ltd.,BSE only,BSE Equity,,P,Active
2037,INE204A01010,Y,IGPL,500199,IGPL,IG Petrochemicals Limited,NSE+BSE,NSE Mainboard,EQ,B,Active
2038,INE530B01024,Y,IIFL,532636,IIFL,IIFL Finance Limited,NSE+BSE,NSE Mainboard,EQ,A,Active
2039,INE489L01022,Y,IIFLCAPS,542773,IIFLCAPS,IIFL Capital Services Limited,NSE+BSE,NSE Mainboard,EQ,A,Active
2040,INE670C01026,Y,,526530,IIRM,IIRM HOLDINGS INDIA LIMITED,BSE only,BSE Equity,,XT,Active
2041,INE818R01011,Y,,540134,IISL,ISHAAN INFRASTRUCTURE AND SHELTERS LIMITED,BSE only,BSE Equity,,XT,Active
2042,INE886A01014,Y,IITL,501295,IITL,Industrial Investment Trust Limited,NSE+BSE,NSE Mainboard,EQ,B,Active
2043,INE786E01018,Y,,531968,IITLPROJ,IITL PROJECTS LIMITED,BSE only,BSE Equity,,XT,Active
2044,INE0LOJ01019,Y,IKIO,543923,IKIO,IKIO Technologies Limited,NSE+BSE,NSE Mainboard,EQ,B,Active
2045,INE164D01010,Y,,531997,IKOMA,IKOMA TECHNOLOGIES LIMITED,BSE only,BSE Equity,,XT,Active
2046,INE115Q01022,Y,IKS,544309,IKS,Inventurus Knowledge Solutions Limited,NSE+BSE,NSE Mainboard,EQ,A,Active
2047,INE369I01014,Y,IL&FSENGG,532907,IL&FSENGG,IL&FS Engineering and Construction Company Limited,NSE+BSE,NSE Mainboard,BZ,Z,Active
2048,INE975G01012,Y,IL&FSTRANS,533177,IL&FSTRANS,IL&FS Transportation Networks Limited,NSE+BSE,NSE Mainboard,BZ,Z,Active
2049,INE172N01012,Y,IMAGICAA,539056,IMAGICAA,Imagicaaworld Entertainment Limited,NSE+BSE,NSE Mainboard,EQ,B,Active
2050,INE611C01020,Y,,513295,IMEC,IMEC SERVICES LIMITED,BSE only,BSE Equity,,X,Active
2051,INE919H01018,Y,IMFA,533047,IMFA,Indian Metals & Ferro Alloys Limited,NSE+BSE,NSE Mainboard,EQ,A,Active
2052,INE547E01014,Y,IMPAL,590065,IMPAL,India Motor Parts and Accessories Limited,NSE+BSE,NSE Mainboard,EQ,B,Active
2053,INE691G01015,Y,IMPEXFERRO,532614,IMPEXFERRO,Impex Ferro Tech Limited,NSE+BSE,NSE Mainboard,BZ,Z,Active
2054,INE0LGX01024,Y,INA,543620,INA,Insolation Energy Limited,NSE+BSE,NSE Mainboard,EQ,B,Active
2055,INE635D01027,Y,,531129,INANI,Inani Marbles & Industries Ltd.,BSE only,BSE Equity,,X,Active
2056,INE224C01014,Y,,531672,INANISEC,Inani Securities Ltd.,BSE only,BSE Equity,,X,Active
2057,INE437C01012,Y,,517370,INCAP,Incap Ltd,BSE only,BSE Equity,,X,Active
2058,INE507D01010,Y,,531594,INCON,Incon Engineers Ltd.,BSE only,BSE Equity,,XT,Active
2059,INE452L01012,Y,INCREDIBLE,538365,INCREDIBLE,INCREDIBLE INDUSTRIES LIMITED,NSE+BSE,NSE Mainboard,EQ,B,Active
2060,INE802D01023,Y,,509162,INDAG,Indag Rubber Ltd.,BSE only,BSE Equity,,X,Active
2061,INE115E01010,Y,,517077,INDAGIV,Ind-Agiv Commerce Ltd.,BSE only,BSE Equity,,XT,Active
2062,INE841B01017,Y,INDBANK,511473,INDBANK,Indbank Merchant Banking Services Limited,NSE+BSE,NSE Mainboard,EQ,B,Active
2063,INE969D01012,Y,,523465,INDBNK,Ind Bank Housing Ltd,BSE only,BSE Equity,,B,Active
2064,INE429D01017,Y,,511355,INDCEMCAP,India Cements Capital Limited,BSE only,BSE Equity,,XT,Active
2065,INE146H01018,Y,,532001,INDCTST,Inducto Steels ltd.,BSE only,BSE Equity,,X,Active
2066,INE628F01019,Y,,531505,INDERGR,Indergiri Finance ltd.,BSE only,BSE Equity,,XT,Active
2067,INE342D01012,Y,,531253,INDGELA,India Gelatine & Chemicals Ltd.,BSE only,BSE Equity,,X,Active
2068,INE065X01017,Y,INDGN,544172,INDGN,Indegene Limited,NSE+BSE,NSE Mainboard,EQ,A,Active
2069,INE053A01029,Y,INDHOTEL,500850,INDHOTEL,The Indian Hotels Company Limited,NSE+BSE,NSE Mainboard,EQ,A,Active
2070,INE383A01012,Y,INDIACEM,530005,INDIACEM,The India Cements Limited,NSE+BSE,NSE Mainboard,EQ,A,Active
2071,INE560A01023,Y,INDIAGLYCO,500201,INDIAGLYCO,India Glycols Limited,NSE+BSE,NSE Mainboard,EQ,A,Active
2072,INE274E01015,Y,,530979,INDIAHOME,India Home Loan Limited,BSE only,BSE Equity,,X,Active
2073,INE072A01029,Y,,513361,INDIAHOMES,India Homes Limited,BSE only,BSE Equity,,X,Active
2074,INE933S01016,Y,INDIAMART,542726,INDIAMART,Indiamart Intermesh Limited,NSE+BSE,NSE Mainboard,EQ,A,Active
2075,INE862B01013,Y,,514165,INDIANACRY,Indian Acrylics Ltd,BSE only,BSE Equity,,X,Active
2076,INE562A01011,Y,INDIANB,532814,INDIANB,Indian Bank,NSE+BSE,NSE Mainboard,EQ,A,Active
2077,INE061A01014,Y,INDIANCARD,509692,INDIANCARD,Indian Card Clothing Company Limited,NSE+BSE,NSE Mainboard,EQ,B,Active
2078,INE323C01030,Y,INDIANHUME,504741,INDIANHUME,Indian Hume Pipe Company Limited,NSE+BSE,NSE Mainboard,EQ,B,Active
2079,INE131H01028,Y,,501700,INDIANVSH,India Nivesh Limited,BSE only,BSE Equity,,X,Active
2080,INE922K01024,Y,INDIASHLTR,544044,INDIASHLTR,India Shelter Finance Corporation Limited,NSE+BSE,NSE Mainboard,EQ,A,Active
2081,INE0PS301014,Y,INDIFRA,,,Indifra Limited,NSE only,NSE SME (Emerge),SM,,
2082,INE646L01027,Y,INDIGO,539448,INDIGO,InterGlobe Aviation Limited,NSE+BSE,NSE Mainboard,EQ,A,Active
2083,INE09VQ01012,Y,INDIGOPNTS,543258,INDIGOPNTS,Indigo Paints Limited,NSE+BSE,NSE Mainboard,EQ,A,Active
2084,INE300B01022,Y,,509051,INDINFO,Indian Infotech And Software Ltd.,BSE only,BSE Equity,,X,Active
2085,INE06ST01018,Y,INDIQUBE,544454,INDIQUBE,Indiqube Spaces Limited,NSE+BSE,NSE Mainboard,EQ,B,Active
2086,INE333C01013,Y,,500202,INDLEASE,India Lease Devl. Ltd.,BSE only,BSE Equity,,X,Active
2087,INE092B01025,Y,INDNIPPON,532240,INDNIPPON,India Nippon Electricals Limited,NSE+BSE,NSE Mainboard,EQ,B,Active
2088,INE760F01028,Y,INDOAMIN,524648,INDOAMIN,Indo Amines Limited,NSE+BSE,NSE Mainboard,BE,T,Active
2089,INE0FK501019,Y,,544334,INDOBELL,Indobell Insulations Limited,BSE only,BSE Equity,,MT,Active
2090,INE803D01021,Y,INDOBORAX,524342,INDOBORAX,Indo Borax & Chemicals Limited,NSE+BSE,NSE Mainboard,EQ,B,Active
2091,INE456B01014,Y,,532100,INDOCITY,Indo-City Infotech Ltd.,BSE only,BSE Equity,,X,Active
2092,INE873D01024,Y,INDOCO,532612,INDOCO,Indoco Remedies Limited,NSE+BSE,NSE Mainboard,EQ,B,Active
2093,INE147D01015,Y,,526887,INDOCRED,Indo Credit Capital Ltd.,BSE only,BSE Equity,,XT,Active
2094,INE319N01019,Y,,524458,INDOEURO,Indo Euro Indchem Limited,BSE only,BSE Equity,,X,Active
2095,INE622H01018,Y,INDOFARM,544328,INDOFARM,Indo Farm Equipment Limited,NSE+BSE,NSE Mainboard,EQ,B,Active
2096,INE716F01012,Y,,504092,INDOKEM,Indokem Ltd,BSE only,BSE Equity,,B,Active
2097,INE084101034,Y,INDOMIM,544837,INDOMIM,INDO-MIM Limited,NSE+BSE,NSE Mainboard,EQ,B,Active
2098,INE0KN201016,Y,,543769,INDONG,INDONG TEA COMPANY LIMITED,BSE only,BSE Equity,,MT,Active
2099,INE156A01020,Y,INDORAMA,500207,INDORAMA,Indo Rama Synthetics (India) Limited,NSE+BSE,NSE Mainboard,EQ,B,Active
2100,INE0WKY01013,Y,,544681,INDOSMC,INDO SMC Limited,BSE only,BSE Equity,,M,Active
2101,INE896L01010,Y,INDOSTAR,541336,INDOSTAR,IndoStar Capital Finance Limited,NSE+BSE,NSE Mainboard,EQ,B,Active
2102,INE332H01014,Y,INDOTECH,532717,INDOTECH,Indo Tech Transformers Limited,NSE+BSE,NSE Mainboard,EQ,B,Active
2103,INE337M01021,Y,INDOTHAI,533676,INDOTHAI,Indo Thai Securities Limited,NSE+BSE,NSE Mainboard,EQ,B,Active
2104,INE250Z01010,Y,INDOUS,541304,INDOUS,Indo Us Biotech Limited,NSE+BSE,NSE Mainboard,EQ,B,Active
2105,INE227G01018,Y,INDOWIND,532894,INDOWIND,Indowind Energy Limited,NSE+BSE,NSE Mainboard,EQ,B,Active
2106,INE620D01011,Y,INDPRUD,501298,INDPRUD,Industrial & Prudential Investment Company Limited,NSE+BSE,NSE Mainboard,EQ,B,Active
2107,INE681B01017,Y,INDRAMEDCO,532150,INDRAMEDCO,Indraprastha Medical Corporation Limited,NSE+BSE,NSE Mainboard,EQ,A,Active
2108,INE007C01021,Y,,526445,INDRANIB,Indrayani Biotech Ltd.,BSE only,BSE Equity,,X,Active
2109,INE138O01029,Y,,536709,INDRENEW,IND Renewable Energy Ltd,BSE only,BSE Equity,,Z,Active
2110,INE867D01018,Y,,522165,INDSILHYD,Indsil Hydro Power and Manganese Limited,BSE only,BSE Equity,,X,Active
2111,INE557C01017,Y,,500319,INDSUCR,Indian Sucrose Ltd.,BSE only,BSE Equity,,X,Active
2112,INE915B01019,Y,INDSWFTLAB,532305,INDSWFTLAB,Ind-Swift Laboratories Limited,NSE+BSE,NSE Mainboard,EQ,B,Active
2113,INE611L01021,Y,INDTERRAIN,533329,INDTERRAIN,Indian Terrain Fashions Limited,NSE+BSE,NSE Mainboard,EQ,B,Active
2114,INE826B01026,Y,,523586,INDTONER,Indian Toners & Developers Ltd.,BSE only,BSE Equity,,X,Active
2115,INE935D01013,Y,,531841,INDUSFINL,Indus Finance Limited,BSE only,BSE Equity,,XT,Active
2116,INE095A01012,Y,INDUSINDBK,532187,INDUSINDBK,IndusInd Bank Limited,NSE+BSE,NSE Mainboard,EQ,A,Active
2117,INE121J01017,Y,INDUSTOWER,534816,INDUSTOWER,Indus Towers Limited,NSE+BSE,NSE Mainboard,EQ,A,Active
2118,INE056E01024,Y,,524614,INDXTRA,IEL LIMITED,BSE only,BSE Equity,,X,Active
2119,INE16XA01017,Y,,544567,INFINITY,Infinity Infoway Limited,BSE only,BSE Equity,,M,Active
2120,INE0MRE01011,Y,INFINIUM,,,Infinium Pharmachem Limited,NSE only,NSE SME (Emerge),SM,,
2121,INE464Z01017,Y,,541083,INFLAME,Inflame Appliances Limited,BSE only,BSE Equity,,M,Active
2122,INE0MYZ01012,Y,INFLUX,,,Influx Healthtech Limited,NSE only,NSE SME (Emerge),SM,,
2123,INE344S01016,Y,INFOBEAN,543644,INFOBEAN,InfoBeans Technologies Limited,NSE+BSE,NSE Mainboard,EQ,B,Active
2124,INE0NNZ01013,Y,INFOLLION,,,Infollion Research Services Limited,NSE only,NSE SME (Emerge),SM,,
2125,INE669A01022,Y,INFOMEDIA,509069,INFOMEDIA,Infomedia Press Limited,NSE+BSE,NSE Mainboard,EQ,B,Active
2126,INE12IB01015,Y,,544393,INFONATIVE,INFONATIVE SOLUTIONS LIMITED,BSE only,BSE Equity,,MT,Active
2127,INE123E01014,Y,,504810,INFORTEC,Informed Technologies India Ltd.,BSE only,BSE Equity,,X,Active
2128,INE463B01036,Y,,537985,INFRONICS,INFRONICS SYSTEMS LIMITED,BSE only,BSE Equity,,X,Active
2129,INE009A01021,Y,INFY,500209,INFY,Infosys Limited,NSE+BSE,NSE Mainboard,EQ,A,Active
2130,INE177A01018,Y,INGERRAND,500210,INGERRAND,Ingersoll Rand (India) Limited,NSE+BSE,NSE Mainboard,EQ,B,Active
2131,INE055O01033,Y,,530787,INLANPR,Inland Printers Ltd.,BSE only,BSE Equity,,XT,Active
2132,INE359D01024,Y,,504746,INLCM,Indian Link Chain Mnfrs. Ltd.,BSE only,BSE Equity,,X,Active
2133,INE0OPC01015,Y,INM,,,Interiors & More Limited,NSE only,NSE SME (Emerge),SM,,
2134,INE0LDI01022,Y,,543905,INNOKAIZ,INNOKAIZ INDIA LIMITED,BSE only,BSE Equity,,MT,Active
2135,INE0S1D01010,Y,INNOMET,,,Innomet Advanced Materials Limited,NSE only,NSE SME (Emerge),ST,,
2136,INE0DUT01020,Y,INNOVACAP,544067,INNOVACAP,Innova Captab Limited,NSE+BSE,NSE Mainboard,EQ,B,Active
2137,INE403Y01018,Y,INNOVANA,544302,INNOVANA,Innovana Thinklabs Limited,NSE+BSE,NSE Mainboard,EQ,B,Active
2138,INE492Y01011,Y,,541983,INNOVATIVE,Innovative Ideals and Services (India) Limited,BSE only,BSE Equity,,M,Active
2139,INE870Z01015,Y,,541353,INNOVATORS,Innovators Facade Systems Limited,BSE only,BSE Equity,,M,Active
2140,INE0ADB01012,Y,INNOVISION,544732,INNOVISION,Innovision Limited,NSE+BSE,NSE Mainboard,EQ,B,Active
2141,INE965C01038,Y,,523840,INNOVTEC,Innovative Tech Pack Ltd,BSE only,BSE Equity,,X,Active
2142,INE510W01014,Y,INOXGREEN,543667,INOXGREEN,Inox Green Energy Services Limited,NSE+BSE,NSE Mainboard,BE,T,Active
2143,INE616N01034,Y,INOXINDIA,544046,INOXINDIA,INOX India Limited,NSE+BSE,NSE Mainboard,EQ,A,Active
2144,INE066P01011,Y,INOXWIND,539083,INOXWIND,Inox Wind Limited,NSE+BSE,NSE Mainboard,EQ,A,Active
2145,INE070I01018,Y,INSECTICID,532851,INSECTICID,Insecticides (India) Limited,NSE+BSE,NSE Mainboard,EQ,B,Active
2146,INE0NDX01019,Y,INSPIRE,,,Inspire Films Limited,NSE only,NSE SME (Emerge),SM,,
2147,INE020G01017,Y,INSPIRISYS,532774,INSPIRISYS,Inspirisys Solutions Limited,NSE+BSE,NSE Mainboard,BE,T,Active
2148,INE366H01012,Y,,531314,INTCAPL,INTEGRA CAPITAL LIMITED,BSE only,BSE Equity,,X,Active
2149,INE017E01018,Y,,526871,INTECCAP,Intec Capital Limited,BSE only,BSE Equity,,XT,Active
2150,INE177M01013,Y,,519606,INTEGFD,Integrated Proteins Ltd.,BSE only,BSE Equity,,XT,Active
2151,INE934A01012,Y,,532303,INTEGHIT,Integrated Hi-tech ltd.,BSE only,BSE Equity,,X,Active
2152,INE984B01023,Y,,505358,INTEGRAEN,Integra Engineering India Ltd.,BSE only,BSE Equity,,XT,Active
2153,INE0YSH01017,Y,INTEGRITY,,,Integrity Infrabuild Developers Limited,NSE only,NSE SME (Emerge),ST,,
2154,INE306R01017,Y,INTELLECT,538835,INTELLECT,Intellect Design Arena Limited,NSE+BSE,NSE Mainboard,EQ,A,Active
2155,INE781A01025,Y,INTENTECH,532326,INTENTECH,Intense Technologies Limited,NSE+BSE,NSE Mainboard,EQ,B,Active
2156,INE00M901018,Y,INTERARCH,544232,INTERARCH,Interarch Building Solutions Limited,NSE+BSE,NSE Mainboard,EQ,B,Active
2157,INE038N01015,Y,,530921,INTETHR,Integrated Thermoplastics Ltd.,BSE only,BSE Equity,,P,Active
2158,INE403C01014,Y,,505737,INTLCOMBQ,International Combustion (India) Lt,BSE only,BSE Equity,,X,Active
2159,INE575C01027,Y,INTLCONV,509709,INTLCONV,International Conveyors Limited,NSE+BSE,NSE Mainboard,EQ,B,Active
2160,INE661M01016,Y,,511391,INTRGLB,Inter Globe Finance Ltd.,BSE only,BSE Equity,,X,Active
2161,INE003B01014,Y,,530259,INTSTOIL,Inter State Oil Carrier Ltd,BSE only,BSE Equity,,X,Active
2162,INE878H01024,Y,INVENTURE,533506,INVENTURE,Inventure Growth & Securities Limited,NSE+BSE,NSE Mainboard,EQ,B,Active
2163,INE0XJ501010,Y,INVICTA,,,Invicta Diagnostic Limited,NSE only,NSE SME (Emerge),SM,,
2164,INE359A01012,Y,,511716,INVIGO,Invigorated Business Consulting Limited,BSE only,BSE Equity,,X,Active
2165,INE155E01016,Y,INVPRECQ,504786,INVPRECQ,Investment & Precision Castings Limited,NSE+BSE,NSE Mainboard,BE,T,Active
2166,INE565A01014,Y,IOB,532388,IOB,Indian Overseas Bank,NSE+BSE,NSE Mainboard,EQ,A,Active
2167,INE242A01010,Y,IOC,530965,IOC,Indian Oil Corporation Limited,NSE+BSE,NSE Mainboard,EQ,A,Active
2168,INE485C01029,Y,IOLCP,524164,IOLCP,IOL Chemicals and Pharmaceuticals Limited,NSE+BSE,NSE Mainboard,EQ,B,Active
2169,INE570A01022,Y,IONEXCHANG,500214,IONEXCHANG,ION Exchange (India) Limited,NSE+BSE,NSE Mainboard,EQ,A,Active
2170,INE571A01038,Y,IPCALAB,524494,IPCALAB,IPCA Laboratories Limited,NSE+BSE,NSE Mainboard,EQ,A,Active
2171,INE0DHF01018,Y,IPHL,,,Indian Phosphate Limited,NSE only,NSE SME (Emerge),SM,,
2172,INE0D6701023,Y,IPL,543311,IPL,India Pesticides Limited,NSE+BSE,NSE Mainboard,EQ,B,Active
2173,INE558A01019,Y,,523638,IPRINGLTD,IP Rings Ltd.,BSE only,BSE Equity,,X,Active
2174,INE02EE01019,Y,IPSL,,,Integrated Personnel Services Limited,NSE only,NSE SME (Emerge),SM,,
2175,INE821I01022,Y,IRB,532947,IRB,IRB Infrastructure Developers Limited,NSE+BSE,NSE Mainboard,EQ,A,Active
2176,INE962Y01021,Y,IRCON,541956,IRCON,Ircon International Limited,NSE+BSE,NSE Mainboard,EQ,A,Active
2177,INE335Y01020,Y,IRCTC,542830,IRCTC,Indian Railway Catering And Tourism Corporation Limited,NSE+BSE,NSE Mainboard,EQ,A,Active
2178,INE202E01016,Y,IREDA,544026,IREDA,Indian Renewable Energy Development Agency Limited,NSE+BSE,NSE Mainboard,EQ,A,Active
2179,INE053F01010,Y,IRFC,543257,IRFC,Indian Railway Finance Corporation Limited,NSE+BSE,NSE Mainboard,EQ,A,Active
2180,INE864K01010,Y,IRIS,540735,IRIS,IRIS RegTech Solutions Limited,NSE+BSE,NSE Mainboard,EQ,B,Active
2181,INE01GN01025,Y,IRISDOREME,,,Iris Clothings Limited,NSE only,NSE Mainboard,EQ,,
2182,INE07U701015,Y,IRMENERGY,544004,IRMENERGY,IRM Energy Limited,NSE+BSE,NSE Mainboard,EQ,B,Active
2183,INE791H01011,Y,,508918,IRONWOOD,IRONWOOD EDUCATION LIMITED,BSE only,BSE Equity,,X,Active
2184,INE899M01020,Y,,534920,ISERA,iSERA LIFESCIENCES LIMITED,BSE only,BSE Equity,,XT,Active
2185,INE973B01026,Y,,526859,ISFL,ISF LIMITED,BSE only,BSE Equity,,X,Active
2186,INE566K01011,Y,ISFT,533181,ISFT,Intrasoft Technologies Limited,NSE+BSE,NSE Mainboard,EQ,B,Active
2187,INE858B01029,Y,ISGEC,533033,ISGEC,Isgec Heavy Engineering Limited,NSE+BSE,NSE Mainboard,EQ,B,Active
2188,INE0LCW01025,Y,ISHAN,,,Ishan International Limited,NSE only,NSE SME (Emerge),SM,,
2189,INE561M01018,Y,ISHANCH,531109,ISHANCH,Ishan Dyes and Chemicals Limited,NSE+BSE,NSE Mainboard,EQ,B,Active
2190,INE806D01016,Y,,524400,ISHITADR,Ishita Drugs & Industries Ltd.,BSE only,BSE Equity,,X,Active
2191,INE073I01012,Y,,506161,ISHWATR,Ishwarshakti Holdings & Traders Ltd,BSE only,BSE Equity,,XT,Active
2192,INE569B01022,Y,,511609,ISLCONSUL,ISL Consulting Ltd,BSE only,BSE Equity,,X,Active
2193,INE684B01029,Y,,508807,ISTLTD,IST Limited,BSE only,BSE Equity,,X,Active
2194,INE532B01020,Y,,524622,ISTRNETWK,iStreet Network Limited,BSE only,BSE Equity,,X,Active
2195,INE0R7R01018,Y,ITALIANE,,,Italian Edibles Limited,NSE only,NSE SME (Emerge),SM,,
2196,INE154A01025,Y,ITC,500875,ITC,ITC Limited,NSE+BSE,NSE Mainboard,EQ,A,Active
2197,INE379A01028,Y,ITCHOTELS,544325,ITCHOTELS,ITC Hotels Limited,NSE+BSE,NSE Mainboard,EQ,A,Active
2198,INE0O6A01019,Y,,543806,ITCONS,ITCONS E-Solutions Limited,BSE only,BSE Equity,,M,Active
2199,INE353K01014,Y,ITDC,532189,ITDC,India Tourism Development Corporation Limited,NSE+BSE,NSE Mainboard,EQ,B,Active
2200,INE262B01016,Y,,500213,ITHL,International Travel House Ltd,BSE only,BSE Equity,,X,Active
2201,INE248A01017,Y,ITI,523610,ITI,ITI Limited,NSE+BSE,NSE Mainboard,EQ,B,Active
2202,INE478D01014,Y,,522183,ITL,ITL Industries Ltd.,BSE only,BSE Equity,,X,Active
2203,INE070Y01023,Y,ITTL,,,Innovative Tyres & Tubes Limited,NSE only,NSE SME (Emerge),ST,,
2204,INE056801025,Y,IVALUE,544523,IVALUE,Ivalue Infosolutions Limited,NSE+BSE,NSE Mainboard,EQ,B,Active
2205,INE050B01023,Y,IVC,511208,IVC,IL&FS Investment Managers Limited,NSE+BSE,NSE Mainboard,EQ,B,Active
2206,INE043C01018,Y,IVP,507580,IVP,IVP Limited,NSE+BSE,NSE Mainboard,BE,T,Active
2207,INE1AII01014,Y,IWARE,,,Iware Supplychain Services Limited,NSE only,NSE SME (Emerge),ST,,
2208,INE586E01020,Y,IWP,540954,IWP,The Indian Wood Products Company Limited,NSE+BSE,NSE Mainboard,EQ,B,Active
2209,INE0HV901016,Y,IXIGO,544192,IXIGO,Le Travenues Technology Limited,NSE+BSE,NSE Mainboard,EQ,A,Active
2210,INE848A01014,Y,IZMO,532341,IZMO,IZMO Limited,NSE+BSE,NSE Mainboard,EQ,B,Active
2211,INE168A01041,Y,J&KBANK,532209,J&KBANK,The Jammu & Kashmir Bank Limited,NSE+BSE,NSE Mainboard,EQ,A,Active
2212,INE508N01025,Y,,538422,JACKSON,Jackson Investments Limited,BSE only,BSE Equity,,X,Active
2213,INE825B01010,Y,,543860,JAFINANCE,J.A. Finance Limited,BSE only,BSE Equity,,X,Active
2214,INE574A01016,Y,,507155,JAGAJITIND,Jagatjit Industries Ltd.,BSE only,BSE Equity,,X,Active
2215,INE144C01014,Y,,530711,JAGANLAM,Jagan Lamps Ltd.,BSE only,BSE Equity,,X,Active
2216,INE702H01018,Y,,532825,JAGJANANI,JAGJANANI TEXTILES LIMITED,BSE only,BSE Equity,,X,Active
2217,INE199G01027,Y,JAGRAN,532705,JAGRAN,Jagran Prakashan Limited,NSE+BSE,NSE Mainboard,EQ,B,Active
2218,INE048B01035,Y,JAGSNPHARM,507789,JAGSNPHARM,Jagsonpal Pharmaceuticals Limited,NSE+BSE,NSE Mainboard,EQ,B,Active
2219,INE582C01015,Y,,530601,JAGSONSER,JAGSONPAL SERVICES LIMITED,BSE only,BSE Equity,,X,Active
2220,INE091G01026,Y,JAIBALAJI,532976,JAIBALAJI,Jai Balaji Industries Limited,NSE+BSE,NSE Mainboard,EQ,A,Active
2221,INE070D01027,Y,JAICORPLTD,512237,JAICORPLTD,Jai Corp Limited,NSE+BSE,NSE Mainboard,EQ,B,Active
2222,INE156E01014,Y,,514312,JAIHIND,JAIHIND INDUSTRIES LIMITED,BSE only,BSE Equity,,X,Active
2223,INE250C01027,Y,,523467,JAIMATAG,Jai Mata Glass Ltd.,BSE only,BSE Equity,,XT,Active
2224,INE02KC01010,Y,JAINAM,,,Jainam Ferro Alloys (I) Limited,NSE only,NSE SME (Emerge),SM,,
2225,INE966C01010,Y,,526865,JAINCO,Jainco Projects (India) Ltd.,BSE only,BSE Equity,,X,Active
2226,INE280F01019,Y,,505212,JAINEX,JAINEX AAMCOL LTD.,BSE only,BSE Equity,,X,Active
2227,INE0XIL01012,Y,JAINIK,,,Jainik Power Cables Limited,NSE only,NSE SME (Emerge),SM,,
2228,INE780Q01015,Y,,539119,JAINMARMO,Jain Marmo Industries Ltd.,BSE only,BSE Equity,,X,Active
2229,INE0YD401026,Y,JAINREC,544537,JAINREC,Jain Resource Recycling Limited,NSE+BSE,NSE Mainboard,EQ,B,Active
2230,INE058D01030,Y,,505840,JAIPAN,Jaipan Industries Ltd,BSE only,BSE Equity,,X,Active
2231,INE696V01013,Y,JAIPURKURT,,,Nandani Creation Limited,NSE only,NSE Mainboard,EQ,,
2232,INE00N401018,Y,JAKHARIA,,,JAKHARIA FABRIC LIMITED,NSE only,NSE SME (Emerge),ST,,
2233,INE349X01015,Y,JALAN,,,Jalan Transolutions (India) Limited,NSE only,NSE SME (Emerge),ST,,
2234,INE718P01017,Y,,538564,JAMESWARREN,James Warren Tea Limited,BSE only,BSE Equity,,X,Active
2235,INE039C01032,Y,JAMNAAUTO,520051,JAMNAAUTO,Jamna Auto Industries Limited,NSE+BSE,NSE Mainboard,EQ,A,Active
2236,INE462D01034,Y,,502901,JAMSHRI,JAMSHRI REALTY LIMITED,BSE only,BSE Equity,,X,Active
2237,INE00YJ01010,Y,JARO,544534,JARO,Jaro Institute of Technology Management and Research Limited,NSE+BSE,NSE Mainboard,EQ,B,Active
2238,INE711C01028,Y,,500220,JASCH,Jasch Industries Ltd.,BSE only,BSE Equity,,XT,Active
2239,INE039O01029,Y,JASH,544402,JASH,Jash Engineering Limited,NSE+BSE,NSE Mainboard,EQ,B,Active
2240,INE722N01014,Y,,514318,JATTAINDUS,Jattashankar Industries Limited,BSE only,BSE Equity,,X,Active
2241,INE593O01017,Y,,526001,JAUSPOL,Jauss Polymers Ltd,BSE only,BSE Equity,,X,Active
2242,INE785A01026,Y,JAYAGROGN,524330,JAYAGROGN,Jayant Agro Organics Limited,NSE+BSE,NSE Mainboard,EQ,B,Active
2243,INE0KR801019,Y,,543544,JAYANT,JAYANT INFRATECH LIMITED,BSE only,BSE Equity,,MT,Active
2244,INE246D01015,Y,,539005,JAYATMA,JAYATMA ENTERPRISES LIMITED,BSE only,BSE Equity,,X,Active
2245,INE571B01036,Y,JAYBARMARU,520066,JAYBARMARU,Jay Bharat Maruti Limited,NSE+BSE,NSE Mainboard,EQ,B,Active
2246,INE0SMY01017,Y,JAYBEE,,,Jay Bee Laminations Limited,NSE only,NSE SME (Emerge),SM,,
2247,INE998D01011,Y,,501311,JAYBHCR,Jayabharat Credit Ltd.,BSE only,BSE Equity,,X,Active
2248,INE693E01016,Y,,506520,JAYCH,Jayshree Chemicals Ltd.,BSE only,BSE Equity,,X,Active
2249,INE1AE401014,Y,JAYESH,,,Jayesh Logistics Limited,NSE only,NSE SME (Emerge),SM,,
2250,INE250D01017,Y,,531323,JAYIND,JAYATMA INDUSTRIES LIMITED,BSE only,BSE Equity,,X,Active
2251,INE0MSS01019,Y,,544160,JAYKAILASH,Jay Kailash Namkeen Limited,BSE only,BSE Equity,,MT,Active
2252,INE903A01025,Y,JAYKAY,500306,JAYKAY,Jaykay Enterprises Limited,NSE+BSE,NSE Mainboard,EQ,B,Active
2253,INE854B01010,Y,JAYNECOIND,522285,JAYNECOIND,Jayaswal Neco Industries Limited,NSE+BSE,NSE Mainboard,EQ,A,Active
2254,INE364A01020,Y,JAYSREETEA,509715,JAYSREETEA,Jayshree Tea & Industries Limited,NSE+BSE,NSE Mainboard,EQ,B,Active
2255,INE263B01022,Y,,524592,JAYSYNTH,JAYSYNTH ORGOCHEM LIMITED,BSE only,BSE Equity,,X,Active
2256,INE289D01015,Y,,513252,JAYUSH,Jay Ushin Ltd.,BSE only,BSE Equity,,X,Active
2257,INE927D01051,Y,JBMA,532605,JBMA,JBM Auto Limited,NSE+BSE,NSE Mainboard,EQ,A,Active
2258,INE14VP01014,Y,,544524,JDCABLES,JD CABLES LIMITED,BSE only,BSE Equity,,M,Active
2259,INE354A01013,Y,,524731,JENBURPH,Jenburkt Pharmaceuticals Ltd.,BSE only,BSE Equity,,X,Active
2260,INE982V01025,Y,JETFREIGHT,543420,JETFREIGHT,Jet Freight Logistics Limited,NSE+BSE,NSE Mainboard,EQ,B,Active
2261,INE919C01019,Y,,517063,JETKINGQ,Jetking Infotrain Ltd.,BSE only,BSE Equity,,X,Active
2262,INE564T01017,Y,JETKNIT,,,Jet Knitwears Limited,NSE only,NSE SME (Emerge),ST,,
2263,INE155R01018,Y,,538794,JETSOLAR,JET SOLAR LIMITED,BSE only,BSE Equity,,M,Active
2264,INE0RXB01022,Y,JEYYAM,,,Jeyyam Global Foods Limited,NSE only,NSE SME (Emerge),ST,,
2265,INE841Y01019,Y,,540850,JFL,Jhandewalas Foods Limited,BSE only,BSE Equity,,M,Active
2266,INE0LA901015,Y,JFLLIFE,,,Jfl Life Sciences Limited,NSE only,NSE SME (Emerge),SM,,
2267,INE0MB501011,Y,JGCHEM,544138,JGCHEM,J.G.Chemicals Limited,NSE+BSE,NSE Mainboard,EQ,B,Active
2268,INE0QXV01014,Y,,544112,JGTL,JASCH GAUGING TECHNOLOGIES LIMITED,BSE only,BSE Equity,,X,Active
2269,INE865D01012,Y,,531550,JHACC,Jhaveri Credits & Capital Ltd.,BSE only,BSE Equity,,X,Active
2270,INE544H01014,Y,JHS,532771,JHS,JHS Svendgaard Laboratories Limited,NSE+BSE,NSE Mainboard,EQ,B,Active
2271,INE943X01015,Y,,540651,JIGAR,Jigar Cables Limited,BSE only,BSE Equity,,M,Active
2272,INE796G01012,Y,JINDALPHOT,532624,JINDALPHOT,Jindal Photo Limited,NSE+BSE,NSE Mainboard,EQ,B,Active
2273,INE197D01010,Y,JINDALPOLY,500227,JINDALPOLY,Jindal Poly Films Limited,NSE+BSE,NSE Mainboard,EQ,B,Active
2274,INE324A01032,Y,JINDALSAW,500378,JINDALSAW,Jindal Saw Limited,NSE+BSE,NSE Mainboard,EQ,A,Active
2275,INE749A01030,Y,JINDALSTEL,532286,JINDALSTEL,JINDAL STEEL LIMITED,NSE+BSE,NSE Mainboard,EQ,A,Active
2276,INE356F01017,Y,,530405,JINDCAP,Jindal Capital Ltd.,BSE only,BSE Equity,,X,Active
2277,INE726D01016,Y,,507981,JINDHOT,Jindal Hotels Ltd.,BSE only,BSE Equity,,X,Active
2278,INE742C01031,Y,JINDRILL,511034,JINDRILL,Jindal Drilling And Industries Limited,NSE+BSE,NSE Mainboard,EQ,B,Active
2279,INE247D01039,Y,JINDWORLD,531543,JINDWORLD,Jindal Worldwide Limited,NSE+BSE,NSE Mainboard,EQ,B,Active
2280,INE758E01017,Y,JIOFIN,543940,JIOFIN,Jio Financial Services Limited,NSE+BSE,NSE Mainboard,EQ,A,Active
2281,IN9175A01010,Y,JISLDVREQS,570004,JISLDVREQS,Jain Irrigation Systems Limited,NSE+BSE,NSE Mainboard,EQ,B,Active
2282,INE175A01038,Y,JISLJALEQS,500219,JISLJALEQS,Jain Irrigation Systems Limited,NSE+BSE,NSE Mainboard,EQ,A,Active
2283,INE863T01013,Y,JITFINFRA,540311,JITFINFRA,JITF Infralogistics Limited,NSE+BSE,NSE Mainboard,EQ,B,Active
2284,INE0V3T01017,Y,,544805,JIVIAL,Jivial Industries Limited,BSE only,BSE Equity,,M,Active
2285,INE0N5H01017,Y,JIWANRAM,,,Jiwanram Sheoduttrai Industries Limited,NSE only,NSE SME (Emerge),SM,,
2286,INE584C01011,Y,,523062,JJFINCOR,J.J. Finance Corporation Ltd.,BSE only,BSE Equity,,XT,Active
2287,INE690O01011,Y,,536493,JKAGRI,JK Agri Genetics Limited,BSE only,BSE Equity,,X,Active
2288,INE823G01014,Y,JKCEMENT,532644,JKCEMENT,JK Cement Limited,NSE+BSE,NSE Mainboard,EQ,A,Active
2289,INE576I01022,Y,JKIL,532940,JKIL,J.Kumar Infraprojects Limited,NSE+BSE,NSE Mainboard,EQ,B,Active
2290,INE1FF001016,Y,JKIPL,544547,JKIPL,Jinkushal Industries Limited,NSE+BSE,NSE Mainboard,EQ,B,Active
2291,INE786A01032,Y,JKLAKSHMI,500380,JKLAKSHMI,JK Lakshmi Cement Limited,NSE+BSE,NSE Mainboard,EQ,A,Active
2292,INE789E01012,Y,JKPAPER,532162,JKPAPER,JK Paper Limited,NSE+BSE,NSE Mainboard,EQ,A,Active
2293,INE573A01042,Y,JKTYRE,530007,JKTYRE,JK Tyre & Industries Limited,NSE+BSE,NSE Mainboard,EQ,A,Active
2294,INE682M01020,Y,JLHL,543980,JLHL,Jupiter Life Line Hospitals Limited,NSE+BSE,NSE Mainboard,EQ,A,Active
2295,INE919T01013,Y,,539947,JLL,JINDAL LEASEFIN LIMITED,BSE only,BSE Equity,,XT,Active
2296,INE412C01023,Y,JMA,,,Jullundur Motor Agency (Delhi) Limited,NSE only,NSE Mainboard,EQ,,
2297,INE047E01031,Y,,511092,JMDVL,JMD Ventures Limited,BSE only,BSE Equity,,XT,Active
2298,INE780C01023,Y,JMFINANCIL,523405,JMFINANCIL,JM Financial Limited,NSE+BSE,NSE Mainboard,EQ,A,Active
2299,INE242Q01016,Y,,538834,JMJFIN,JMJ Fintech Limited,BSE only,BSE Equity,,X,Active
2300,INE0OAF01028,Y,JNKINDIA,544167,JNKINDIA,JNK India Limited,NSE+BSE,NSE Mainboard,EQ,B,Active
2301,INE05C901015,Y,JNPR,544853,JNPR,Juniper Green Energy Limited,NSE+BSE,NSE Mainboard,EQ,B,Active
2302,INE839G01010,Y,JOCIL,,,Jocil Limited,NSE only,NSE Mainboard,BE,,
2303,INE560F01022,Y,,532154,JOHNPHARMA,JOHNSON PHARMACARE LIMITED,BSE only,BSE Equity,,X,Active
2304,INE024B01010,Y,,531861,JOINDRE,Joindre Capital Services Ltd.,BSE only,BSE Equity,,X,Active
2305,INE131N01018,Y,,534659,JOINTECAED,Jointeca Education Solutions Limited,BSE only,BSE Equity,,MT,Active
2306,INE312M01024,Y,,531910,JOJO,JOJO LIMITED,BSE only,BSE Equity,,X,Active
2307,INE289M01016,Y,,507968,JOLYPLS,Jolly Plastic Industries Ltd.,BSE only,BSE Equity,,XT,Active
2308,INE793Z01027,Y,,542446,JONJUA,Jonjua Overseas Limited,BSE only,BSE Equity,,MT,Active
2309,INE636D01041,Y,,505750,JOSTS,Josts Engineering Co. Ltd.,BSE only,BSE Equity,,X,Active
2310,INE147P01019,Y,JPOLYINVST,536773,JPOLYINVST,Jindal Poly Investment and Finance Company Limited,NSE+BSE,NSE Mainboard,EQ,B,Active
2311,INE351F01018,Y,JPPOWER,532627,JPPOWER,Jaiprakash Power Ventures Limited,NSE+BSE,NSE Mainboard,EQ,A,Active
2312,INE990E01016,Y,,507987,JPTRLES,Jupiter Industries & Leasing Ltd.,BSE only,BSE Equity,,P,Active
2313,INE953L01027,Y,JSFB,544118,JSFB,Jana Small Finance Bank Limited,NSE+BSE,NSE Mainboard,EQ,A,Active
2314,INE401Q01018,Y,,538765,JSHL,JLA Infraville Shoppers Limited,BSE only,BSE Equity,,MT,Active
2315,INE220G01021,Y,JSL,532508,JSL,Jindal Stainless Limited,NSE+BSE,NSE Mainboard,EQ,A,Active
2316,INE581L01018,Y,,504080,JSLINDL,JSL Industries Ltd.,BSE only,BSE Equity,,X,Active
2317,INE0J5801029,Y,JSLL,544476,JSLL,Jeena Sikho Lifecare Limited,NSE+BSE,NSE Mainboard,EQ,A,Active
2318,INE237B01018,Y,,538837,JSTL,Jeevan Scientific Technology Limited,BSE only,BSE Equity,,X,Active
2319,INE718I01012,Y,JSWCEMENT,544480,JSWCEMENT,JSW Cement Limited,NSE+BSE,NSE Mainboard,EQ,A,Active
2320,INE133A01011,Y,JSWDULUX,500710,JSWDULUX,JSW Dulux Limited,NSE+BSE,NSE Mainboard,EQ,A,Active
2321,INE121E01018,Y,JSWENERGY,533148,JSWENERGY,JSW Energy Limited,NSE+BSE,NSE Mainboard,EQ,A,Active
2322,INE824G01012,Y,JSWHL,532642,JSWHL,JSW Holdings Limited,NSE+BSE,NSE Mainboard,EQ,A,Active
2323,INE880J01026,Y,JSWINFRA,543994,JSWINFRA,JSW Infrastructure Limited,NSE+BSE,NSE Mainboard,EQ,A,Active
2324,INE019A01038,Y,JSWSTEEL,500228,JSWSTEEL,JSW Steel Limited,NSE+BSE,NSE Mainboard,EQ,A,Active
2325,INE643A01035,Y,JTEKTINDIA,520057,JTEKTINDIA,Jtekt India Limited,NSE+BSE,NSE Mainboard,EQ,B,Active
2326,INE140B01048,Y,,537254,JTLDEFENCE,JTL DEFENCE LIMITED,BSE only,BSE Equity,,XT,Active
2327,INE391J01032,Y,JTLIND,534600,JTLIND,JTL INDUSTRIES LIMITED,NSE+BSE,NSE Mainboard,EQ,B,Active
2328,INE03CC01015,Y,JUBLCPL,544355,JUBLCPL,Jubilant Agri and Consumer Products Limited,NSE+BSE,NSE Mainboard,EQ,B,Active
2329,INE797F01020,Y,JUBLFOOD,533155,JUBLFOOD,Jubilant Foodworks Limited,NSE+BSE,NSE Mainboard,EQ,A,Active
2330,INE0BY001018,Y,JUBLINGREA,543271,JUBLINGREA,Jubilant Ingrevia Limited,NSE+BSE,NSE Mainboard,EQ,A,Active
2331,INE700A01033,Y,JUBLPHARMA,530019,JUBLPHARMA,Jubilant Pharmova Limited,NSE+BSE,NSE Mainboard,EQ,A,Active
2332,INE890N01027,Y,,536073,JULIEN,JULIEN AGRO INFRATECH LIMITED,BSE only,BSE Equity,,X,Active
2333,INE122N01017,Y,,511060,JUMBFNL,Jumbo Finance Ltd.,BSE only,BSE Equity,,XT,Active
2334,INE699D01015,Y,,516078,JUMBO,Jumbo Bag ltd.,BSE only,BSE Equity,,XT,Active
2335,INE0WCH01015,Y,,544304,JUNGLECAMP,JUNGLE CAMPS INDIA LIMITED,BSE only,BSE Equity,,M,Active
2336,INE696F01016,Y,JUNIPER,544129,JUNIPER,Juniper Hotels Limited,NSE+BSE,NSE Mainboard,EQ,B,Active
2337,INE524N01014,Y,,534623,JUPITERIN,Jupiter Infomedia Limited,BSE only,BSE Equity,,X,Active
2338,INE599M01018,Y,JUSTDIAL,535648,JUSTDIAL,Just Dial Limited,NSE+BSE,NSE Mainboard,EQ,A,Active
2339,INE0W5Q01017,Y,,544542,JUSTO,Justo Realfintech Limited,BSE only,BSE Equity,,M,Active
2340,INE209L01016,Y,JWL,533272,JWL,Jupiter Wagons Limited,NSE+BSE,NSE Mainboard,EQ,A,Active
2341,INE668F01031,Y,JYOTHYLAB,532926,JYOTHYLAB,Jyothy Labs Limited,NSE+BSE,NSE Mainboard,EQ,A,Active
2342,INE511D01012,Y,,504076,JYOTI,Jyoti Ltd.,BSE only,BSE Equity,,X,Active
2343,INE980O01024,Y,JYOTICNC,544081,JYOTICNC,Jyoti CNC Automation Limited,NSE+BSE,NSE Mainboard,EQ,A,Active
2344,INE1M3T01017,Y,JYOTIGLOBL,,,Jyoti Global Plast Limited,NSE only,NSE SME (Emerge),SM,,
2345,INE043R01016,Y,,542544,JYOTIN,Jyot International Marketing Limited,BSE only,BSE Equity,,XT,Active
2346,INE577D01013,Y,,514448,JYOTIRES,Jyoti Resins & Adhesives Ltd,BSE only,BSE Equity,,B,Active
2347,INE197A01024,Y,JYOTISTRUC,513250,JYOTISTRUC,Jyoti Structures Limited,NSE+BSE,NSE Mainboard,EQ,B,Active
2348,INE0DEZ01013,Y,K2INFRA,,,K2 Infragen Limited,NSE only,NSE SME (Emerge),ST,,
2349,INE282Y01016,Y,,540756,KAARYAFSL,Kaarya Facilities and Services Limited,BSE only,BSE Equity,,M,Active
2350,INE323K01017,Y,,524322,KABRADG,Kabra Drugs Ltd,BSE only,BSE Equity,,X,Active
2351,INE900B01029,Y,KABRAEXTRU,524109,KABRAEXTRU,Kabra Extrusion Technik Limited,NSE+BSE,NSE Mainboard,EQ,B,Active
2352,INE645C01010,Y,,524675,KABSON,Kabsons Industries Ltd.,BSE only,BSE Equity,,X,Active
2353,INE059E01010,Y,,531778,KACHCHH,Kachchh Minerals Ltd.,BSE only,BSE Equity,,X,Active
2354,INE229G01022,Y,,531780,KACL,Kaiser Corporation Limited,BSE only,BSE Equity,,XT,Active
2355,INE04T901017,Y,,543979,KAHAN,Kahan Packaging Limited,BSE only,BSE Equity,,MT,Active
2356,INE375D01012,Y,,504840,KAIRA,Kaira Can Co. Ltd.,BSE only,BSE Equity,,X,Active
2357,INE891N01017,Y,,538833,KAIZENAGRO,KAIZEN AGRO INFRABUILD LIMITED,BSE only,BSE Equity,,XT,Active
2358,INE956V01011,Y,,512147,KAJALSY,Kajal Synthetics and Silk Mills Ltd,BSE only,BSE Equity,,XT,Active
2359,INE217B01036,Y,KAJARIACER,500233,KAJARIACER,Kajaria Ceramics Limited,NSE+BSE,NSE Mainboard,EQ,A,Active
2360,INE434C01027,Y,,513693,KAJARIR,KIC Metaliks Ltd.,BSE only,BSE Equity,,XT,Active
2361,INE0P3N01018,Y,,543939,KAKA,Kaka Industries Limited,BSE only,BSE Equity,,M,Active
2362,INE437B01014,Y,KAKATCEM,500234,KAKATCEM,Kakatiya Cement Sugar & Industries Limited,NSE+BSE,NSE Mainboard,EQ,B,Active
2363,INE092E01011,Y,,521054,KAKTEX,Kakatiya Textiles Ltd.,BSE only,BSE Equity,,X,Active
2364,INE438K01021,Y,KALAMANDIR,543989,KALAMANDIR,Sai Silks (Kalamandir) Limited,NSE+BSE,NSE Mainboard,EQ,B,Active
2365,INE0T0L01014,Y,KALANA,,,Kalana Ispat Limited,NSE only,NSE SME (Emerge),SM,,
2366,INE377D01026,Y,,526935,KALIND,Kalind Limited,BSE only,BSE Equity,,XT,Active
2367,INE629F01025,Y,,530201,KALLAM,KALLAM TEXTILES LTD,BSE only,BSE Equity,,XT,Active
2368,INE059Q01014,Y,,539014,KALPACOMME,Kalpa Commercial Limited,BSE only,BSE Equity,,X,Active
2369,INE227J01012,Y,KALPATARU,544423,KALPATARU,Kalpataru Limited,NSE+BSE,NSE Mainboard,EQ,B,Active
2370,INE149Q01021,Y,,538778,KALYANCAP,Kalyan Capitals Limited,BSE only,BSE Equity,,XT,Active
2371,INE0N6U01018,Y,,544023,KALYANI,Kalyani Cast-Tech Limited,BSE only,BSE Equity,,M,Active
2372,INE610E01010,Y,KALYANI,,,Kalyani Commercials Limited,NSE only,NSE Mainboard,BE,,
2373,INE314G01014,Y,KALYANIFRG,513509,KALYANIFRG,Kalyani Forge Limited,NSE+BSE,NSE Mainboard,EQ,B,Active
2374,INE303R01014,Y,KALYANKJIL,543278,KALYANKJIL,Kalyan Jewellers India Limited,NSE+BSE,NSE Mainboard,EQ,A,Active
2375,INE535C01013,Y,,514322,KAMADGIRI,Kamadgiri Fashion Limited,BSE only,BSE Equity,,XT,Active
2376,INE411F01010,Y,KAMAHOLD,532468,KAMAHOLD,Kama Holdings Limited,NSE+BSE,NSE Mainboard,EQ,B,Active
2377,INE344D01018,Y,,511131,KAMANWALA,Kamanwala Housing Construction Ltd,BSE only,BSE Equity,,X,Active
2378,INE967C01018,Y,KAMATHOTEL,526668,KAMATHOTEL,Kamat Hotels (I) Limited,NSE+BSE,NSE Mainboard,EQ,B,Active
2379,INE564S01019,Y,,539659,KAMATS,VIKRAM KAMATS HOSPITALITY LIMITED,BSE only,BSE Equity,,B,Active
2380,INE390H01020,Y,KAMDHENU,532741,KAMDHENU,Kamdhenu Limited,NSE+BSE,NSE Mainboard,BE,T,Active
2381,INE0BTI01037,Y,KAMOPAINTS,543747,KAMOPAINTS,Kamdhenu Ventures Limited,NSE+BSE,NSE Mainboard,EQ,B,Active
2382,INE879E01037,Y,KANANIIND,506184,KANANIIND,Kanani Industries Limited,NSE+BSE,NSE Mainboard,EQ,B,Active
2383,INE081G01019,Y,KANCHI,538896,KANCHI,Kanchi Karpooram Limited,NSE+BSE,NSE Mainboard,EQ,B,Active
2384,INE398L01017,Y,,541005,KANCOTEA,KANCO TEA & INDUSTRIES LIMITED,BSE only,BSE Equity,,X,Active
2385,INE0MOT01016,Y,KANDARP,,,Kandarp Digi Smart BPO Limited,NSE only,NSE SME (Emerge),SM,,
2386,INE252C01023,Y,,500236,KANELIND,Kanel Industries Limited,BSE only,BSE Equity,,XT,Active
2387,INE163401016,Y,,544693,KANISHK,KANISHK ALUMINIUM INDIA LIMITED,BSE only,BSE Equity,,MT,Active
2388,INE138C01024,Y,KANORICHEM,506525,KANORICHEM,Kanoria Chemicals & Industries Limited,NSE+BSE,NSE Mainboard,BE,T,Active
2389,INE694E01014,Y,KANPRPLA,507779,KANPRPLA,Kanpur Plastipack Limited,NSE+BSE,NSE Mainboard,EQ,B,Active
2390,INE531A01024,Y,KANSAINER,500165,KANSAINER,Kansai Nerolac Paints Limited,NSE+BSE,NSE Mainboard,EQ,A,Active
2391,INE791E01018,Y,,513456,KANSHST,Kanishk Steel Industries Ltd,BSE only,BSE Equity,,X,Active
2392,INE453S01015,Y,,540515,KANUNGO,KANUNGO FINANCIERS LIMITED,BSE only,BSE Equity,,X,Active
2393,INE332Q01023,Y,,539679,KAPILRAJ,Kapil Raj Finance Ltd.,BSE only,BSE Equity,,X,Active
2394,INE542Z01028,Y,KAPSTON,,,Kapston Services Limited,NSE only,NSE Mainboard,EQ,,
2395,INE327D01013,Y,,526115,KARANWO,Karan Woo-sin ltd.,BSE only,BSE Equity,,X,Active
2396,INE0V8A01016,Y,,544511,KARBON,Karbonsteel Engineering Limited,BSE only,BSE Equity,,M,Active
2397,INE725L01011,Y,KARMAENG,533451,KARMAENG,Karma Energy Limited,NSE+BSE,NSE Mainboard,EQ,B,Active
2398,INE554R01020,Y,,538928,KARNAVATI,Karnavati Finance Limited,BSE only,BSE Equity,,X,Active
2399,INE214D01021,Y,,531671,KARNAWATI,Karnawati Innovation Limited,BSE only,BSE Equity,,X,Active
2400,INE0MGA01012,Y,KARNIKA,,,Karnika Industries Limited,NSE only,NSE SME (Emerge),SM,,
2401,INE524U01019,Y,,501151,KARTKIN,Kartik Investments Trust Ltd.,BSE only,BSE Equity,,XT,Active
2402,INE036D01028,Y,KARURVYSYA,590003,KARURVYSYA,Karur Vysya Bank Limited,NSE+BSE,NSE Mainboard,EQ,B,Active
2403,INE0T1301023,Y,,544688,KASTURI,KASTURI METAL COMPOSITE LIMITED,BSE only,BSE Equity,,M,Active
2404,INE0SVY01018,Y,KATARIA,,,Kataria Industries Limited,NSE only,NSE SME (Emerge),SM,,
2405,INE237C01016,Y,,531126,KATIPATANG,KATI PATANG LIFESTYLE LIMITED,BSE only,BSE Equity,,X,Active
2406,INE498G01015,Y,,502933,KATRSPG,Katare Spinning Mills Ltd.,BSE only,BSE Equity,,X,Active
2407,INE234I01028,Y,KAUSHALYA,532925,KAUSHALYA,Kaushalya Infrastructure Development Corporation Limited,NSE+BSE,NSE Mainboard,BE,T,Active
2408,INE641C01019,Y,KAVDEFENCE,590041,KAVDEFENCE,Kavveri Defence & Wireless Technologies Limited,NSE+BSE,NSE Mainboard,EQ,B,Active
2409,INE587G01015,Y,KAYA,539276,KAYA,Kaya Limited,NSE+BSE,NSE Mainboard,EQ,B,Active
2410,INE813G01023,Y,,504084,KAYCEEI,Kaycee Industries Ltd.,BSE only,BSE Equity,,X,Active
2411,INE918Z01012,Y,KAYNES,543664,KAYNES,Kaynes Technology India Limited,NSE+BSE,NSE Mainboard,EQ,A,Active
2412,INE961B01013,Y,,530255,KAYPOWR,Kay Power And Paper Ltd,BSE only,BSE Equity,,X,Active
2413,INE13ZD01013,Y,KAYTEX,,,Kaytex Fabrics Limited,NSE only,NSE SME (Emerge),SM,,
2414,INE883D01023,Y,,530357,KBSINDIA,KBS INDIA LIMITED,BSE only,BSE Equity,,X,Active
2415,INE185U01035,Y,,540696,KCDGROUP,KCD INDUSTRIES INDIA LIMITED,BSE only,BSE Equity,,X,Active
2416,INE0RCG01017,Y,KCEIL,,,Kay Cee Energy & Infra Limited,NSE only,NSE SME (Emerge),SM,,
2417,INE0J1E01027,Y,KCK,,,Kck Industries Limited,NSE only,NSE SME (Emerge),ST,,
2418,INE926E01010,Y,,539393,KCL,Kabra Commercial Limited,BSE only,BSE Equity,,XT,Active
2419,INE469F01026,Y,,531784,KCLINFRA,KCL Infra Projects Limited,BSE only,BSE Equity,,X,Active
2420,INE805C01028,Y,KCP,590066,KCP,KCP Limited,NSE+BSE,NSE Mainboard,EQ,B,Active
2421,INE790B01024,Y,KCPSUGIND,533192,KCPSUGIND,KCP Sugar and Industries Corporation Limited,NSE+BSE,NSE Mainboard,BE,T,Active
2422,INE576P01019,Y,,537784,KCSL,Karnimata Cold Storage Limited,BSE only,BSE Equity,,M,Active
2423,INE291D01011,Y,KDDL,532054,KDDL,KDDL Limited,NSE+BSE,NSE Mainboard,EQ,B,Active
2424,INE0O4R01018,Y,KDL,,,Kore Digital Limited,NSE only,NSE SME (Emerge),SM,,
2425,INE030U01025,Y,,539788,KDML,Khemani Distributors & Marketing Limited,BSE only,BSE Equity,,MT,Active
2426,INE389H01022,Y,KEC,532714,KEC,KEC International Limited,NSE+BSE,NSE Mainboard,EQ,A,Active
2427,INE134B01017,Y,KECL,533193,KECL,Kirloskar Electric Company Limited,NSE+BSE,NSE Mainboard,EQ,B,Active
2428,INE055C01020,Y,KEEPLEARN,526677,KEEPLEARN,DSJ Keep Learning Limited,NSE+BSE,NSE Mainboard,EQ,B,Active
2429,INE145L01012,Y,,518011,KEERTHI,Keerthi Industries Ltd,BSE only,BSE Equity,,X,Active
2430,INE878B01027,Y,KEI,517569,KEI,KEI Industries Limited,NSE+BSE,NSE Mainboard,EQ,A,Active
2431,INE534E01020,Y,,539620,KEIL,KANORIA ENERGY AND INFRASTRUCTURE LIMITED,BSE only,BSE Equity,,X,Active
2432,INE079C01012,Y,,539599,KEL,Kotia Enterprises Limited,BSE only,BSE Equity,,X,Active
2433,INE881E01017,Y,,506528,KELENRG,Keltech Energies Ltd.,BSE only,BSE Equity,,XT,Active
2434,INE164B01030,Y,KELLTONTEC,519602,KELLTONTEC,Kellton Tech Solutions Limited,NSE+BSE,NSE Mainboard,EQ,B,Active
2435,INE971L01029,Y,,531163,KEMISTAR,Kemistar Corporation Limited,BSE only,BSE Equity,,X,Active
2436,INE060E01018,Y,,506530,KEMP,Kemp & Company Limited,BSE only,BSE Equity,,X,Active
2437,INE15DO01012,Y,KEN,,,Ken Enterprises Limited,NSE only,NSE SME (Emerge),SM,,
2438,INE395E01018,Y,,530547,KENFIN,Ken Financial Services Ltd.,BSE only,BSE Equity,,XT,Active
2439,INE717A01029,Y,KENNAMET,505890,KENNAMET,Kennametal India Limited,NSE+BSE,NSE Mainboard,EQ,B,Active
2440,INE0AOG01018,Y,,544398,KENRIK,Kenrik Industries Limited,BSE only,BSE Equity,,M,Active
2441,INE923Y01023,Y,,540953,KENVI,Kenvi Jewels Limited,BSE only,BSE Equity,,B,Active
2442,INE817B01025,Y,,530163,KERALAYUR,Kerala Ayurveda Limited,BSE only,BSE Equity,,X,Active
2443,INE202H01019,Y,KERNEX,532686,KERNEX,Kernex Microsystems (India) Limited,NSE+BSE,NSE Mainboard,EQ,B,Active
2444,INE0L1C01019,Y,,543542,KESAR,KESAR INDIA LIMITED,BSE only,BSE Equity,,M,Active
2445,INE133B01027,Y,,507180,KESARENT,Kesar Enterprises Ltd.,BSE only,BSE Equity,,X,Active
2446,INE133C01033,Y,,524174,KESARPE,Kesar Petroproducts Ltd,BSE only,BSE Equity,,X,Active
2447,INE087A01019,Y,KESORAMIND,502937,KESORAMIND,Kesoram Industries Limited,NSE+BSE,NSE Mainboard,BE,T,Active
2448,INE392H01026,Y,,537392,KETOMOTORS,Keto Motors Limited,BSE only,BSE Equity,,XT,Active
2449,INE130F01016,Y,,507948,KEYCORP,Key Corp Ltd,BSE only,BSE Equity,,X,Active
2450,INE681C01015,Y,KEYFINSERV,512597,KEYFINSERV,Keynote Financial Services Limited,NSE+BSE,NSE Mainboard,EQ,B,Active
2451,INE991B01010,Y,,507474,KFBL,Kothari Fermanatation & Biochem Ltd,BSE only,BSE Equity,,X,Active
2452,INE138Y01010,Y,KFINTECH,543720,KFINTECH,Kfin Technologies Limited,NSE+BSE,NSE Mainboard,EQ,A,Active
2453,INE104A01012,Y,,500239,KGDENIM,K.G.Denim Ltd,BSE only,BSE Equity,,X,Active
2454,INE04CO01018,Y,,543289,KGES,Kuberan Global Edu Solutions Limited,BSE only,BSE Equity,,TS,Active
2455,INE902G01016,Y,,531609,KGPETRO,KG Petrochem Ltd.,BSE only,BSE Equity,,X,Active
2456,INE0S9501014,Y,,544270,KGVL,Khyati Global Ventures Limited,BSE only,BSE Equity,,M,Active
2457,INE834I01025,Y,KHADIM,540775,KHADIM,Khadim India Limited,NSE+BSE,NSE Mainboard,BE,T,Active
2458,INE745B01028,Y,KHAICHEM,507794,KHAICHEM,Khaitan Chemicals & Fertilizers Limited,NSE+BSE,NSE Mainboard,EQ,B,Active
2459,INE731C01018,Y,KHAITANLTD,590068,KHAITANLTD,Khaitan (India) Limited,NSE+BSE,NSE Mainboard,EQ,B,Active
2460,INE060B01014,Y,KHANDSE,531892,KHANDSE,Khandwala Securities Limited,NSE+BSE,NSE Mainboard,EQ,B,Active
2461,INE0OWC01011,Y,,543953,KHAZANCHI,Khazanchi Jewellers Limited,BSE only,BSE Equity,,M,Active
2462,INE00UG01014,Y,KHFM,,,Khfm Hospitality And Facility Management Services Limited,NSE only,NSE SME (Emerge),SM,,
2463,INE731G01027,Y,,535730,KHOOBSURAT,Khoobsurat Ltd.,BSE only,BSE Equity,,X,Active
2464,INE593B01030,Y,,531692,KHYATI,Khyati Multimedia-Entertainment Ltd,BSE only,BSE Equity,,XT,Active
2465,INE1C3F01018,Y,,544711,KIAASA,KIAASA RETAIL LIMITED,BSE only,BSE Equity,,M,Active
2466,INE029L01018,Y,KICL,533302,KICL,Kalyani Investment Company Limited,NSE+BSE,NSE Mainboard,EQ,B,Active
2467,INE845A01028,Y,,507946,KIDUJA,Kiduja  India  Ltd,BSE only,BSE Equity,,X,Active
2468,INE902D01013,Y,,535566,KIFS,KIFS Financial Services Ltd,BSE only,BSE Equity,,X,Active
2469,INE729D01010,Y,KILITCH,524500,KILITCH,Kilitch Drugs (India) Limited,NSE+BSE,NSE Mainboard,BE,T,Active
2470,INE285U01025,Y,,530313,KIMIABL,KIMIA BIOSCIENCES LIMITED,BSE only,BSE Equity,,X,Active
2471,INE967H01025,Y,KIMS,543308,KIMS,Krishna Institute of Medical Sciences Limited,NSE+BSE,NSE Mainboard,EQ,A,Active
2472,INE266B01017,Y,,500240,KINETICENG,Kinetic Engineering Ltd.,BSE only,BSE Equity,,XT,Active
2473,INE674M01019,Y,,531274,KINETRU,Kinetic Trust Ltd.,BSE only,BSE Equity,,XT,Active
2474,INE473D01015,Y,KINGFA,524019,KINGFA,Kingfa Science & Technology (India) Limited,NSE+BSE,NSE Mainboard,EQ,B,Active
2475,INE050N01010,Y,,530215,KINGSINFR,Kings Infra Ventures Limited,BSE only,BSE Equity,,X,Active
2476,INE880L01014,Y,KIOCL,540680,KIOCL,KIOCL Limited,NSE+BSE,NSE Mainboard,EQ,B,Active
2477,INE293D01017,Y,,530443,KIRANSY-B,Kiran Syntex Ltd.,BSE only,BSE Equity,,X,Active
2478,INE555P01013,Y,KIRANVYPAR,537750,KIRANVYPAR,Kiran Vyapar Limited,NSE+BSE,NSE Mainboard,EQ,B,Active
2479,INE415I01015,Y,KIRIINDUS,532967,KIRIINDUS,Kiri Industries Limited,NSE+BSE,NSE Mainboard,EQ,A,Active
2480,INE884B01025,Y,KIRLFER,500245,KIRLFER,Kirloskar Ferrous Industries Limited,NSE+BSE,NSE Mainboard,EQ,B,Active
2481,INE732A01036,Y,KIRLOSBROS,500241,KIRLOSBROS,Kirloskar Brothers Limited,NSE+BSE,NSE Mainboard,EQ,A,Active
2482,INE146L01010,Y,KIRLOSENG,533293,KIRLOSENG,Kirloskar Oil Engines Limited,NSE+BSE,NSE Mainboard,EQ,A,Active
2483,INE250A01039,Y,KIRLOSIND,500243,KIRLOSIND,Kirloskar Industries Limited,NSE+BSE,NSE Mainboard,EQ,B,Active
2484,INE811A01020,Y,KIRLPNU,505283,KIRLPNU,Kirloskar Pneumatic Company Limited,NSE+BSE,NSE Mainboard,EQ,A,Active
2485,INE102C01020,Y,,519230,KISAAN,KISAAN PARIVAR INDUSTRIES LIMITED,BSE only,BSE Equity,,X,Active
2486,INE017C01012,Y,,530145,KISAN,Kisan Mouldings Ltd.,BSE only,BSE Equity,,XT,Active
2487,INE12F801023,Y,KISSHT,544754,KISSHT,OnEMI Technology Solutions Limited,NSE+BSE,NSE Mainboard,EQ,B,Active
2488,INE602G01020,Y,KITEX,521248,KITEX,Kitex Garments Limited,NSE+BSE,NSE Mainboard,EQ,A,Active
2489,INE0RMR01013,Y,,544221,KIZI,Kizi Apparels Limited,BSE only,BSE Equity,,MT,Active
2490,INE602C01011,Y,,532304,KJMCCORP,KJMC Corporate Advisors (India) Ltd.,BSE only,BSE Equity,,X,Active
2491,INE533C01018,Y,,530235,KJMCFIN,KJMC Financial Services Ltd.,BSE only,BSE Equity,,X,Active
2492,INE301C01028,Y,,526409,KKALPANAIND,Kkalpana Industries (India) Ltd,BSE only,BSE Equity,,X,Active
2493,INE401H01017,Y,KKCL,532732,KKCL,Kewal Kiran Clothing Limited,NSE+BSE,NSE Mainboard,EQ,B,Active
2494,INE0XOW01017,Y,KKJEWELS,,,Kabra Jewels Limited,NSE only,NSE SME (Emerge),SM,,
2495,INE0OH401016,Y,,544013,KKSHL,KK Shah Hospitals Limited,BSE only,BSE Equity,,M,Active
2496,INE0EOJ01014,Y,,544624,KKSILK,K K SILK MILLS LIMITED,BSE only,BSE Equity,,MT,Active
2497,INE239T01016,Y,KKVAPOW,,,KKV Agro Powers Limited,NSE only,NSE SME (Emerge),SM,,
2498,INE1LMA01010,Y,,544856,KLASSROOM,FUSION KLASSROOM EDUTECH LIMITED,BSE only,BSE Equity,,MT,Active
2499,INE338F01015,Y,KLBRENG-B,522101,KLBRENG-B,Kilburn Engineering Limited,NSE+BSE,NSE Mainboard,EQ,B,Active
2500,INE0Q2V01012,Y,KLL,,,Kaushalya Logistics Limited,NSE only,NSE SME (Emerge),SM,,
2501,INE014E01015,Y,,507598,KLRFM,KOVILPATTI LAKSHMI ROLLER FLOUR MILLS  LTD,BSE only,BSE Equity,,X,Active
2502,INE879K01018,Y,,524520,KMCSHIL,KMC Speciality Hospitals India Limited,BSE only,BSE Equity,,B,Active
2503,INE0CJD01029,Y,KMEW,543273,KMEW,Knowledge Marine & Engineering Works Limited,NSE+BSE,NSE Mainboard,EQ,B,Active
2504,INE580H01026,Y,,531578,KMFBLDR,KMF Builders & Developers Ltd.,BSE only,BSE Equity,,X,Active
2505,INE873N01015,Y,,519415,KMGMILK,KMG Milk Food Limited,BSE only,BSE Equity,,P,Active
2506,INE870V01014,Y,,540468,KMSMEDI,KMS Medisurgi Limited,BSE only,BSE Equity,,MT,Active
2507,INE157H01023,Y,KMSUGAR,532673,KMSUGAR,K.M.Sugar Mills Limited,NSE+BSE,NSE Mainboard,EQ,B,Active
2508,INE17QZ01016,Y,KNACK,544814,KNACK,Knack Packaging Limited,NSE+BSE,NSE Mainboard,EQ,B,Active
2509,INE0KNW01016,Y,KNAGRI,,,KN Agri Resources Limited,NSE only,NSE Mainboard,EQ,,
2510,INE634I01029,Y,KNRCON,532942,KNRCON,KNR Constructions Limited,NSE+BSE,NSE Mainboard,EQ,A,Active
2511,INE881A01015,Y,,531541,KOBO,KOBO BIOTECH LIMITED,BSE only,BSE Equity,,Z,Active
2512,INE0Q7P01013,Y,KODYTECH,,,Kody Technolab Limited,NSE only,NSE SME (Emerge),ST,,
2513,INE080B01012,Y,KOHINOOR,512559,KOHINOOR,Kohinoor Foods Limited,NSE+BSE,NSE Mainboard,EQ,B,Active
2514,INE760A01029,Y,KOKUYOCMLN,523207,KOKUYOCMLN,Kokuyo Camlin Limited,NSE+BSE,NSE Mainboard,EQ,B,Active
2515,INE094I01018,Y,KOLTEPATIL,532924,KOLTEPATIL,Kolte - Patil Developers Limited,NSE+BSE,NSE Mainboard,EQ,B,Active
2516,INE971A01014,Y,,532397,KONNDOR,KONNDOR INDUSTRIES LIMITED,BSE only,BSE Equity,,XT,Active
2517,INE0QEI01011,Y,KONSTELEC,,,Konstelec Engineers Limited,NSE only,NSE SME (Emerge),ST,,
2518,INE0KZ301010,Y,KONTOR,,,Kontor Space Limited,NSE only,NSE SME (Emerge),SM,,
2519,INE082A01010,Y,KOPRAN,524280,KOPRAN,Kopran Limited,NSE+BSE,NSE Mainboard,BE,T,Active
2520,INE0J6801010,Y,KORE,,,Jay Jalaram Technologies Limited,NSE only,NSE SME (Emerge),SM,,
2521,INE237A01036,Y,KOTAKBANK,500247,KOTAKBANK,Kotak Mahindra Bank Limited,NSE+BSE,NSE Mainboard,EQ,A,Active
2522,INE419A01022,Y,KOTARISUG,,,Kothari Sugars And Chemicals Limited,NSE only,NSE Mainboard,EQ,,
2523,INE720A01015,Y,KOTHARIPET,,,Kothari Petrochemicals Limited,NSE only,NSE Mainboard,EQ,,
2524,INE823A01017,Y,KOTHARIPRO,530299,KOTHARIPRO,Kothari Products Limited,NSE+BSE,NSE Mainboard,EQ,B,Active
2525,INE972A01020,Y,KOTIC,509732,KOTIC,Kothari Industrial Corporation Limited,NSE+BSE,NSE Mainboard,EQ,B,Active
2526,INE0J0B01017,Y,KOTYARK,544726,KOTYARK,Kotyark Industries Limited,NSE+BSE,NSE Mainboard,BE,T,Active
2527,INE0M8R01011,Y,,544139,KOURA,KOURA FINE DIAMOND JEWELRY LIMITED,BSE only,BSE Equity,,M,Active
2528,INE177F01017,Y,KOVAI,523323,KOVAI,Kovai Medical Center & Hospital Limited,NSE+BSE,NSE Mainboard,EQ,B,Active
2529,INE127T01021,Y,KPEL,539686,KPEL,K.P. Energy Limited,NSE+BSE,NSE Mainboard,EQ,B,Active
2530,INE0QVH01025,Y,,544150,KPGEL,KP GREEN ENGINEERING LIMITED,BSE only,BSE Equity,,M,Active
2531,INE542W01025,Y,KPIGREEN,542323,KPIGREEN,KPI Green Energy Limited,NSE+BSE,NSE Mainboard,EQ,A,Active
2532,INE220B01022,Y,KPIL,522287,KPIL,Kalpataru Projects International Limited,NSE+BSE,NSE Mainboard,EQ,A,Active
2533,INE04I401011,Y,KPITTECH,542651,KPITTECH,KPIT Technologies Limited,NSE+BSE,NSE Mainboard,EQ,A,Active
2534,INE552U01010,Y,KPL,539997,KPL,Kwality Pharmaceuticals Limited,NSE+BSE,NSE Mainboard,EQ,B,Active
2535,INE930H01031,Y,KPRMILL,532889,KPRMILL,K.P.R. Mill Limited,NSE+BSE,NSE Mainboard,EQ,A,Active
2536,INE731D01024,Y,,505299,KPT,KPT INDUSTRIES LIMITED,BSE only,BSE Equity,,X,Active
2537,INE911T01010,Y,,542459,KRANTI,Kranti Industries Limited,BSE only,BSE Equity,,B,Active
2538,INE1L0M01019,Y,,544811,KRATIKAL,KRATIKAL TECH LIMITED,BSE only,BSE Equity,,M,Active
2539,INE001B01026,Y,KRBL,530813,KRBL,KRBL Limited,NSE+BSE,NSE Mainboard,EQ,A,Active
2540,INE268B01013,Y,KREBSBIO,524518,KREBSBIO,Krebs Biochemicals and Industries Limited,NSE+BSE,NSE Mainboard,EQ,B,Active
2541,INE302C01018,Y,,530139,KREONFIN,Kreon Finnancial Services Limited,BSE only,BSE Equity,,XT,Active
2542,INE128R01023,Y,,531328,KRETTOSYS,KRETTO SYSCON LIMITED,BSE only,BSE Equity,,X,Active
2543,INE524L01026,Y,KRIDHANINF,533482,KRIDHANINF,Kridhan Infra Limited,NSE+BSE,NSE Mainboard,BE,T,Active
2544,INE073A01019,Y,,500248,KRIFILIND,KRISHNA FILAMENT INDUSTRIES LIMITED,BSE only,BSE Equity,,X,Active
2545,INE506W01020,Y,KRISHANA,,,Krishana Phoschem Limited,NSE only,NSE Mainboard,EQ,,
2546,INE0NR701018,Y,KRISHCA,,,Krishca Strapping Solutions Limited,NSE only,NSE SME (Emerge),SM,,
2547,INE0GGO01015,Y,KRISHIVAL,544416,KRISHIVAL,Krishival Foods Limited,NSE+BSE,NSE Mainboard,EQ,B,Active
2548,INE537L01010,Y,,504392,KRISHNA,Krishna Ventures Limited,BSE only,BSE Equity,,XT,Active
2549,INE897B01019,Y,,539384,KRISHNACAP,Krishna Capital And Securities Limited,BSE only,BSE Equity,,XT,Active
2550,INE0J5601015,Y,KRISHNADEF,,,Krishna Defence And Allied Industries Limited,NSE only,NSE Mainboard,EQ,,
2551,INE479D01038,Y,KRITI,526423,KRITI,Kriti Industries (India) Limited,NSE+BSE,NSE Mainboard,EQ,B,Active
2552,INE00Z501029,Y,KRITIKA,,,Kritika Wires Limited,NSE only,NSE Mainboard,EQ,,
2553,INE798K01010,Y,KRITINUT,533210,KRITINUT,Kriti Nutrients Limited,NSE+BSE,NSE Mainboard,EQ,B,Active
2554,INE1MTV01019,Y,KRMAYURVED,,,KRM Ayurveda Limited,NSE only,NSE SME (Emerge),SM,,
2555,INE0Q3J01015,Y,KRN,544263,KRN,KRN Heat Exchanger and Refrigeration Limited,NSE+BSE,NSE Mainboard,EQ,A,Active
2556,INE0ATZ01017,Y,KRONOX,544187,KRONOX,Kronox Lab Sciences Limited,NSE+BSE,NSE Mainboard,EQ,B,Active
2557,INE0O6601022,Y,KROSS,544253,KROSS,Kross Limited,NSE+BSE,NSE Mainboard,EQ,B,Active
2558,INE078T01026,Y,,514360,KRRAIL,K&R RAIL ENGINEERING LIMITED,BSE only,BSE Equity,,X,Active
2559,INE08LI01020,Y,KRSNAA,543328,KRSNAA,Krsnaa Diagnostics Limited,NSE+BSE,NSE Mainboard,EQ,B,Active
2560,INE0XZB01017,Y,,544509,KRUPALU,Krupalu Metals Limited,BSE only,BSE Equity,,M,Active
2561,INE951B01014,Y,,523550,KRYPTONQ,Krypton Industries Ltd,BSE only,BSE Equity,,X,Active
2562,INE0QN801017,Y,KRYSTAL,544149,KRYSTAL,Krystal Integrated Services Limited,NSE+BSE,NSE Mainboard,EQ,B,Active
2563,INE999A01023,Y,KSB,500249,KSB,Ksb Limited,NSE+BSE,NSE Mainboard,EQ,A,Active
2564,INE455I01029,Y,KSCL,532899,KSCL,Kaveri Seed Company Limited,NSE+BSE,NSE Mainboard,EQ,B,Active
2565,INE953E01022,Y,,519421,KSE,KSE Ltd.,BSE only,BSE Equity,,X,Active
2566,INE987S01020,Y,KSHINTL,544664,KSHINTL,KSH International Limited,NSE+BSE,NSE Mainboard,EQ,B,Active
2567,INE013801027,Y,KSHITIJPOL,,,Kshitij Polyline Limited,NSE only,NSE Mainboard,EQ,,
2568,INE907A01026,Y,KSL,500235,KSL,Kalyani Steels Limited,NSE+BSE,NSE Mainboard,EQ,B,Active
2569,INE0D6I01023,Y,KSOLVES,543599,KSOLVES,Ksolves India Limited,NSE+BSE,NSE Mainboard,EQ,B,Active
2570,INE1SPP01016,Y,KSR,544615,KSR,KSR Footwear Limited,NSE+BSE,NSE Mainboard,EQ,B,Active
2571,INE737E01011,Y,,516038,KSSMART,KS Smart Technologies Limited,BSE only,BSE Equity,,X,Active
2572,INE096L01025,Y,,533289,KTIL,Kesar Terminals & Infrastructure Limited,BSE only,BSE Equity,,X,Active
2573,INE614B01018,Y,KTKBANK,532652,KTKBANK,The Karnataka Bank Limited,NSE+BSE,NSE Mainboard,EQ,A,Active
2574,INE529I01021,Y,KUANTUM,532937,KUANTUM,Kuantum Papers Limited,NSE+BSE,NSE Mainboard,EQ,B,Active
2575,INE594R01018,Y,,539408,KUBERJI,Kuber Udyog Limited,BSE only,BSE Equity,,XT,Active
2576,INE795E01019,Y,,526869,KUMPFIN,Kumbhat Financial Services Ltd.,BSE only,BSE Equity,,X,Active
2577,INE638D01021,Y,,523594,KUNSTOFF,Kunststoffe Industries Ltd.,BSE only,BSE Equity,,X,Active
2578,INE979D01011,Y,,514240,KUSHIND,Kush Industries Limited,BSE only,BSE Equity,,X,Active
2579,INE175Q01018,Y,,511048,KUSUMEL,Kusam Electrical Industies Ltd.,BSE only,BSE Equity,,XT,Active
2580,INE0ISX01025,Y,KUSUMGAR,544821,KUSUMGAR,Kusumgar Limited,NSE+BSE,NSE Mainboard,EQ,B,Active
2581,INE430F01010,Y,,530421,KUWERIN,Kuwer Industries Ltd.,BSE only,BSE Equity,,X,Active
2582,INE013J01016,Y,,513369,KVFORGE,KRISHANVEER FORGE LIMITED,BSE only,BSE Equity,,XT,Active
2583,INE163701019,Y,,544554,KVSCASTING,KVS Castings Limited,BSE only,BSE Equity,,M,Active
2584,INE1IE301018,Y,,544641,KVTOYS,K. V. TOYS INDIA LIMITED,BSE only,BSE Equity,,M,Active
2585,INE2KCE01013,Y,KWIL,544622,KWIL,Kwality Wall's (India) Limited,NSE+BSE,NSE Mainboard,EQ,B,Active
2586,INE006C01015,Y,,511728,KZLFIN,K.Z.Leasing & Finance Ltd.,BSE only,BSE Equity,,X,Active
2587,INE0NLJ01011,Y,,543830,LABELKRAFT,LABELKRAFT TECHNOLOGIES LIMITED,BSE only,BSE Equity,,M,Active
2588,INE058I01013,Y,,524202,LACTOSE,Lactose (India) Ltd.,BSE only,BSE Equity,,X,Active
2589,INE519D01015,Y,,530577,LADDERUP,Ladderup Finance Ltd.,BSE only,BSE Equity,,X,Active
2590,INE546I01025,Y,,537707,LADDU,LADDU GOPAL ONLINE SERVICES LIMITED,BSE only,BSE Equity,,X,Active
2591,INE919B01011,Y,,524522,LAFFANSQ,Laffans Petrochemicals Ltd.,BSE only,BSE Equity,,X,Active
2592,INE548Z01017,Y,LAGNAM,,,Lagnam Spintex Limited,NSE only,NSE Mainboard,EQ,,
2593,INE213U01019,Y,,540026,LAHL,Ladam Affortable Housing Limited,BSE only,BSE Equity,,X,Active
2594,INE515C01023,Y,LAHOTIOV,531842,LAHOTIOV,Lahoti Overseas Limited,NSE+BSE,NSE Mainboard,EQ,B,Active
2595,INE734D01010,Y,,519612,LAKESHORE,LAKE SHORE REALTY LIMITED,BSE only,BSE Equity,,X,Active
2596,INE191O01010,Y,,535387,LAKHOTIA,LAKHOTIA POLYESTERS (INDIA) LIMITED,BSE only,BSE Equity,,X,Active
2597,INE651C01018,Y,LAKPRE,506079,LAKPRE,Lakshmi Precision Screws Limited,NSE+BSE,NSE Mainboard,BZ,Z,Active
2598,INE284C01018,Y,,504258,LAKSELEC,Lakshmi Electrical Control Systems,BSE only,BSE Equity,,X,Active
2599,INE718M01022,Y,,505302,LAKSHMIEW,LAKSHMI ENGINEERING AND WAREHOUSING LIMITED,BSE only,BSE Equity,,X,Active
2600,INE938C01019,Y,,502958,LAKSHMIMIL,Lakshmi Mills Company ltd,BSE only,BSE Equity,,X,Active
2601,INE0VZS01015,Y,LAKSHYA,,,Lakshya Powertech Limited,NSE only,NSE SME (Emerge),SM,,
2602,INE740X01023,Y,LAL,540952,LAL,Lorenzini Apparels Limited,NSE+BSE,NSE Mainboard,EQ,B,Active
2603,INE600L01024,Y,LALPATHLAB,539524,LALPATHLAB,Dr. Lal Path Labs Ltd.,NSE+BSE,NSE Mainboard,EQ,A,Active
2604,INE112F01022,Y,LAMBODHARA,590075,LAMBODHARA,Lambodhara Textiles Limited,NSE+BSE,NSE Mainboard,EQ,B,Active
2605,INE0R0201012,Y,LAMOSAIC,,,Lamosaic India Limited,NSE only,NSE SME (Emerge),ST,,
2606,INE359U01028,Y,,539841,LANCER,Lancer Container Lines Limited,BSE only,BSE Equity,,X,Active
2607,INE572G01025,Y,LANCORHOL,509048,LANCORHOL,Lancor Holdings Limited,NSE+BSE,NSE Mainboard,EQ,B,Active
2608,INE394C01023,Y,,532275,LANDMARC,Landmarc Leisure Corporation Ltd.,BSE only,BSE Equity,,X,Active
2609,INE559R01029,Y,LANDMARK,543714,LANDMARK,Landmark Cars Limited,NSE+BSE,NSE Mainboard,EQ,B,Active
2610,INE688J01023,Y,LANDSMILL,533090,LANDSMILL,Landsmill Green Limited,NSE+BSE,NSE Mainboard,EQ,B,Active
2611,INE059D01020,Y,LAOPALA,526947,LAOPALA,La Opala RG Limited,NSE+BSE,NSE Mainboard,EQ,B,Active
2612,INE670X01014,Y,LASA,540702,LASA,Lasa Supergenerics Limited,NSE+BSE,NSE Mainboard,EQ,B,Active
2613,INE17IR01028,Y,LASERPOWER,544822,LASERPOWER,Laser Power & Infra Limited,NSE+BSE,NSE Mainboard,EQ,B,Active
2614,INE404B01022,Y,,526961,LASTMILE,LAST MILE ENTERPRISES LIMITED,BSE only,BSE Equity,,X,Active
2615,INE0I7C01011,Y,LATENTVIEW,543398,LATENTVIEW,Latent View Analytics Limited,NSE+BSE,NSE Mainboard,EQ,A,Active
2616,INE501N01020,Y,,505693,LATIMMETAL,La Tim Metal & Industries Limited,BSE only,BSE Equity,,X,Active
2617,INE262Z01023,Y,LATTEYS,,,Latteys Industries Limited,NSE only,NSE Mainboard,BE,,
2618,INE947Q01028,Y,LAURUSLABS,540222,LAURUSLABS,Laurus Labs Limited,NSE+BSE,NSE Mainboard,EQ,A,Active
2619,INE801V01019,Y,LAXMICOT,,,Laxmi Cotspin Limited,NSE only,NSE Mainboard,EQ,,
2620,INE0WO601020,Y,LAXMIDENTL,544339,LAXMIDENTL,Laxmi Dental Limited,NSE+BSE,NSE Mainboard,EQ,B,Active
2621,INE06WU01026,Y,LAXMIINDIA,544465,LAXMIINDIA,Laxmi India Finance Limited,NSE+BSE,NSE Mainboard,BE,T,Active
2622,INE920P01019,Y,,537669,LAXMIPATI,LAXMIPATI ENGINEERING WORKS LIMITED,BSE only,BSE Equity,,MT,Active
2623,INE938A01021,Y,LCCINFOTEC,532019,LCCINFOTEC,LCC Infotech Limited,NSE+BSE,NSE Mainboard,EQ,B,Active
2624,INE0QJW01029,Y,LCL,544839,LCL,Lohia Corp Limited,NSE+BSE,NSE Mainboard,EQ,B,Active
2625,INE531D01010,Y,,531288,LEADFIN,Lead Financial Services  Ltd,BSE only,BSE Equity,,X,Active
2626,INE791B01014,Y,,517415,LEENEE,Lee & Nee Softwares (Exports) Ltd.,BSE only,BSE Equity,,X,Active
2627,INE976H01018,Y,,532829,LEHAR,LEHAR FOOTWEARS LIMITED,BSE only,BSE Equity,,X,Active
2628,INE204S01012,Y,,539814,LELAVOIR,LE LAVOIR LIMITED,BSE only,BSE Equity,,X,Active
2629,INE0G1L01025,Y,LEMERITE,,,Le Merite Exports Limited,NSE only,NSE Mainboard,EQ,,
2630,INE970X01018,Y,LEMONTREE,541233,LEMONTREE,Lemon Tree Hotels Limited,NSE+BSE,NSE Mainboard,EQ,A,Active
2631,INE956O01016,Y,LENSKART,544600,LENSKART,Lenskart Solutions Limited,NSE+BSE,NSE Mainboard,EQ,B,Active
2632,INE347D01011,Y,,502250,LERTHAI,LERTHAI FINANCE LIMITED,BSE only,BSE Equity,,XT,Active
2633,INE050L01048,Y,,533602,LESHAIND,Lesha Industries Limited,BSE only,BSE Equity,,X,Active
2634,INE0X6O01027,Y,,544797,LESL,LEAPFROG ENGINEERING SERVICES LIMITED,BSE only,BSE Equity,,M,Active
2635,INE860Y01019,Y,,541196,LEX,Lex Nimble Solutions Limited,BSE only,BSE Equity,,MT,Active
2636,INE745A01012,Y,,512345,LEXGLOBAL,LEXORA GLOBAL LIMITED,BSE only,BSE Equity,,XT,Active
2637,INE185D01015,Y,,531944,LEXORAA,LEXORAA INDUSTRIES LIMITED,BSE only,BSE Equity,,X,Active
2638,INE500X01013,Y,LEXUS,,,Lexus Granito (India) Limited,NSE only,NSE Mainboard,EQ,,
2639,INE850E01012,Y,LFIC,,,Lakshmi Finance & Industrial Corporation Limited,NSE only,NSE Mainboard,EQ,,
2640,INE337A01034,Y,LGBBROSLTD,500250,LGBBROSLTD,LG Balakrishnan & Bros Limited,NSE+BSE,NSE Mainboard,EQ,A,Active
2641,INE201J01017,Y,,533007,LGBFORGE,LGB Forge Limited,BSE only,BSE Equity,,XT,Active
2642,INE324D01010,Y,LGEINDIA,544576,LGEINDIA,LG Electronics India Limited,NSE+BSE,NSE Mainboard,EQ,B,Active
2643,INE258Y01016,Y,LGHL,,,Laxmi Goldorna House Limited,NSE only,NSE Mainboard,EQ,,
2644,INE12QA01010,Y,,544341,LGLL,LANDMARK GLOBAL LEARNING LIMITED,BSE only,BSE Equity,,M,Active
2645,INE191201016,Y,,544489,LGT,LGT GLOBAL HOSPITALITY LIMITED,BSE only,BSE Equity,,M,Active
2646,INE908V01012,Y,LIBAS,,,Libas Consumer Products Limited,NSE only,NSE Mainboard,EQ,,
2647,INE557B01019,Y,LIBERTSHOE,526596,LIBERTSHOE,Liberty Shoes Limited,NSE+BSE,NSE Mainboard,EQ,B,Active
2648,INE267E01019,Y,,531027,LIBORD,Libord Securities Ltd.,BSE only,BSE Equity,,X,Active
2649,INE212B01011,Y,,511593,LIBORDFIN,Libord Finance Limited,BSE only,BSE Equity,,X,Active
2650,INE115A01026,Y,LICHSGFIN,500253,LICHSGFIN,LIC Housing Finance Limited,NSE+BSE,NSE Mainboard,EQ,A,Active
2651,INE0J1Y01017,Y,LICI,543526,LICI,Life Insurance Corporation Of India,NSE+BSE,NSE Mainboard,EQ,A,Active
2652,INE920T01011,Y,,539927,LIKHAMI,LIKHAMI CONSULTING LIMITED,BSE only,BSE Equity,,X,Active
2653,INE060901027,Y,LIKHITHA,543240,LIKHITHA,Likhitha Infrastructure Limited,NSE+BSE,NSE Mainboard,EQ,B,Active
2654,INE891G01011,Y,,507759,LIMECHM,Lime Chemicals Ltd.,BSE only,BSE Equity,,X,Active
2655,INE802B01027,Y,LINC,531241,LINC,Linc Limited,NSE+BSE,NSE Mainboard,EQ,B,Active
2656,INE405C01035,Y,LINCOLN,531633,LINCOLN,Lincoln Pharmaceuticals Limited,NSE+BSE,NSE Mainboard,EQ,B,Active
2657,INE473A01011,Y,LINDEINDIA,523457,LINDEINDIA,Linde India Limited,NSE+BSE,NSE Mainboard,EQ,A,Active
2658,INE302F01011,Y,,524748,LINKPH,Link Pharma Chem Ltd.,BSE only,BSE Equity,,X,Active
2659,INE0TKX01011,Y,,544796,LIOTECH,LIOTECH INDUSTRIES LIMITED,BSE only,BSE Equity,,M,Active
2660,INE845B01018,Y,,526604,LIPPISYS,Lippi Systems Ltd.,BSE only,BSE Equity,,XT,Active
2661,INE0FFF01017,Y,,544366,LKMEHTA,L.K.MEHTA POLYMERS LIMITED,BSE only,BSE Equity,,M,Active
2662,INE341H01023,Y,,540192,LKPSEC,LKP Securities Limited,BSE only,BSE Equity,,X,Active
2663,INE715Q01029,Y,,540360,LLFICL,LEADING LEASING FINANCE AND INVESTMENT CO. LIMITED,BSE only,BSE Equity,,T,Active
2664,INE0DTQ01028,Y,LLOYDS,,,Lloyds Luxuries Limited,NSE only,NSE SME (Emerge),SM,,
2665,INE093R01011,Y,LLOYDSENGG,539992,LLOYDSENGG,LLOYDS ENGINEERING WORKS LIMITED,NSE+BSE,NSE Mainboard,EQ,A,Active
2666,INE080I01025,Y,LLOYDSENT,512463,LLOYDSENT,Lloyds Enterprises Limited,NSE+BSE,NSE Mainboard,EQ,A,Active
2667,INE281B01032,Y,LLOYDSME,512455,LLOYDSME,Lloyds Metals And Energy Limited,NSE+BSE,NSE Mainboard,EQ,A,Active
2668,INE269B01029,Y,LMW,500252,LMW,LMW Limited,NSE+BSE,NSE Mainboard,EQ,A,Active
2669,INE670K01029,Y,LODHA,543287,LODHA,Lodha Developers Limited,NSE+BSE,NSE Mainboard,EQ,A,Active
2670,INE0BSU01018,Y,,543746,LOGICA,LOGICA INFOWAY LIMITED,BSE only,BSE Equity,,M,Active
2671,INE1BA901016,Y,,544625,LOGICIEL,Logiciel Solutions Limited,BSE only,BSE Equity,,M,Active
2672,INE397H01017,Y,LOKESHMACH,532740,LOKESHMACH,Lokesh Machines Limited,NSE+BSE,NSE Mainboard,BE,T,Active
2673,INE180M01033,Y,,504340,LONGSPUR,Longspur International Ventures Limited,BSE only,BSE Equity,,X,Active
2674,INE204N01013,Y,,534422,LOOKS,Looks Health Services Limited,BSE only,BSE Equity,,XT,Active
2675,INE846D01012,Y,LORDSCHLO,500284,LORDSCHLO,Lords Chloro Alkali Limited,NSE+BSE,NSE Mainboard,EQ,B,Active
2676,INE689J01013,Y,,530065,LORDSHOTL,Lords Ishwar Hotels Limited,BSE only,BSE Equity,,X,Active
2677,INE567L01025,Y,,501261,LORDSMARK,Lords Mark Industries Limited,BSE only,BSE Equity,,XT,Active
2678,INE026D01011,Y,,523475,LOTUSCHO,Lotus Chocolate Co. Ltd.,BSE only,BSE Equity,,B,Active
2679,INE0V9Q01010,Y,LOTUSDEV,544469,LOTUSDEV,Sri Lotus Developers and Realty Limited,NSE+BSE,NSE Mainboard,BE,T,Active
2680,INE947I01017,Y,LOTUSEYE,532998,LOTUSEYE,Lotus Eye Hospital and Institute Limited,NSE+BSE,NSE Mainboard,EQ,B,Active
2681,INE597L01014,Y,LOVABLE,533343,LOVABLE,Lovable Lingerie Limited,NSE+BSE,NSE Mainboard,EQ,B,Active
2682,INE876S01017,Y,,539227,LOYAL,Loyal Equipments Limited,BSE only,BSE Equity,,X,Active
2683,INE970D01010,Y,LOYALTEX,514036,LOYALTEX,Loyal Textile Mills Limited,NSE+BSE,NSE Mainboard,EQ,B,Active
2684,INE197J01017,Y,LPDC,533012,LPDC,Landmark Property Development Company Limited,NSE+BSE,NSE Mainboard,EQ,B,Active
2685,INE0H4B01011,Y,LRRPL,,,Lead Reclaim And Rubber Products Limited,NSE only,NSE SME (Emerge),SM,,
2686,INE018A01030,Y,LT,500510,LT,Larsen & Toubro Limited,NSE+BSE,NSE Mainboard,EQ,A,Active
2687,INE0TJ801010,Y,,544518,LTELEVATOR,L. T. ELEVATOR LIMITED,BSE only,BSE Equity,,MT,Active
2688,INE498L01015,Y,LTF,533519,LTF,L&T Finance Limited,NSE+BSE,NSE Mainboard,EQ,A,Active
2689,INE818H01020,Y,LTFOODS,532783,LTFOODS,LT Foods Limited,NSE+BSE,NSE Mainboard,EQ,A,Active
2690,INE214T01019,Y,LTM,540005,LTM,LTM Limited,NSE+BSE,NSE Mainboard,EQ,A,Active
2691,INE010V01017,Y,LTTS,540115,LTTS,L&T Technology Services Limited,NSE+BSE,NSE Mainboard,EQ,A,Active
2692,INE983C01015,Y,,526179,LUDLOWJUT,Ludlow Jute & Specialities Ltd,BSE only,BSE Equity,,XT,Active
2693,INE162B01018,Y,LUMAXIND,517206,LUMAXIND,Lumax Industries Limited,NSE+BSE,NSE Mainboard,EQ,B,Active
2694,INE872H01027,Y,LUMAXTECH,532796,LUMAXTECH,Lumax Auto Technologies Limited,NSE+BSE,NSE Mainboard,EQ,A,Active
2695,INE326A01037,Y,LUPIN,500257,LUPIN,Lupin Limited,NSE+BSE,NSE Mainboard,EQ,A,Active
2696,INE150G01020,Y,LUXIND,539542,LUXIND,Lux Industries Limited,NSE+BSE,NSE Mainboard,EQ,B,Active
2697,INE1CJB01013,Y,,544635,LUXURY,Luxury Time Limited,BSE only,BSE Equity,,M,Active
2698,INE281M01013,Y,,531402,LWSKNIT,LWS Knitwear Ltd,BSE only,BSE Equity,,X,Active
2699,INE576O01020,Y,LXCHEM,543277,LXCHEM,Laxmi Organic Industries Limited,NSE+BSE,NSE Mainboard,EQ,B,Active
2700,INE933A01014,Y,LYKALABS,500259,LYKALABS,Lyka Labs Limited,NSE+BSE,NSE Mainboard,BE,T,Active
2701,INE624M01014,Y,,530689,LYKISLTD,Lykis Limited,BSE only,BSE Equity,,X,Active
2702,INE100F01019,Y,,531441,LYONSCO,Lyons Corporate Market Ltd.,BSE only,BSE Equity,,X,Active
2703,INE101A01026,Y,M&M,500520,M&M,Mahindra & Mahindra Limited,NSE+BSE,NSE Mainboard,EQ,A,Active
2704,INE774D01024,Y,M&MFIN,532720,M&MFIN,Mahindra & Mahindra Financial Services Limited,NSE+BSE,NSE Mainboard,EQ,A,Active
2705,INE215I01027,Y,MAANALU,532906,MAANALU,Maan Aluminium Limited,NSE+BSE,NSE Mainboard,EQ,B,Active
2706,INE004Z01011,Y,,541973,MACH,Mac Hotels Limited,BSE only,BSE Equity,,M,Active
2707,INE0UYT01018,Y,,544248,MACHLTD,MACH TRAVEL SOLUTIONS LIMITED,BSE only,BSE Equity,,M,Active
2708,INE01BT01015,Y,,543934,MACIND,Machhar Industries Limited,BSE only,BSE Equity,,X,Active
2709,INE0R0J01010,Y,MACOBSTECH,,,Macobs Technologies Limited,NSE only,NSE SME (Emerge),SM,,
2710,INE082B01018,Y,,523248,MACPLASQ,Machino Plastics Ltd,BSE only,BSE Equity,,X,Active
2711,INE155Z01011,Y,MACPOWER,,,Macpower CNC Machines Limited,NSE only,NSE Mainboard,EQ,,
2712,INE002B01016,Y,,532344,MADALA,MADALA HOLDINGS LIMITED,BSE only,BSE Equity,,X,Active
2713,INE925C01016,Y,MADHAV,515093,MADHAV,Madhav Marbles and Granites Limited,NSE+BSE,NSE Mainboard,EQ,B,Active
2714,INE0JR301013,Y,MADHAVBAUG,,,Vaidya Sane Ayurved Laboratories Limited,NSE only,NSE SME (Emerge),ST,,
2715,INE631R01026,Y,MADHAVIPL,539894,MADHAVIPL,Madhav Infra Projects Limited,NSE+BSE,NSE Mainboard,EQ,B,Active
2716,INE378D01032,Y,MADHUCON,531497,MADHUCON,Madhucon Projects Limited,NSE+BSE,NSE Mainboard,BE,T,Active
2717,INE469C01023,Y,,515059,MADHUDIN,Madhusudan Industries Ltd.,BSE only,BSE Equity,,X,Active
2718,INE110C01015,Y,,519279,MADHURIND,Madhur Industries Limited,BSE only,BSE Equity,,XT,Active
2719,INE0P6701019,Y,MADHUSUDAN,,,Madhusudan Masala Limited,NSE only,NSE SME (Emerge),ST,,
2720,INE414A01015,Y,MADRASFERT,590134,MADRASFERT,Madras Fertilizers Limited,NSE+BSE,NSE Mainboard,EQ,B,Active
2721,INE270B01035,Y,MAFATIND,500264,MAFATIND,Mafatlal Industries Limited,NSE+BSE,NSE Mainboard,EQ,B,Active
2722,INE0KQQ01011,Y,,543613,MAFIA,MAFIA TRENDS LIMITED,BSE only,BSE Equity,,M,Active
2723,INE347W01011,Y,MAGADSUGAR,540650,MAGADSUGAR,Magadh Sugar & Energy Limited,NSE+BSE,NSE Mainboard,EQ,B,Active
2724,INE664N01018,Y,,512377,MAGANTR,Magnanimous Trade & Finance Ltd.,BSE only,BSE Equity,,XT,Active
2725,INE0QZ901011,Y,,544188,MAGENTA,Magenta Lifecare Limited,BSE only,BSE Equity,,M,Active
2726,INE437D01010,Y,,517449,MAGNAELQ,Magna Electro Castings Ltd.,BSE only,BSE Equity,,X,Active
2727,INE387I01016,Y,MAGNUM,532896,MAGNUM,Magnum Ventures Limited,NSE+BSE,NSE Mainboard,EQ,B,Active
2728,INE898E01011,Y,,517320,MAGNUS,MAGNUS STEEL AND INFRA LIMITED,BSE only,BSE Equity,,XT,Active
2729,INE0O1S01012,Y,MAGSON,,,Magson Retail And Distribution Limited,NSE only,NSE SME (Emerge),SM,,
2730,INE457A01014,Y,MAHABANK,532525,MAHABANK,Bank of Maharashtra,NSE+BSE,NSE Mainboard,EQ,A,Active
2731,INE272E01027,Y,,505523,MAHACORP,Maharashtra Corporation Ltd.,BSE only,BSE Equity,,X,Active
2732,INE0U9D01019,Y,,544611,MAHALIFE,MAHAMAYA LIFESCIENCES LIMITED,BSE only,BSE Equity,,M,Active
2733,INE257F01017,Y,,513460,MAHALXSE,Mahalaxmi Seamless Ltd.,BSE only,BSE Equity,,Z,Active
2734,INE843B01013,Y,MAHAPEXLTD,523384,MAHAPEXLTD,Maha Rashtra Apex Corporation Limited,NSE+BSE,NSE Mainboard,EQ,B,Active
2735,INE451L01014,Y,MAHASTEEL,513554,MAHASTEEL,Mahamaya Steel Industries Limited,NSE+BSE,NSE Mainboard,BE,T,Active
2736,INE019D01016,Y,,539383,MAHAVEER,Mahaveer Infoway Limited,BSE only,BSE Equity,,Z,Active
2737,INE215D01010,Y,MAHEPC,523754,MAHEPC,Mahindra EPC Irrigation Limited,NSE+BSE,NSE Mainboard,EQ,B,Active
2738,INE01MO01013,Y,,542677,MAHESH,Mahesh Developers Limited,BSE only,BSE Equity,,X,Active
2739,INE263W01010,Y,MAHESHWARI,,,Maheshwari Logistics Limited,NSE only,NSE Mainboard,BE,,
2740,INE961Y01015,Y,MAHICKRA,,,Mahickra Chemicals Limited,NSE only,NSE SME (Emerge),SM,,
2741,INE00CX01017,Y,,542503,MAHIP,Mahip Industries Limited,BSE only,BSE Equity,,MT,Active
2742,INE813A01018,Y,MAHLIFE,532313,MAHLIFE,Mahindra Lifespace Developers Limited,NSE+BSE,NSE Mainboard,EQ,A,Active
2743,INE766P01016,Y,MAHLOG,540768,MAHLOG,Mahindra Logistics Limited,NSE+BSE,NSE Mainboard,EQ,B,Active
2744,INE288A01013,Y,MAHSCOOTER,500266,MAHSCOOTER,Maharashtra Scooters Limited,NSE+BSE,NSE Mainboard,EQ,A,Active
2745,INE271B01025,Y,MAHSEAMLES,500265,MAHSEAMLES,Maharashtra Seamless Limited,NSE+BSE,NSE Mainboard,EQ,A,Active
2746,INE0O1T01010,Y,,543874,MAIDEN,Maiden Forgings Limited,BSE only,BSE Equity,,M,Active
2747,INE392G01028,Y,,531540,MAINFRA,Maruti Infrastructure Ltd.,BSE only,BSE Equity,,X,Active
2748,INE683C01011,Y,MAITHANALL,590078,MAITHANALL,Maithan Alloys Limited,NSE+BSE,NSE Mainboard,EQ,B,Active
2749,INE0PLQ01011,Y,MAITREYA,,,Maitreya Medicare Limited,NSE only,NSE SME (Emerge),SM,,
2750,INE501L01024,Y,,513430,MAITRI,Maitri Enterprises Limited,BSE only,BSE Equity,,XT,Active
2751,INE201B01022,Y,MAJESAUT,500267,MAJESAUT,Majestic Auto Limited,NSE+BSE,NSE Mainboard,BE,T,Active
2752,INE987A01010,Y,,506919,MAKERSL,Makers Laboratories Ltd.,BSE only,BSE Equity,,X,Active
2753,INE0CDK01019,Y,MAKS,,,Maks Energy Solutions India Limited,NSE only,NSE SME (Emerge),SM,,
2754,INE00C401011,Y,MAL,,,Mangalam Alloys Limited,NSE only,NSE SME (Emerge),SM,,
2755,INE100C01024,Y,,531613,MAL,Meyer Apparel Limited,BSE only,BSE Equity,,X,Active
2756,INE1N3Y01016,Y,,544835,MALA,Shree Balaji (Mala) Textiles Limited,BSE only,BSE Equity,,M,Active
2757,INE389C01015,Y,MALLCOM,539400,MALLCOM,Mallcom (India) Limited,NSE+BSE,NSE Mainboard,EQ,B,Active
2758,INE0YON01014,Y,,544351,MALPANI,MALPANI PIPES AND FITTINGS LIMITED,BSE only,BSE Equity,,M,Active
2759,INE994N01019,Y,,539560,MALTLAND,MALT LAND DISTILLERIES LIMITED,BSE only,BSE Equity,,XT,Active
2760,INE383H01017,Y,MALUPAPER,532728,MALUPAPER,Malu Paper Mills Limited,NSE+BSE,NSE Mainboard,EQ,B,Active
2761,INE0TO701015,Y,MAMATA,544318,MAMATA,Mamata Machinery Limited,NSE+BSE,NSE Mainboard,EQ,B,Active
2762,INE859Q01017,Y,MANAKALUCO,539045,MANAKALUCO,Manaksia Aluminium Company Limited,NSE+BSE,NSE Mainboard,EQ,B,Active
2763,INE830Q01018,Y,MANAKCOAT,539046,MANAKCOAT,Manaksia Coated Metals & Industries Limited,NSE+BSE,NSE Mainboard,EQ,B,Active
2764,INE015D01022,Y,MANAKSIA,532932,MANAKSIA,Manaksia Limited,NSE+BSE,NSE Mainboard,EQ,B,Active
2765,INE824Q01011,Y,MANAKSTEEL,539044,MANAKSTEEL,Manaksia Steels Limited,NSE+BSE,NSE Mainboard,EQ,B,Active
2766,INE201A01024,Y,MANALIPETC,500268,MANALIPETC,Manali Petrochemicals Limited,NSE+BSE,NSE Mainboard,EQ,B,Active
2767,INE522D01027,Y,MANAPPURAM,531213,MANAPPURAM,Manappuram Finance Limited,NSE+BSE,NSE Mainboard,EQ,A,Active
2768,INE800W01019,Y,,540402,MANAS,Manas Properties Limited,BSE only,BSE Equity,,MT,Active
2769,INE104Y01012,Y,MANAV,,,Manav Infra Projects Limited,NSE only,NSE SME (Emerge),SM,,
2770,INE939X01013,Y,MANBA,544262,MANBA,Manba Finance Limited,NSE+BSE,NSE Mainboard,EQ,B,Active
2771,INE348N01042,Y,,512595,MANBRO,Manbro Industries Limited,BSE only,BSE Equity,,X,Active
2772,INE545L01039,Y,MANCREDIT,505850,MANCREDIT,Mangal Credit and Fincorp Limited,NSE+BSE,NSE Mainboard,EQ,B,Active
2773,INE0R3T01013,Y,MANDEEP,,,Mandeep Auto Industries Limited,NSE only,NSE SME (Emerge),SM,,
2774,INE584F01014,Y,MANGALAM,532637,MANGALAM,Mangalam Drugs And Organics Limited,NSE+BSE,NSE Mainboard,EQ,B,Active
2775,INE0RU901015,Y,,544287,MANGALCOMP,Mangal Compusolution Limited,BSE only,BSE Equity,,M,Active
2776,INE717C01025,Y,,537800,MANGIND,Mangalam Industrial Finance Limited,BSE only,BSE Equity,,X,Active
2777,INE733N01011,Y,,503626,MANGLAM,Manglam Global Corporations Limited,BSE only,BSE Equity,,X,Active
2778,INE347A01017,Y,MANGLMCEM,502157,MANGLMCEM,Mangalam Cement Limited,NSE+BSE,NSE Mainboard,EQ,B,Active
2779,INE1ERK01013,Y,MANILAM,,,Manilam Industries India Limited,NSE only,NSE SME (Emerge),SM,,
2780,INE993A01026,Y,MANINDS,513269,MANINDS,Man Industries (India) Limited,NSE+BSE,NSE Mainboard,EQ,B,Active
2781,INE949H01023,Y,MANINFRA,533169,MANINFRA,Man Infraconstruction Limited,NSE+BSE,NSE Mainboard,EQ,B,Active
2782,INE459N01021,Y,MANIPALHOS,544847,MANIPALHOS,Manipal Health Enterprises Limited,NSE+BSE,NSE Mainboard,EQ,B,Active
2783,INE0YD301010,Y,,544768,MANIVENI,M.R.MANIVENI FOODS LIMITED,BSE only,BSE Equity,,M,Active
2784,INE634S01028,Y,MANKIND,543904,MANKIND,Mankind Pharma Limited,NSE+BSE,NSE Mainboard,EQ,A,Active
2785,INE0MV001018,Y,,544400,MANOJJEWEL,Manoj Jewellers Limited,BSE only,BSE Equity,,M,Active
2786,INE784W01015,Y,MANOMAY,540396,MANOMAY,Manomay Tex India Limited,NSE+BSE,NSE Mainboard,EQ,B,Active
2787,INE00VM01036,Y,MANORAMA,541974,MANORAMA,Manorama Industries Limited,NSE+BSE,NSE Mainboard,EQ,A,Active
2788,INE370D01013,Y,MANORG,514418,MANORG,Mangalam Organics Limited,NSE+BSE,NSE Mainboard,EQ,B,Active
2789,INE948I01015,Y,,530537,MANRAJH,Manraj Housing Finance Ltd.,BSE only,BSE Equity,,X,Active
2790,INE094E01017,Y,,511758,MANSIFIN,Mansi Finance (Chennai) Ltd,BSE only,BSE Equity,,X,Active
2791,INE304E01010,Y,,511577,MANTRA,Mantra Capital Limited,BSE only,BSE Equity,,X,Active
2792,INE867A01022,Y,MANUGRAPH,505324,MANUGRAPH,Manugraph India Limited,NSE+BSE,NSE Mainboard,BE,T,Active
2793,INE825V01034,Y,MANYAVAR,543463,MANYAVAR,Vedant Fashions Limited,NSE+BSE,NSE Mainboard,EQ,A,Active
2794,INE0BV301023,Y,MAPMYINDIA,543425,MAPMYINDIA,C.E. Info Systems Limited,NSE+BSE,NSE Mainboard,EQ,A,Active
2795,INE848M01019,Y,,509762,MAPROIN,Mapro Industries Ltd,BSE only,BSE Equity,,XT,Active
2796,INE882A01013,Y,MARALOVER,521018,MARALOVER,Maral Overseas Limited,NSE+BSE,NSE Mainboard,BE,T,Active
2797,INE182D01020,Y,MARATHON,503101,MARATHON,Marathon Nextgen Realty Limited,NSE+BSE,NSE Mainboard,EQ,B,Active
2798,INE807H01023,Y,,531281,MARBLE,MARBLE CITY INDIA LIMITED,BSE only,BSE Equity,,X,Active
2799,INE199D01016,Y,,523566,MARBU,Martin Burn Ltd,BSE only,BSE Equity,,X,Active
2800,INE0TD401015,Y,MARC,,,Marc Technocrats Limited,NSE only,NSE SME (Emerge),SM,,
2801,INE0TBQ01014,Y,,544437,MARCLOIRE,MARC LOIRE FASHIONS LIMITED,BSE only,BSE Equity,,M,Active
2802,INE0QP001012,Y,MARCO,,,Marco Cables & Conductors Limited,NSE only,NSE SME (Emerge),SM,,
2803,INE680B01019,Y,,500206,MARGOFIN,Margo Finance Limited,BSE only,BSE Equity,,X,Active
2804,INE196A01026,Y,MARICO,531642,MARICO,Marico Limited,NSE+BSE,NSE Mainboard,EQ,A,Active
2805,INE01JE01028,Y,MARINE,,,Marine Electricals (India) Limited,NSE only,NSE Mainboard,EQ,,
2806,INE0P1P01017,Y,MARINETRAN,,,Marinetrans India Limited,NSE only,NSE SME (Emerge),SM,,
2807,INE866D01010,Y,,531503,MARIS,Maris Spinners Ltd.,BSE only,BSE Equity,,X,Active
2808,INE0FW001016,Y,MARKOLINES,543364,MARKOLINES,Markolines Pavement Technologies Limited,NSE+BSE,NSE Mainboard,EQ,B,Active
2809,INE750C01026,Y,MARKSANS,524404,MARKSANS,Marksans Pharma Limited,NSE+BSE,NSE Mainboard,EQ,A,Active
2810,INE415B01044,Y,MARSONS,517467,MARSONS,Marsons Limited,NSE+BSE,NSE Mainboard,EQ,B,Active
2811,INE0X7G01013,Y,MARUSHIKA,,,Marushika Technology Limited,NSE only,NSE SME (Emerge),SM,,
2812,INE585B01010,Y,MARUTI,532500,MARUTI,Maruti Suzuki India Limited,NSE+BSE,NSE Mainboard,EQ,A,Active
2813,INE348L01012,Y,MASFIN,540749,MASFIN,MAS Financial Services Limited,NSE+BSE,NSE Mainboard,EQ,B,Active
2814,INE885F01015,Y,MASKINVEST,,,Mask Investments Limited,NSE only,NSE Mainboard,EQ,,
2815,INE0SH001010,Y,MASON,,,Mason Infratech Limited,NSE only,NSE SME (Emerge),SM,,
2816,INE759A01021,Y,MASTEK,523704,MASTEK,Mastek Limited,NSE+BSE,NSE Mainboard,EQ,A,Active
2817,INE0OJM01017,Y,MASTER,,,Master Components Limited,NSE only,NSE SME (Emerge),SM,,
2818,INE677D01037,Y,MASTERTR,511768,MASTERTR,Master Trust Limited,NSE+BSE,NSE Mainboard,EQ,B,Active
2819,INE866R01028,Y,MATRIMONY,540704,MATRIMONY,Matrimony.Com Limited,NSE+BSE,NSE Mainboard,EQ,B,Active
2820,INE636A01039,Y,MAWANASUG,523371,MAWANASUG,Mawana Sugars Limited,NSE+BSE,NSE Mainboard,EQ,B,Active
2821,INE03EI01018,Y,MAXESTATES,544008,MAXESTATES,Max Estates Limited,NSE+BSE,NSE Mainboard,EQ,B,Active
2822,INE485D01043,Y,,521167,MAXGROW,MAXGROW INDIA LIMITED,BSE only,BSE Equity,,XT,Active
2823,INE027H01010,Y,MAXHEALTH,543220,MAXHEALTH,Max Healthcare Institute Limited,NSE+BSE,NSE Mainboard,EQ,A,Active
2824,INE393F01010,Y,,534338,MAXHEIGHTS,Max heights Infrastucture Ltd,BSE only,BSE Equity,,X,Active
2825,INE544W01021,Y,,540401,MAXIMUS,Maximus International Limited,BSE only,BSE Equity,,X,Active
2826,INE0CG601016,Y,MAXIND,543223,MAXIND,Max India Limited,NSE+BSE,NSE Mainboard,EQ,B,Active
2827,INE0ECC01022,Y,MAXPOSURE,,,Maxposure Limited,NSE only,NSE SME (Emerge),SM,,
2828,INE10A501018,Y,MAXVOLT,,,Maxvolt Energy Industries Limited,NSE only,NSE SME (Emerge),ST,,
2829,INE0ZTO01018,Y,MAYASHEEL,,,Mayasheel Ventures Limited,NSE only,NSE SME (Emerge),SM,,
2830,INE799E01011,Y,,531680,MAYUR,Mayur Leather Products Ltd.,BSE only,BSE Equity,,X,Active
2831,INE262W01012,Y,,531221,MAYURFL,Mayur Floorings Ltd.,BSE only,BSE Equity,,XT,Active
2832,INE040D01038,Y,MAYURUNIQ,522249,MAYURUNIQ,Mayur Uniquoters Ltd,NSE+BSE,NSE Mainboard,EQ,B,Active
2833,INE885E01042,Y,MAZDA,523792,MAZDA,Mazda Limited,NSE+BSE,NSE Mainboard,BE,T,Active
2834,INE249Z01020,Y,MAZDOCK,543237,MAZDOCK,Mazagon Dock Shipbuilders Limited,NSE+BSE,NSE Mainboard,EQ,A,Active
2835,INE900L01028,Y,MBAPL,,,Madhya Bharat Agro Products Limited,NSE only,NSE Mainboard,EQ,,
2836,INE08N601015,Y,MBEL,544470,MBEL,M & B Engineering Limited,NSE+BSE,NSE Mainboard,EQ,B,Active
2837,INE912H01013,Y,MBLINFRA,533152,MBLINFRA,MBL Infrastructure Limited,NSE+BSE,NSE Mainboard,EQ,B,Active
2838,INE435D01014,Y,MCCHRLS-B,507836,MCCHRLS-B,Mac Charles India Limited,NSE+BSE,NSE Mainboard,EQ,B,Active
2839,INE0R5Z01015,Y,,544106,MCFL,Mayank Cattle Food Limited,BSE only,BSE Equity,,MT,Active
2840,INE813V01022,Y,MCL,,,M TEK COPPER LIMITED,NSE only,NSE Mainboard,EQ,,
2841,INE942G01012,Y,MCLEODRUSS,532654,MCLEODRUSS,Mcleod Russel India Limited,NSE+BSE,NSE Mainboard,EQ,B,Active
2842,INE613C01026,Y,MCLOUD,538891,MCLOUD,Magellanic Cloud Limited,NSE+BSE,NSE Mainboard,EQ,B,Active
2843,INE410E01015,Y,,511401,MCLTD,MUNOTH COMMUNICATION LIMITED,BSE only,BSE Equity,,X,Active
2844,INE0O4M01019,Y,MCON,,,Mcon Rasayan India Limited,NSE only,NSE SME (Emerge),SM,,
2845,INE0A6N01026,Y,,544073,MCPL,Manoj Ceramic Limited,BSE only,BSE Equity,,M,Active
2846,INE745G01043,Y,MCX,534091,MCX,Multi Commodity Exchange of India Limited,NSE+BSE,NSE Mainboard,EQ,A,Active
2847,INE575Z01010,Y,MDL,,,Marvel Decor Limited,NSE only,NSE SME (Emerge),ST,,
2848,INE1HK501016,Y,,544673,MDRC,MODERN DIAGNOSTIC & RESEARCH CENTRE LIMITED,BSE only,BSE Equity,,M,Active
2849,INE001F01019,Y,,513303,MDRNSTL,Modern Steels Limited,BSE only,BSE Equity,,X,Active
2850,INE250S01015,Y,,539762,MEAPL,MODERN ENGINEERING AND PROJECTS LIMITED,BSE only,BSE Equity,,X,Active
2851,INE474Q01031,Y,MEDANTA,543654,MEDANTA,Global Health Limited,NSE+BSE,NSE Mainboard,EQ,A,Active
2852,INE828I01019,Y,,503685,MEDIAONE,Mediaone Global Entertainment Limited,BSE only,BSE Equity,,Z,Active
2853,INE456Z01021,Y,MEDIASSIST,544088,MEDIASSIST,Medi Assist Healthcare Services Limited,NSE+BSE,NSE Mainboard,EQ,A,Active
2854,INE646B01010,Y,MEDICAMEQ,531146,MEDICAMEQ,Medicamen Biotech Limited,NSE+BSE,NSE Mainboard,EQ,B,Active
2855,INE442D01010,Y,,523144,MEDICAPQ,Medi-Caps Ltd.,BSE only,BSE Equity,,X,Active
2856,INE630Y01024,Y,MEDICO,540937,MEDICO,Medico Remedies Limited,NSE+BSE,NSE Mainboard,EQ,B,Active
2857,INE0PE401018,Y,MEDIORG,,,Medicamen Organics Limited,NSE only,NSE SME (Emerge),SM,,
2858,INE0UOY01019,Y,MEDISTEP,,,Medistep Healthcare Limited,NSE only,NSE SME (Emerge),SM,,
2859,INE804L01022,Y,MEDPLUS,543427,MEDPLUS,Medplus Health Services Limited,NSE+BSE,NSE Mainboard,EQ,A,Active
2860,INE208H01016,Y,,544831,MEEIND,MEENAKSHI INDIA LIMITED,BSE only,BSE Equity,,B,Active
2861,INE721V01019,Y,,512505,MEENST,Meenakshi Steel Industries Ltd.,BSE only,BSE Equity,,Z,Active
2862,INE343X01026,Y,,540519,MEERA,Meera Industries Limited,BSE only,BSE Equity,,B,Active
2863,INE0VDM01015,Y,MEESHO,544632,MEESHO,Meesho Limited,NSE+BSE,NSE Mainboard,EQ,B,Active
2864,INE186C01023,Y,,531176,MEFCOMCAP,Mefcom Capital Markets Ltd.,BSE only,BSE Equity,,X,Active
2865,INE804B01023,Y,,531417,MEGACOR,Mega Corporation Ltd,BSE only,BSE Equity,,XT,Active
2866,INE0G1D01014,Y,MEGAFLEX,,,Mega Flex Plastics Limited,NSE only,NSE SME (Emerge),SM,,
2867,INE317D01014,Y,,523888,MEGAMONT,MEGAMONT LIMITED,BSE only,BSE Equity,,XT,Active
2868,INE00EM01016,Y,MEGASTAR,541352,MEGASTAR,Megastar Foods Limited,NSE+BSE,NSE Mainboard,EQ,B,Active
2869,INE531R01010,Y,MEGATHERM,,,Megatherm Induction Limited,NSE only,NSE SME (Emerge),SM,,
2870,INE756R01013,Y,,539012,MEGRISOFT,Megri Soft Limited,BSE only,BSE Equity,,X,Active
2871,INE062Y01020,Y,,540730,MEHAI,Mehai Technology  Limited,BSE only,BSE Equity,,X,Active
2872,INE240B01012,Y,,511377,MEHIF,Mehta Integrated Finance Ltd.,BSE only,BSE Equity,,X,Active
2873,INE241B01010,Y,,511738,MEHSECU,Mehta Securities Ltd.,BSE only,BSE Equity,,X,Active
2874,INE1KH601014,Y,,544472,MEHUL,MEHUL COLOURS LIMITED,BSE only,BSE Equity,,M,Active
2875,INE0PKD01011,Y,MEIL,544492,MEIL,Mangal Electrical Industries Limited,NSE+BSE,NSE Mainboard,EQ,B,Active
2876,INE148B01033,Y,,531127,MENAMANI,MENA MANI INDUSTRIES LIMITED,BSE only,BSE Equity,,XT,Active
2877,INE650G01029,Y,MENNPIS,531727,MENNPIS,Menon Pistons Limited,NSE+BSE,NSE Mainboard,EQ,B,Active
2878,INE071D01033,Y,MENONBE,523828,MENONBE,Menon Bearings Limited,NSE+BSE,NSE Mainboard,BE,T,Active
2879,INE776I01010,Y,MEP,539126,MEP,MEP Infrastructure Developers Limited,NSE+BSE,NSE Mainboard,BZ,Z,Active
2880,INE689O01013,Y,MERCANTILE,538942,MERCANTILE,Mercantile Ventures Limited,NSE+BSE,NSE Mainboard,EQ,B,Active
2881,INE319T01016,Y,,512415,MERCTRD,Mercury Trade Links Ltd.,BSE only,BSE Equity,,X,Active
2882,INE763M01028,Y,MERCURYEV,531357,MERCURYEV,Mercury Ev-Tech Limited,NSE+BSE,NSE Mainboard,EQ,B,Active
2883,INE947G01011,Y,,538964,MERCURYLAB,Mercury Laboratories Limited,BSE only,BSE Equity,,X,Active
2884,INE958L01034,Y,,534535,META,STRING METAVERSE LIMITED,BSE only,BSE Equity,,T,Active
2885,INE162901016,Y,,544441,METAINFO,META INFOTECH LIMITED,BSE only,BSE Equity,,MT,Active
2886,INE161E01014,Y,,531810,METALCO,Metal Coatings (India) Ltd.,BSE only,BSE Equity,,X,Active
2887,INE1II801013,Y,METALIC,,,Metalic Technoforge Limited,NSE only,NSE SME (Emerge),SM,,
2888,INE0QZR01017,Y,,544637,METHODHUB,Methodhub Software Limited,BSE only,BSE Equity,,M,Active
2889,INE317I01021,Y,METROBRAND,543426,METROBRAND,Metro Brands Limited,NSE+BSE,NSE Mainboard,EQ,A,Active
2890,INE085D01033,Y,METROGLOBL,500159,METROGLOBL,Metroglobal Limited,NSE+BSE,NSE Mainboard,EQ,B,Active
2891,INE112L01020,Y,METROPOLIS,542650,METROPOLIS,Metropolis Healthcare Limited,NSE+BSE,NSE Mainboard,EQ,A,Active
2892,INE318N01011,Y,,538401,METSL,MAESTROS ELECTRONICS & TELECOMMUNICATIONS SYSTEMS LTD,BSE only,BSE Equity,,X,Active
2893,INE244C01020,Y,,526622,MFLINDIA,MFL India Ltd,BSE only,BSE Equity,,X,Active
2894,INE0US801024,Y,MFML,544233,MFML,Mahalaxmi Fabric Mills Limited,NSE+BSE,NSE Mainboard,EQ,B,Active
2895,INE614F01019,Y,,513721,MFSINTRCRP,MFS Intercorp Limited,BSE only,BSE Equity,,X,Active
2896,INE180A01020,Y,MFSL,500271,MFSL,Max Financial Services Limited,NSE+BSE,NSE Mainboard,EQ,A,Active
2897,INE0APB01032,Y,MGEL,544273,MGEL,Mangalam Global Enterprise Limited,NSE+BSE,NSE Mainboard,BE,T,Active
2898,INE368C01019,Y,,531319,MGIL,MARUTI GLOBAL INDUSTRIES LIMITED,BSE only,BSE Equity,,X,Active
2899,INE002S01010,Y,MGL,539957,MGL,Mahanagar Gas Limited,NSE+BSE,NSE Mainboard,EQ,A,Active
2900,INE132901013,Y,MGSL,,,Matrix Geo Solutions Limited,NSE only,NSE SME (Emerge),SM,,
2901,INE957U01011,Y,,540150,MHEL,Mewar Hi-Tech Engineering Limited,BSE only,BSE Equity,,MT,Active
2902,INE450S01011,Y,MHHL,,,Mohini Health & Hygiene Limited,NSE only,NSE SME (Emerge),SM,,
2903,INE112D01035,Y,MHLXMIRU,514450,MHLXMIRU,Mahalaxmi Rubtech Limited,NSE+BSE,NSE Mainboard,EQ,B,Active
2904,INE998I01010,Y,MHRIL,533088,MHRIL,Mahindra Holidays & Resorts India Limited,NSE+BSE,NSE Mainboard,EQ,B,Active
2905,INE007G01014,Y,,526795,MHSGRMS,Mahasagar Travels Ltd.,BSE only,BSE Equity,,ZP,Active
2906,INE287C01037,Y,MICEL,532850,MICEL,MIC Electronics Limited,NSE+BSE,NSE Mainboard,BE,T,Active
2907,INE0PZK01014,Y,MICROPRO,,,Micropro Software Solutions Limited,NSE only,NSE SME (Emerge),SM,,
2908,INE809F01015,Y,,523343,MICROSE,Microse India Limited,BSE only,BSE Equity,,XT,Active
2909,INE033E01015,Y,,526251,MIDEASTP,Mid East Portfolio Management Ltd.,BSE only,BSE Equity,,XT,Active
2910,INE099Z01011,Y,MIDHANI,541195,MIDHANI,Mishra Dhatu Nigam Limited,NSE+BSE,NSE Mainboard,EQ,A,Active
2911,INE401C01018,Y,,500277,MIDINDIA,Mid India Industries Limited,BSE only,BSE Equity,,X,Active
2912,INE046M01036,Y,,531597,MIDPOLY,Midland Polymers Ltd.,BSE only,BSE Equity,,XT,Active
2913,INE0XAD01024,Y,MIDWESTLTD,544587,MIDWESTLTD,Midwest Limited,NSE+BSE,NSE Mainboard,EQ,B,Active
2914,INE0R3101011,Y,MIEL,,,Manglam Infra & Engineering Limited,NSE only,NSE SME (Emerge),SM,,
2915,INE779Q01017,Y,,538895,MIHIKA,Mihika Industries Ltd.,BSE only,BSE Equity,,X,Active
2916,INE898Q01015,Y,,538668,MIIL,Meghna Infracon Infrastructure Limited,BSE only,BSE Equity,,B,Active
2917,INE858Q01019,Y,,539938,MIL,Medico Intercontinental Limited,BSE only,BSE Equity,,X,Active
2918,INE424Z01011,Y,,541337,MILEFUR,Milestone Furniture Limited,BSE only,BSE Equity,,MT,Active
2919,INE151H01018,Y,,531338,MILESTONE,Milestone Global Limited,BSE only,BSE Equity,,X,Active
2920,INE570N01025,Y,,511187,MILLENNIUM,Millennium Online Solutions (India) Ltd,BSE only,BSE Equity,,X,Active
2921,INE1SRC01010,Y,,544826,MILLWORKS,MILLWORKS TECHNOLOGIES LIMITED,BSE only,BSE Equity,,M,Active
2922,INE376Y01016,Y,MILTON,,,Milton Industries Limited,NSE only,NSE SME (Emerge),SM,,
2923,INE097E01028,Y,,522235,MINALIND,Minal Industries Limited,BSE only,BSE Equity,,X,Active
2924,INE952C01028,Y,,531456,MINAXI,Minaxi Textiles Ltd.,BSE only,BSE Equity,,X,Active
2925,INE842C01021,Y,MINDACORP,538962,MINDACORP,Minda Corporation Limited,NSE+BSE,NSE Mainboard,EQ,A,Active
2926,INE00RQ01019,Y,MINDPOOL,,,Mindpool Technologies Limited,NSE only,NSE SME (Emerge),SM,,
2927,INE110B01017,Y,MINDTECK,517344,MINDTECK,Mindteck (India) Limited,NSE+BSE,NSE Mainboard,EQ,B,Active
2928,INE281E01028,Y,,523373,MINID,Mini Diamonds (India) Ltd.,BSE only,BSE Equity,,X,Active
2929,INE514C01026,Y,,532164,MINOLTAF,Minolta Finance Ltd.,BSE only,BSE Equity,,X,Active
2930,INE771A01026,Y,MIRZAINT,526642,MIRZAINT,Mirza International Limited,NSE+BSE,NSE Mainboard,EQ,B,Active
2931,INE0QI101019,Y,,544015,MISHDESIGN,Mish Designs Limited,BSE only,BSE Equity,,M,Active
2932,INE540S01019,Y,,539220,MISHKA,Mishka Exim Limited,BSE only,BSE Equity,,X,Active
2933,INE094S01041,Y,,539594,MISHTANN,Mishtann Foods Limited,BSE only,BSE Equity,,X,Active
2934,INE957W01025,Y,,542801,MISQUITA,Misquita Engineering Limited,BSE only,BSE Equity,,M,Active
2935,INE828O01033,Y,MITCON,,,MITCON Consultancy & Engineering Services Limited,NSE only,NSE Mainboard,BE,,
2936,INE844D01017,Y,,523782,MITSHI,Mitshi India Limited,BSE only,BSE Equity,,X,Active
2937,INE317V01016,Y,,540078,MITSU,Mitsu Chem Plast Limited,BSE only,BSE Equity,,X,Active
2938,INE997Y01027,Y,MITTAL,,,Mittal Life Style Limited,NSE only,NSE Mainboard,EQ,,
2939,INE833Q01012,Y,,544575,MITTALSTL,Mittal Sections Limited,BSE only,BSE Equity,,M,Active
2940,INE338P01014,Y,,522036,MIVENMACH,Miven Machine Tools Ltd.,BSE only,BSE Equity,,X,Active
2941,INE681K01026,Y,,531537,MIZVEN,MIZZEN VENTURES LIMITED,BSE only,BSE Equity,,X,Active
2942,INE227F01010,Y,,538890,MKEXIM,M. K. Exim (India) Ltd.,BSE only,BSE Equity,,X,Active
2943,INE964W01021,Y,MKPL,543919,MKPL,M K Proteins Limited,NSE+BSE,NSE Mainboard,EQ,B,Active
2944,INE676G01024,Y,,521244,MKPMOB,MKP Mobility Limited,BSE only,BSE Equity,,X,Active
2945,INE944C01017,Y,,526891,MKTCREAT,Market Creators Ltd.,BSE only,BSE Equity,,X,Active
2946,INE874A01010,Y,,514238,MKVENTURES,MKVENTURES CAPITAL LIMITED,BSE only,BSE Equity,,X,Active
2947,INE808W01012,Y,,512153,MLINDLTD,M LAKHAMSI INDUSTRIES LIMITED,BSE only,BSE Equity,,XT,Active
2948,INE588G01021,Y,,507621,MLKFOOD,Milkfood Ltd.,BSE only,BSE Equity,,X,Active
2949,INE0XM301010,Y,MMEL,,,Moving Media Entertainment Limited,NSE only,NSE SME (Emerge),ST,,
2950,INE227C01017,Y,MMFL,522241,MMFL,MM Forgings Limited,NSE+BSE,NSE Mainboard,EQ,B,Active
2951,INE340O01021,Y,,535910,MMLF,Money Masters Leasing & Finance Limited,BSE only,BSE Equity,,B,Active
2952,INE511Y01018,Y,MMP,,,MMP Industries Limited,NSE only,NSE Mainboard,EQ,,
2953,INE159E01026,Y,,509196,MMRUBBR-B,M.M. Rubber Company Ltd.,BSE only,BSE Equity,,X,Active
2954,INE123F01029,Y,MMTC,513377,MMTC,MMTC Limited,NSE+BSE,NSE Mainboard,EQ,B,Active
2955,INE200D01020,Y,MMWL,512267,MMWL,Media Matrix Worldwide Limited,NSE+BSE,NSE Mainboard,EQ,B,Active
2956,INE0UH001016,Y,,544623,MNFL,Mother Nutri Foods Limited,BSE only,BSE Equity,,M,Active
2957,INE216Q01010,Y,,539767,MNIL,Mega Nirman & Industries Limited,BSE only,BSE Equity,,X,Active
2958,INE798E01013,Y,,507938,MNPLFIN,Manipal Finance Corporation Ltd.,BSE only,BSE Equity,,P,Active
2959,INE622Q01027,Y,,539682,MOBAVENUE,Mobavenue AI Tech Limited,BSE only,BSE Equity,,X,Active
2960,INE0HLU01028,Y,MOBIKWIK,544305,MOBIKWIK,One Mobikwik Systems Limited,NSE+BSE,NSE Mainboard,EQ,B,Active
2961,INE1YNB01019,Y,MOBILISE,,,Mobilise App Lab Limited,NSE only,NSE SME (Emerge),ST,,
2962,INE617B01011,Y,,519287,MODAIRY,Modern Dairies Ltd.,BSE only,BSE Equity,,X,Active
2963,INE537F01012,Y,MODINATUR,519003,MODINATUR,Modi Naturals Limited,NSE+BSE,NSE Mainboard,BE,T,Active
2964,INE219W01012,Y,,515008,MODINSU,Modern Insulators Ltd.,BSE only,BSE Equity,,XT,Active
2965,INE170C01019,Y,,503776,MODIPON,Modipon Ltd.,BSE only,BSE Equity,,X,Active
2966,INE832A01018,Y,MODIRUBBER,500890,MODIRUBBER,Modi Rubber Limited,NSE+BSE,NSE Mainboard,EQ,B,Active
2967,INE0L0L01012,Y,MODIS,543539,MODIS,Modis Navnirman Limited,NSE+BSE,NSE Mainboard,EQ,B,Active
2968,INE737D01021,Y,MODISONLTD,506261,MODISONLTD,MODISON LIMITED,NSE+BSE,NSE Mainboard,BE,T,Active
2969,INE834C01028,Y,,517336,MODMA,Modern Malleables Limited,BSE only,BSE Equity,,P,Active
2970,INE370A01019,Y,,509760,MODRNSH,Modern Shares and Stockbrokers Ltd.,BSE only,BSE Equity,,X,Active
2971,INE794W01014,Y,MODTHREAD,500282,MODTHREAD,Modern Threads (India) Limited,NSE+BSE,NSE Mainboard,EQ,B,Active
2972,INE064R01012,Y,,504273,MODULEX,MODULEX CONSTRUCTION TECHNOLOGIES LIMITED,BSE only,BSE Equity,,Z,Active
2973,INE380D01012,Y,,503772,MODWOOL,Modella Woollens Ltd.,BSE only,BSE Equity,,X,Active
2974,INE154B01023,Y,,532140,MOHITE,Mohite Industries Limited,BSE only,BSE Equity,,X,Active
2975,INE954E01012,Y,MOHITIND,531453,MOHITIND,Mohit Industries Limited,NSE+BSE,NSE Mainboard,EQ,B,Active
2976,INE388C01017,Y,,530169,MOHITPPR,Mohit Paper Mills Ltd.,BSE only,BSE Equity,,X,Active
2977,INE490G01020,Y,MOIL,533286,MOIL,MOIL Limited,NSE+BSE,NSE Mainboard,EQ,A,Active
2978,INE514Y01020,Y,MOKSH,,,Moksh Ornaments Limited,NSE only,NSE Mainboard,EQ,,
2979,INE0CT101020,Y,MOL,543331,MOL,Meghmani Organics Limited,NSE+BSE,NSE Mainboard,EQ,B,Active
2980,INE835B01035,Y,MOLDTECH,526263,MOLDTECH,Mold-Tek Technologies Limited,NSE+BSE,NSE Mainboard,BE,T,Active
2981,INE893J01029,Y,MOLDTKPAC,533080,MOLDTKPAC,Mold-Tek Packaging Limited,NSE+BSE,NSE Mainboard,EQ,B,Active
2982,INE903D01011,Y,MONARCH,511551,MONARCH,Monarch Networth Capital Limited,NSE+BSE,NSE Mainboard,EQ,B,Active
2983,INE296Q01012,Y,MONEYBOXX,538446,MONEYBOXX,Moneyboxx Finance Limited,NSE+BSE,NSE Mainboard,EQ,B,Active
2984,INE153K01018,Y,,530167,MONGIPA,Moongipa Capital Finance Ltd.,BSE only,BSE Equity,,X,Active
2985,INE0LCG01010,Y,,544451,MONIKA,MONIKA ALCOBEV LIMITED,BSE only,BSE Equity,,M,Active
2986,INE407E01029,Y,,532078,MONIND,MONIND LIMITED,BSE only,BSE Equity,,X,Active
2987,INE1DV401010,Y,MONOLITH,,,Monolithisch India Limited,NSE only,NSE SME (Emerge),SM,,
2988,INE0OIP01012,Y,MONOPHARMA,,,Mono Pharmacare Limited,NSE only,NSE SME (Emerge),SM,,
2989,INE811D01024,Y,,505343,MONOT,Monotype India Ltd.,BSE only,BSE Equity,,X,Active
2990,INE950M01013,Y,MONTECARLO,538836,MONTECARLO,Monte Carlo Fashions Limited,NSE+BSE,NSE Mainboard,EQ,B,Active
2991,INE367A01015,Y,,511549,MORARKFI,Morarka Finance Ltd.,BSE only,BSE Equity,,X,Active
2992,INE083A01026,Y,MOREPENLAB,500288,MOREPENLAB,Morepen Laboratories Limited,NSE+BSE,NSE Mainboard,EQ,B,Active
2993,INE902C01015,Y,,526237,MORGAN,Morgan Ventures Ltd.,BSE only,BSE Equity,,X,Active
2994,INE0N7S01028,Y,MOS,,,Mos Utility Limited,NSE only,NSE SME (Emerge),ST,,
2995,INE935B01025,Y,MOSCHIP,532407,MOSCHIP,Moschip Technologies Limited,NSE+BSE,NSE Mainboard,EQ,A,Active
2996,INE775A01035,Y,MOTHERSON,517334,MOTHERSON,Samvardhana Motherson International Limited,NSE+BSE,NSE Mainboard,EQ,A,Active
2997,INE338I01027,Y,MOTILALOFS,532892,MOTILALOFS,Motilal Oswal Financial Services Limited,NSE+BSE,NSE Mainboard,EQ,A,Active
2998,INE0FRK01020,Y,MOTISONS,544053,MOTISONS,Motisons Jewellers Limited,NSE+BSE,NSE Mainboard,EQ,B,Active
2999,INE861B01023,Y,MOTOGENFIN,501343,MOTOGENFIN,The Motor & General Finance Limited,NSE+BSE,NSE Mainboard,BE,T,Active
3000,INE444X01014,Y,,542864,MOUNT,MOUNT HOUSING AND INFRASTRUCTURE LIMITED,BSE only,BSE Equity,,XT,Active
3001,INE0N6D01014,Y,MOXSH,,,Moxsh Overseas Educon Limited,NSE only,NSE SME (Emerge),SM,,
3002,INE468C01017,Y,,506543,MPAGI,M.P. Agro Industries Ltd.,BSE only,BSE Equity,,X,Active
3003,INE860N01012,Y,,505797,MPCOSEMB,Mipco Seamless Rings (Gujarat) Ltd.,BSE only,BSE Equity,,X,Active
3004,INE493H01014,Y,,532723,MPDL,MPDL LIMITED,BSE only,BSE Equity,,X,Active
3005,INE0U4H01011,Y,MPEL,,,Manas Polymers and Energies Limited,NSE only,NSE SME (Emerge),ST,,
3006,INE095E01022,Y,,532470,MPFSL,MPF Systems Limited,BSE only,BSE Equity,,X,Active
3007,INE356A01018,Y,MPHASIS,526299,MPHASIS,MphasiS Limited,NSE+BSE,NSE Mainboard,EQ,A,Active
3008,INE844C01027,Y,,500450,MPILCORPL,MPIL CORPORATION LIMITED,BSE only,BSE Equity,,XT,Active
3009,INE1PJP01015,Y,,544553,MPKSTEELS,M P K STEELS (I) LIMITED,BSE only,BSE Equity,,M,Active
3010,INE343A01016,Y,,526143,MPL,MPL Plastics Limited,BSE only,BSE Equity,,X,Active
3011,INE943D01017,Y,MPSLTD,532440,MPSLTD,MPS Limited,NSE+BSE,NSE Mainboard,EQ,B,Active
3012,INE105Y01019,Y,MPTODAY,,,Madhya Pradesh Today Media Limited,NSE only,NSE SME (Emerge),SM,,
3013,INE333Y01017,Y,,540809,MRCAGRO,MRC AGROTECH LIMITED,BSE only,BSE Equity,,B,Active
3014,INE883A01011,Y,MRF,500290,MRF,MRF Limited,NSE+BSE,NSE Mainboard,EQ,A,Active
3015,INE632Q01018,Y,MRIL,,,Mahendra Realtors & Infrastructure Limited,NSE only,NSE SME (Emerge),ST,,
3016,INE0D7801012,Y,,543262,MRP,MRP Agro Limited,BSE only,BSE Equity,,M,Active
3017,INE103A01014,Y,MRPL,500109,MRPL,Mangalore Refinery and Petrochemicals Limited,NSE+BSE,NSE Mainboard,EQ,A,Active
3018,INE1RQS01010,Y,,544773,MRTX,Merritronix Limited,BSE only,BSE Equity,,M,Active
3019,INE738D01029,Y,,512065,MRUTR,Mrugesh Trading Ltd.,BSE only,BSE Equity,,XT,Active
3020,INE2B5L01011,Y,,544695,MSAFE,Msafe Equipments Limited,BSE only,BSE Equity,,MT,Active
3021,INE277E01026,Y,,513544,MSCTC,Mardia Samyoung Capillary Tubes Co.,BSE only,BSE Equity,,X,Active
3022,INE0V0L01028,Y,,544453,MSECL,Monarch Surveyors and Engineering Consultants Limited,BSE only,BSE Equity,,M,Active
3023,INE829S01016,Y,,539275,MSL,Mangalam Seeds Limited,BSE only,BSE Equity,,X,Active
3024,INE856D01011,Y,,511000,MSLGLOBAL,MSL GLOBAL LIMITED,BSE only,BSE Equity,,X,Active
3025,INE752G01015,Y,MSPL,532650,MSPL,MSP Steel & Power Limited,NSE+BSE,NSE Mainboard,EQ,B,Active
3026,INE255X01014,Y,MSTCLTD,542597,MSTCLTD,Mstc Limited,NSE+BSE,NSE Mainboard,EQ,B,Active
3027,INE0FS801015,Y,MSUMI,543498,MSUMI,Motherson Sumi Wiring India Limited,NSE+BSE,NSE Mainboard,EQ,A,Active
3028,INE864I01014,Y,MTARTECH,543270,MTARTECH,Mtar Technologies Limited,NSE+BSE,NSE Mainboard,BE,T,Active
3029,INE472M01018,Y,MTEDUCARE,534312,MTEDUCARE,MT Educare Limited,NSE+BSE,NSE Mainboard,BE,T,Active
3030,INE1K0V01011,Y,,544751,MTL,MEHUL TELECOM LIMITED,BSE only,BSE Equity,,M,Active
3031,INE153A01019,Y,MTNL,500108,MTNL,Mahanagar Telephone Nigam Limited,NSE+BSE,NSE Mainboard,EQ,B,Active
3032,INE245H01018,Y,,540254,MTPL,MARG TECHNO PROJECTS LIMITED,BSE only,BSE Equity,,XT,Active
3033,INE967S01014,Y,,539819,MUDRA,Mudra Financial Services Ltd.,BSE only,BSE Equity,,X,Active
3034,INE08KJ01020,Y,MUFIN,542774,MUFIN,Mufin Green Finance Limited,NSE+BSE,NSE Mainboard,EQ,B,Active
3035,INE220Q01020,Y,MUFTI,544058,MUFTI,Credo Brands Marketing Limited,NSE+BSE,NSE Mainboard,EQ,B,Active
3036,INE304A01026,Y,MUKANDLTD,500460,MUKANDLTD,Mukand Limited,NSE+BSE,NSE Mainboard,EQ,B,Active
3037,INE862C01029,Y,,523832,MUKATPIP,Mukat Pipes Limited,BSE only,BSE Equity,,XT,Active
3038,INE596B01017,Y,,530341,MUKESHB,Mukesh Babu Financial Services Ltd.,BSE only,BSE Equity,,X,Active
3039,INE0CG401037,Y,MUKKA,544135,MUKKA,Mukka Proteins Limited,NSE+BSE,NSE Mainboard,EQ,B,Active
3040,INE160O01031,Y,,535204,MUKTA,Mukta Agriculture Limited,BSE only,BSE Equity,,X,Active
3041,INE374B01019,Y,MUKTAARTS,532357,MUKTAARTS,Mukta Arts Limited,NSE+BSE,NSE Mainboard,BE,T,Active
3042,INE150D01027,Y,,539219,MUL,MAURIA UDYOG LIMITED,BSE only,BSE Equity,,X,Active
3043,INE003F01015,Y,,501477,MULLER,Muller & Phipps (India) Ltd.,BSE only,BSE Equity,,X,Active
3044,INE678F01014,Y,,526169,MULTIBASE,Multibase India Ltd,BSE only,BSE Equity,,X,Active
3045,INE886E01016,Y,,505594,MULTIIN,Multiplus Holdings Ltd.,BSE only,BSE Equity,,XT,Active
3046,INE910G01027,Y,,511200,MUNCAPM,Munoth Capital Market Ltd,BSE only,BSE Equity,,XT,Active
3047,INE1K8Y01018,Y,MUNISH,,,Munish Forge Limited,NSE only,NSE SME (Emerge),SM,,
3048,INE672B01032,Y,MUNJALAU,520059,MUNJALAU,Munjal Auto Industries Limited,NSE+BSE,NSE Mainboard,EQ,B,Active
3049,INE577A01027,Y,MUNJALSHOW,520043,MUNJALSHOW,Munjal Showa Limited,NSE+BSE,NSE Mainboard,EQ,B,Active
3050,INE348D01019,Y,,531821,MUNOTHFI,Munoth Financial Services Ltd.,BSE only,BSE Equity,,XT,Active
3051,INE692B01014,Y,MURUDCERA,515037,MURUDCERA,Murudeshwar Ceramics Limited,NSE+BSE,NSE Mainboard,EQ,B,Active
3052,INE296G01013,Y,MUTHOOTCAP,511766,MUTHOOTCAP,Muthoot Capital Services Limited,NSE+BSE,NSE Mainboard,EQ,B,Active
3053,INE414G01012,Y,MUTHOOTFIN,533398,MUTHOOTFIN,Muthoot Finance Limited,NSE+BSE,NSE Mainboard,EQ,A,Active
3054,INE046W01019,Y,MUTHOOTMF,544055,MUTHOOTMF,Muthoot Microfin Limited,NSE+BSE,NSE Mainboard,EQ,B,Active
3055,INE0OWZ01020,Y,MVELECTRO,544851,MVELECTRO,MV Electrosystems Limited,NSE+BSE,NSE Mainboard,EQ,B,Active
3056,INE0KNT01012,Y,MVGJL,543995,MVGJL,Manoj Vaibhav Gems N Jewellers Limited,NSE+BSE,NSE Mainboard,EQ,B,Active
3057,INE0SGC01015,Y,MVKAGRO,,,M.V.K. Agro Food Product Limited,NSE only,NSE SME (Emerge),SM,,
3058,INE0JYY01029,Y,MWL,544764,MWL,Mangalam Worldwide Limited,NSE+BSE,NSE Mainboard,EQ,B,Active
3059,INE232L01018,Y,,538862,MYMONEY,My Money Securities Ltd.,BSE only,BSE Equity,,X,Active
3060,INE0RVQ01016,Y,MYMUDRA,,,My Mudra Fincorp Limited,NSE only,NSE SME (Emerge),SM,,
3061,INE741A01011,Y,,506734,MYSORPETRO,Mysore Petro Chemicals Ltd.,BSE only,BSE Equity,,X,Active
3062,INE159O01033,Y,,535205,MYSTICELE,Mystic Electronics Limited,BSE only,BSE Equity,,X,Active
3063,INE0LB101011,Y,,544313,NACDAC,NACDAC Infrastructure Limited,BSE only,BSE Equity,,M,Active
3064,INE295D01020,Y,NACLIND,524709,NACLIND,NACL Industries Limited,NSE+BSE,NSE Mainboard,EQ,B,Active
3065,INE099E01016,Y,,532362,NAGPI,Nagpur Power & Industries Ltd,BSE only,BSE Equity,,X,Active
3066,INE245I01016,Y,NAGREEKCAP,532895,NAGREEKCAP,Nagreeka Capital & Infrastructure Limited,NSE+BSE,NSE Mainboard,EQ,B,Active
3067,INE123B01028,Y,NAGREEKEXP,521109,NAGREEKEXP,Nagreeka Exports Limited,NSE+BSE,NSE Mainboard,EQ,B,Active
3068,INE793H01017,Y,,531832,NAGTECH,Nagarjuna Agritech Ltd.,BSE only,BSE Equity,,X,Active
3069,INE049I01012,Y,NAHARCAP,532952,NAHARCAP,Nahar Capital and Financial Services Limited,NSE+BSE,NSE Mainboard,EQ,B,Active
3070,INE289A01011,Y,NAHARINDUS,519136,NAHARINDUS,Nahar Industrial Enterprises Limited,NSE+BSE,NSE Mainboard,EQ,B,Active
3071,INE308A01027,Y,NAHARPOLY,523391,NAHARPOLY,Nahar Poly Films Limited,NSE+BSE,NSE Mainboard,EQ,B,Active
3072,INE290A01027,Y,NAHARSPING,500296,NAHARSPING,Nahar Spinning Mills Limited,NSE+BSE,NSE Mainboard,EQ,B,Active
3073,INE256S01012,Y,,539402,NAKSH,Naksh Precious Metals Limited,BSE only,BSE Equity,,Z,Active
3074,INE792G01011,Y,,538395,NAM,Nam Securities Ltd.,BSE only,BSE Equity,,XT,Active
3075,INE298J01013,Y,NAM-INDIA,540767,NAM-INDIA,Nippon Life India Asset Management Limited,NSE+BSE,NSE Mainboard,EQ,A,Active
3076,INE0RJM01010,Y,NAMAN,,,Naman Industries Proxima Limited,NSE only,NSE SME (Emerge),SM,,
3077,INE08NZ01012,Y,NAMOEWASTE,,,Namo eWaste Management Limited,NSE only,NSE SME (Emerge),ST,,
3078,INE0YJA01011,Y,,544668,NANTA,NANTA TECH LIMITED,BSE only,BSE Equity,,M,Active
3079,INE585A01020,Y,,500298,NAPEROL,Naperol Investments Limited,BSE only,BSE Equity,,X,Active
3080,INE223R01014,Y,,538926,NAPL,Naturite Agro Products Limited,BSE only,BSE Equity,,X,Active
3081,INE0VNH01014,Y,,544373,NAPSGLOBAL,NAPS Global India Limited,BSE only,BSE Equity,,M,Active
3082,INE117Z01029,Y,NARMADA,543643,NARMADA,Narmada Agrobase Limited,NSE+BSE,NSE Mainboard,EQ,B,Active
3083,INE0S1B01014,Y,,544680,NARMADESH,Narmadesh Brass Industries Limited,BSE only,BSE Equity,,MT,Active
3084,INE060D01028,Y,,517431,NARMP,Narmada Macplast Drip Irrigation Sy,BSE only,BSE Equity,,X,Active
3085,INE603F01012,Y,,531416,NARPROP,Narendra Properties Ltd.,BSE only,BSE Equity,,X,Active
3086,INE936B01015,Y,NATCAPSUQ,524654,NATCAPSUQ,Natural Capsules Limited,NSE+BSE,NSE Mainboard,EQ,B,Active
3087,INE987B01026,Y,NATCOPHARM,524816,NATCOPHARM,Natco Pharma Limited,NSE+BSE,NSE Mainboard,EQ,A,Active
3088,INE643C01015,Y,,531289,NATFIT,National Fittings Limited,BSE only,BSE Equity,,X,Active
3089,INE654H01011,Y,,531651,NATGENI,National General Industries Ltd.,BSE only,BSE Equity,,X,Active
3090,INE448G01010,Y,NATHBIOGEN,537291,NATHBIOGEN,Nath Bio-Genes (India) Limited,NSE+BSE,NSE Mainboard,EQ,B,Active
3091,INE777A01023,Y,,502587,NATHIND,NATH INDUSTRIES LIMITED,BSE only,BSE Equity,,X,Active
3092,INE487B01019,Y,,531834,NATHUEC,Natura Hue Chem Ltd.,BSE only,BSE Equity,,XT,Active
3093,INE139A01034,Y,NATIONALUM,532234,NATIONALUM,National Aluminium Company Limited,NSE+BSE,NSE Mainboard,EQ,A,Active
3094,INE166R01015,Y,NATIONSTD,504882,NATIONSTD,National Standard (India) Limited,NSE+BSE,NSE Mainboard,EQ,B,Active
3095,INE233D01013,Y,,526616,NATPLAS,National Plastic Industries Ltd.,BSE only,BSE Equity,,X,Active
3096,INE896D01017,Y,,531287,NATPLASTI,National Plastic Technologies Ltd,BSE only,BSE Equity,,X,Active
3097,INE497C01016,Y,,516062,NATPLY,National Plywood Industries Ltd.,BSE only,BSE Equity,,Z,Active
3098,INE444D01016,Y,,530119,NATRAJPR,Natraj Proteins Ltd.,BSE only,BSE Equity,,X,Active
3099,INE06MM01016,Y,,543207,NATURAL,Natural Biocon (India) Limited,BSE only,BSE Equity,,X,Active
3100,INE663F01032,Y,NAUKRI,532777,NAUKRI,Info Edge (India) Limited,NSE+BSE,NSE Mainboard,EQ,A,Active
3101,INE725A01030,Y,NAVA,513023,NAVA,NAVA LIMITED,NSE+BSE,NSE Mainboard,EQ,A,Active
3102,INE364T01012,Y,,539521,NAVIGANT,Navigant Corporate Advisors Limited,BSE only,BSE Equity,,MT,Active
3103,INE048G01026,Y,NAVINFLUOR,532504,NAVINFLUOR,Navin Fluorine International Limited,NSE+BSE,NSE Mainboard,EQ,A,Active
3104,INE278M01019,Y,NAVKARCORP,539332,NAVKARCORP,Navkar Corporation Limited,NSE+BSE,NSE Mainboard,EQ,B,Active
3105,INE268H01044,Y,NAVKARURB,531494,NAVKARURB,Navkar Urbanstructure Limited,NSE+BSE,NSE Mainboard,BE,T,Active
3106,INE060A01024,Y,NAVNETEDUL,508989,NAVNETEDUL,Navneet Education Limited,NSE+BSE,NSE Mainboard,EQ,B,Active
3107,INE418L01047,Y,NAZARA,543280,NAZARA,Nazara Technologies Limited,NSE+BSE,NSE Mainboard,EQ,A,Active
3108,INE095N01031,Y,NBCC,534309,NBCC,NBCC (India) Limited,NSE+BSE,NSE Mainboard,EQ,A,Active
3109,INE006F01018,Y,,523242,NBFOOT,N.B. Footwear Ltd.,BSE only,BSE Equity,,P,Active
3110,INE365I01020,Y,NBIFIN,,,N. B. I. Industrial Finance Company Limited,NSE only,NSE Mainboard,EQ,,
3111,INE0GOA01018,Y,,543351,NBL,Naapbooks Limited,BSE only,BSE Equity,,TS,Active
3112,INE868B01028,Y,NCC,500294,NCC,NCC Limited,NSE+BSE,NSE Mainboard,EQ,A,Active
3113,INE630N01019,Y,,519506,NCCBLUE,NCC Bluewater Products Ltd.,BSE only,BSE Equity,,P,Active
3114,INE732C01016,Y,NCLIND,502168,NCLIND,NCL Industries Limited,NSE+BSE,NSE Mainboard,EQ,B,Active
3115,INE132F01038,Y,,530557,NCLRESE,NCL Research And Financial Services,BSE only,BSE Equity,,XT,Active
3116,INE346R01013,Y,,544510,NCML,NILACHAL CARBO METALICKS LIMITED,BSE only,BSE Equity,,M,Active
3117,INE026C01013,Y,,511535,NDASEC,NDA Securities ltd.,BSE only,BSE Equity,,X,Active
3118,INE756C01015,Y,NDGL,,,Naga Dhunseri Group Limited,NSE only,NSE Mainboard,EQ,,
3119,INE875G01048,Y,NDL,532641,NDL,Nandan Denim Limited,NSE+BSE,NSE Mainboard,EQ,B,Active
3120,INE353A01023,Y,NDLVENTURE,500189,NDLVENTURE,NDL Ventures Limited,NSE+BSE,NSE Mainboard,EQ,B,Active
3121,INE07OG01012,Y,NDRAUTO,543214,NDRAUTO,Ndr Auto Components Limited,NSE+BSE,NSE Mainboard,EQ,B,Active
3122,INE155G01029,Y,NDTV,532529,NDTV,New Delhi Television Limited,NSE+BSE,NSE Mainboard,EQ,B,Active
3123,INE605D01012,Y,NEAGI,508670,NEAGI,Neelamalai Agro Industries Limited,NSE+BSE,NSE Mainboard,EQ,B,Active
3124,INE553C01016,Y,NECCLTD,534615,NECCLTD,North Eastern Carrying Corporation Limited,NSE+BSE,NSE Mainboard,BE,T,Active
3125,INE023H01027,Y,NECLIFE,532649,NECLIFE,Nectar Lifesciences Limited,NSE+BSE,NSE Mainboard,BE,T,Active
3126,INE0N1401016,Y,NEELAM,,,Neelam Linens and Garments (India) Limited,NSE only,NSE SME (Emerge),SM,,
3127,INE741D01015,Y,,531049,NEELKAN,Neelkanth Rockminerals ltd.,BSE only,BSE Equity,,Z,Active
3128,INE581D01015,Y,,512565,NEELKANTH,NEELKANTH LIMITED,BSE only,BSE Equity,,X,Active
3129,INE894J01019,Y,,539409,NEERAJ,NEERAJ PAPER MARKETING LIMITED,BSE only,BSE Equity,,X,Active
3130,INE0UZO01024,Y,,544434,NEETUYOSHI,Neetu Yoshi Limited,BSE only,BSE Equity,,MT,Active
3131,INE396C01010,Y,,539016,NEIL,Neil Industries Ltd.,BSE only,BSE Equity,,X,Active
3132,INE189I01024,Y,NELCAST,532864,NELCAST,Nelcast Limited,NSE+BSE,NSE Mainboard,EQ,B,Active
3133,INE045B01015,Y,NELCO,504112,NELCO,NELCO Limited,NSE+BSE,NSE Mainboard,EQ,B,Active
3134,INE21UM01018,Y,NEOCHEM,,,Neochem Bio Solutions Limited,NSE only,NSE SME (Emerge),ST,,
3135,INE136S01016,Y,NEOGEN,542665,NEOGEN,Neogen Chemicals Limited,NSE+BSE,NSE Mainboard,EQ,B,Active
3136,INE216I01017,Y,,514332,NEOINFRA,Neo Infracon Ltd.,BSE only,BSE Equity,,X,Active
3137,INE0SUN01013,Y,NEPHROCARE,,,Nephro Care India Limited,NSE only,NSE SME (Emerge),ST,,
3138,INE428V01029,Y,NEPHROPLUS,544647,NEPHROPLUS,Nephrocare Health Services Limited,NSE+BSE,NSE Mainboard,EQ,B,Active
3139,INE1NQ501012,Y,,544663,NEPLOG,NEPTUNE LOGITEK LIMITED,BSE only,BSE Equity,,MT,Active
3140,INE156901014,Y,NEPTUNE,,,Neptune Petrochemicals Limited,NSE only,NSE SME (Emerge),SM,,
3141,INE317F01035,Y,NESCO,505355,NESCO,Nesco Limited,NSE+BSE,NSE Mainboard,EQ,A,Active
3142,INE239A01024,Y,NESTLEIND,500790,NESTLEIND,Nestle India Limited,NSE+BSE,NSE Mainboard,EQ,A,Active
3143,INE040F01033,Y,,509040,NETLINK,Netlink Solutions (India) Ltd.,BSE only,BSE Equity,,X,Active
3144,INE0D5F01013,Y,,543247,NETPIX,Net Pix Shorts Digital Media Limited,BSE only,BSE Equity,,TS,Active
3145,INE027D01019,Y,,511658,NETTLINX,Nettlinx Ltd.,BSE only,BSE Equity,,X,Active
3146,INE0NT901020,Y,NETWEB,543945,NETWEB,Netweb Technologies India Limited,NSE+BSE,NSE Mainboard,EQ,A,Active
3147,INE870H01013,Y,NETWORK18,532798,NETWORK18,Network18 Media & Investments Limited,NSE+BSE,NSE Mainboard,EQ,A,Active
3148,INE333I01044,Y,NEUEON,532887,NEUEON,Neueon Corporation Limited,NSE+BSE,NSE Mainboard,BE,T,Active
3149,INE794A01010,Y,NEULANDLAB,524558,NEULANDLAB,Neuland Laboratories Limited,NSE+BSE,NSE Mainboard,EQ,A,Active
3150,INE619B01017,Y,NEWGEN,540900,NEWGEN,Newgen Software Technologies Limited,NSE+BSE,NSE Mainboard,EQ,A,Active
3151,INE997D01021,Y,,531959,NEWINFRA,Newtime Infrastructure Limited,BSE only,BSE Equity,,X,Active
3152,INE0PW501021,Y,NEWJAISA,,,Newjaisa Technologies Limited,NSE only,NSE SME (Emerge),ST,,
3153,INE835U01027,Y,,540243,NEWLIGHT,NEW LIGHT INDUSTRIES LIMITED,BSE only,BSE Equity,,XT,Active
3154,INE800K01014,Y,,508867,NEWMKTAVE,NEW MARKETS AVENUE LIMITED,BSE only,BSE Equity,,XT,Active
3155,INE229N01010,Y,,514060,NEWTRAC,NEWTRAC FOODS & BEVERAGES LIMITED,BSE only,BSE Equity,,X,Active
3156,INE641A01013,Y,,508905,NEXOME,NEXOME CAPITAL MARKETS LIMITED,BSE only,BSE Equity,,XT,Active
3157,INE747B01016,Y,NEXTMEDIA,532416,NEXTMEDIA,Next Mediaworks Limited,NSE+BSE,NSE Mainboard,EQ,B,Active
3158,INE370Q01015,Y,,538874,NEXUSSURGL,NEXUS SURGICAL AND MEDICARE LIMITED,BSE only,BSE Equity,,X,Active
3159,INE0QUL01011,Y,,544265,NEXXUS,Nexxus Petro Industries Limited,BSE only,BSE Equity,,M,Active
3160,INE870D01012,Y,NFL,523630,NFL,National Fertilizers Limited,NSE+BSE,NSE Mainboard,EQ,B,Active
3161,INE0T1501010,Y,NFPSAMPOOR,,,NFP Sampoorna Foods Limited,NSE only,NSE SME (Emerge),SM,,
3162,INE236Y01012,Y,NGIL,541418,NGIL,Nakoda Group of Industries Limited,NSE+BSE,NSE Mainboard,BE,T,Active
3163,INE825C01018,Y,,530897,NGIND,N.G.Industries Ltd.,BSE only,BSE Equity,,X,Active
3164,INE887E01022,Y,NGLFINE,524774,NGLFINE,NGL Fine-Chem Limited,NSE+BSE,NSE Mainboard,EQ,B,Active
3165,INE410P01011,Y,NH,539551,NH,Narayana Hrudayalaya Ltd.,NSE+BSE,NSE Mainboard,EQ,A,Active
3166,INE141C01036,Y,,517554,NHCFOODS,NHC FOODS LIMITED,BSE only,BSE Equity,,XT,Active
3167,INE0N4701016,Y,,544245,NHL,Naturewings Holidays Limited,BSE only,BSE Equity,,M,Active
3168,INE848E01016,Y,NHPC,533098,NHPC,NHPC Limited,NSE+BSE,NSE Mainboard,EQ,A,Active
3169,INE470Y01017,Y,NIACL,540769,NIACL,The New India Assurance Company Limited,NSE+BSE,NSE Mainboard,EQ,A,Active
3170,INE149O01018,Y,NIBE,535136,NIBE,NIBE Limited,NSE+BSE,NSE Mainboard,EQ,B,Active
3171,INE047O01014,Y,NIBL,535458,NIBL,NRB Industrial Bearings Limited,NSE+BSE,NSE Mainboard,EQ,B,Active
3172,INE653C01022,Y,,526721,NICCOPAR,Nicco Parks And Resorts Ltd.,BSE only,BSE Equity,,X,Active
3173,INE0J6L01013,Y,NIDAN,,,Nidan Laboratories and Healthcare Limited,NSE only,NSE SME (Emerge),SM,,
3174,INE276H01013,Y,,512103,NIDHGRN,Nidhi Granites Limited,BSE only,BSE Equity,,XT,Active
3175,INE876E01033,Y,,531083,NIHARINF,Nihar Info Global Ltd.,BSE only,BSE Equity,,X,Active
3176,INE161A01038,Y,NIITLTD,500304,NIITLTD,NIIT Limited,NSE+BSE,NSE Mainboard,EQ,B,Active
3177,INE342G01023,Y,NIITMTS,543952,NIITMTS,NIIT Learning Systems Limited,NSE+BSE,NSE Mainboard,EQ,B,Active
3178,INE926C01022,Y,,526159,NIKHILAD,Nikhil Adhesives Ltd.,BSE only,BSE Equity,,X,Active
3179,INE0FLF01015,Y,NIKITA,,,NIKITA GREENTECH RECYCLING LIMITED,NSE only,NSE SME (Emerge),SM,,
3180,INE526C01012,Y,,531272,NIKKIGL,Nikki Global Finance Ltd.,BSE only,BSE Equity,,X,Active
3181,INE0GX601011,Y,,543282,NIKSTECH,Niks Technology Limited,BSE only,BSE Equity,,TS,Active
3182,INE416N01013,Y,,502294,NILACHAL,Nilachal Refractories Ltd.,BSE only,BSE Equity,,X,Active
3183,INE937C01029,Y,NILAINFRA,530377,NILAINFRA,Nila Infrastructures Limited,NSE+BSE,NSE Mainboard,EQ,B,Active
3184,INE00S901012,Y,NILASPACES,542231,NILASPACES,Nila Spaces Limited,NSE+BSE,NSE Mainboard,EQ,B,Active
3185,INE445D01013,Y,NILE,530129,NILE,Nile Limited,NSE+BSE,NSE Mainboard,EQ,B,Active
3186,INE310A01015,Y,NILKAMAL,523385,NILKAMAL,Nilkamal Limited,NSE+BSE,NSE Mainboard,EQ,B,Active
3187,INE875B01015,Y,NIMBSPROJ,511714,NIMBSPROJ,Nimbus Projects Limited,NSE+BSE,NSE Mainboard,EQ,B,Active
3188,INE395U01014,Y,NINSYS,539843,NINSYS,NINtec Systems Limited,NSE+BSE,NSE Mainboard,EQ,B,Active
3189,INE567A01028,Y,NIPPOBATRY,504058,NIPPOBATRY,Indo-National Limited,NSE+BSE,NSE Mainboard,EQ,B,Active
3190,INE368I01016,Y,NIRAJ,532986,NIRAJ,Niraj Cement Structurals Limited,NSE+BSE,NSE Mainboard,BE,T,Active
3191,INE326T01011,Y,NIRAJISPAT,,,Niraj Ispat Industries Limited,NSE only,NSE Mainboard,EQ,,
3192,INE242B01018,Y,,512425,NIRAVCOM,Nirav Commercials Ltd.,BSE only,BSE Equity,,X,Active
3193,INE910A01012,Y,NIRLON,500307,NIRLON,Nirlon Limited,NSE+BSE,NSE Mainboard,EQ,B,Active
3194,INE0OK701014,Y,NIRMAN,,,Nirman Agri Genetics Limited,NSE only,NSE SME (Emerge),SM,,
3195,INE0CPQ01010,Y,,543194,NIRMITEE,Nirmitee Robotics India Limited,BSE only,BSE Equity,,MS,Active
3196,INE0M3X01010,Y,,544495,NISMGMT,NIS MANAGEMENT LIMITED,BSE only,BSE Equity,,M,Active
3197,INE0DQN01013,Y,,544296,NISUS,NISUS FINANCE SERVICES CO LIMITED,BSE only,BSE Equity,,M,Active
3198,INE858F01012,Y,NITCO,532722,NITCO,Nitco Limited,NSE+BSE,NSE Mainboard,EQ,B,Active
3199,INE861H01020,Y,,508875,NITINCAST,Nitin Castings Limited,BSE only,BSE Equity,,X,Active
3200,INE229H01012,Y,NITINSPIN,532698,NITINSPIN,Nitin Spinners Limited,NSE+BSE,NSE Mainboard,EQ,B,Active
3201,INE439T01012,Y,NITIRAJ,,,Nitiraj Engineers Limited,NSE only,NSE Mainboard,EQ,,
3202,INE265B01019,Y,NITTAGELA,506532,NITTAGELA,Nitta Gelatin India Limited,NSE+BSE,NSE Mainboard,EQ,B,Active
3203,INE995S01015,Y,NIVABUPA,544286,NIVABUPA,Niva Bupa Health Insurance Company Limited,NSE+BSE,NSE Mainboard,EQ,A,Active
3204,INE139E01028,Y,,542206,NIVAKA,NIVAKA FASHIONS LIMITED,BSE only,BSE Equity,,X,Active
3205,INE480D01010,Y,,538772,NIYOGIN,Niyogin Fintech Limited,BSE only,BSE Equity,,X,Active
3206,INE542C01019,Y,NKIND,519494,NKIND,NK Industries Limited,NSE+BSE,NSE Mainboard,EQ,B,Active
3207,INE589A01014,Y,NLCINDIA,513683,NLCINDIA,NLC India Limited,NSE+BSE,NSE Mainboard,EQ,A,Active
3208,INE606C01012,Y,,531212,NLFL,Nalin Lease Finance Ltd.,BSE only,BSE Equity,,X,Active
3209,INE584A01023,Y,NMDC,526371,NMDC,NMDC Limited,NSE+BSE,NSE Mainboard,EQ,A,Active
3210,INE169F01014,Y,,522289,NMSGLOBAL,NMS GLOBAL LIMITED,BSE only,BSE Equity,,X,Active
3211,INE0TP801012,Y,NMSTEEL,,,Newmalayalam Steel Limited,NSE only,NSE SME (Emerge),SM,,
3212,INE203Q01026,Y,,539200,NOBPOL,NOBLE POLYMERS LIMITED,BSE only,BSE Equity,,XT,Active
3213,INE163A01018,Y,NOCIL,500730,NOCIL,NOCIL Limited,NSE+BSE,NSE Mainboard,EQ,B,Active
3214,INE781B01015,Y,NOIDATOLL,532481,NOIDATOLL,Noida Toll Bridge Company Limited,NSE+BSE,NSE Mainboard,BE,T,Active
3215,INE296D01010,Y,,507813,NOL,National Oxygen Ltd.,BSE only,BSE Equity,,X,Active
3216,INE369C01017,Y,NORBTEAEXP,519528,NORBTEAEXP,Norben Tea & Exports Limited,NSE+BSE,NSE Mainboard,EQ,B,Active
3217,INE744C01029,Y,,524414,NORRIS,Norris Medicines Ltd.,BSE only,BSE Equity,,X,Active
3218,INE850M01015,Y,NORTHARC,544260,NORTHARC,Northern Arc Capital Limited,NSE+BSE,NSE Mainboard,EQ,A,Active
3219,INE736P01019,Y,,539110,NORTHLINK,Northlink Fiscal And Capital Services Ltd.,BSE only,BSE Equity,,Z,Active
3220,INE317B01042,Y,,531465,NOUVEAU,Nouveau Global Ventures Limited,BSE only,BSE Equity,,X,Active
3221,INE02H701025,Y,NOVAAGRI,544100,NOVAAGRI,Nova Agritech Limited,NSE+BSE,NSE Mainboard,BE,T,Active
3222,INE234A01025,Y,NOVARTIND,500672,NOVARTIND,Novartis India Limited,NSE+BSE,NSE Mainboard,EQ,B,Active
3223,INE08JY01013,Y,,542771,NOVATEOR,Novateor Research Laboratories Limited,BSE only,BSE Equity,,M,Active
3224,INE314I01036,Y,,536565,NOVELIX,NOVELIX PHARMACEUTICALS LIMITED,BSE only,BSE Equity,,XT,Active
3225,INE608C01026,Y,,513566,NOVIS,Nova Iron & Steel Ltd.,BSE only,BSE Equity,,X,Active
3226,INE1TFS01019,Y,,544735,NOVUS,Novus Loyalty Limited,BSE only,BSE Equity,,M,Active
3227,INE471R01019,Y,,544269,NPFL,NEOPOLITAN PIZZA AND FOODS LIMITED,BSE only,BSE Equity,,M,Active
3228,INE0PO601011,Y,,544205,NPL,National Peroxide Limited,BSE only,BSE Equity,,XT,Active
3229,INE446D01011,Y,,530127,NPRFIN,NPR Finance Ltd.,BSE only,BSE Equity,,X,Active
3230,INE0FFK01017,Y,NPST,544396,NPST,Network People Services Technologies Limited,NSE+BSE,NSE Mainboard,EQ,B,Active
3231,INE740D01017,Y,NRAIL,516082,NRAIL,N R Agarwal Industries Limited,NSE+BSE,NSE Mainboard,EQ,B,Active
3232,INE349A01021,Y,NRBBEARING,530367,NRBBEARING,NRB Bearing Limited,NSE+BSE,NSE Mainboard,EQ,B,Active
3233,INE0JM501013,Y,NRL,,,Nupur Recyclers Limited,NSE only,NSE Mainboard,BE,,
3234,INE104101014,Y,NRVANDANA,,,N R Vandana Tex Industries Limited,NSE only,NSE SME (Emerge),ST,,
3235,INE0SLP01017,Y,,544571,NSBBPO,NSB BPO Solutions Limited,BSE only,BSE Equity,,M,Active
3236,INE301O01023,Y,,544467,NSDL,National Securities Depository Limited,BSE only,BSE Equity,,A,Active
3237,INE023A01030,Y,NSIL,532256,NSIL,Nalwa Sons Investments Limited,NSE+BSE,NSE Mainboard,EQ,B,Active
3238,INE01BL01012,Y,,542628,NSL,Northern Spirits Limited,BSE only,BSE Equity,,B,Active
3239,INE0NNS01018,Y,NSLNISP,543768,NSLNISP,NMDC Steel Limited,NSE+BSE,NSE Mainboard,EQ,A,Active
3240,INE920C01017,Y,,526723,NTCIND,NTC INDUSTRIES LIMITED,BSE only,BSE Equity,,X,Active
3241,INE733E01010,Y,NTPC,532555,NTPC,NTPC Limited,NSE+BSE,NSE Mainboard,EQ,A,Active
3242,INE0ONG01011,Y,NTPCGREEN,544289,NTPCGREEN,NTPC Green Energy Limited,NSE+BSE,NSE Mainboard,EQ,A,Active
3243,INE096B01018,Y,NUCLEUS,531209,NUCLEUS,Nucleus Software Exports Limited,NSE+BSE,NSE Mainboard,EQ,B,Active
3244,INE0VYX01018,Y,,544370,NUKLEUS,NUKLEUS OFFICE SOLUTIONS LIMITED,BSE only,BSE Equity,,M,Active
3245,INE0DSF01015,Y,NURECA,543264,NURECA,Nureca Limited,NSE+BSE,NSE Mainboard,BE,T,Active
3246,INE960H01012,Y,,531304,NUTECGLOB,Nutech Global Ltd.,BSE only,BSE Equity,,X,Active
3247,INE536C01029,Y,,530219,NUTRICIRCLE,Nutricircle Limited,BSE only,BSE Equity,,X,Active
3248,INE531F01023,Y,NUVAMA,543988,NUVAMA,Nuvama Wealth Management Limited,NSE+BSE,NSE Mainboard,EQ,A,Active
3249,INE118D01016,Y,NUVOCO,543334,NUVOCO,Nuvoco Vistas Corporation Limited,NSE+BSE,NSE Mainboard,EQ,A,Active
3250,INE0E5R01017,Y,,543522,NVENTURES,Nanavati Ventures Limited,BSE only,BSE Equity,,M,Active
3251,INE882B01037,Y,,531889,NWIL,NURTURE WELL INDUSTRIES LIMITED,BSE only,BSE Equity,,X,Active
3252,INE388Y01029,Y,NYKAA,543384,NYKAA,FSN E-Commerce Ventures Limited,NSE+BSE,NSE Mainboard,EQ,A,Active
3253,INE812K01027,Y,,504378,NYSSACORP,Nyssa Corporation Limited,BSE only,BSE Equity,,X,Active
3254,INE959C01023,Y,OAL,500078,OAL,Oriental Aromatics Limited,NSE+BSE,NSE Mainboard,EQ,B,Active
3255,INE876A01023,Y,,512489,OASISEC,Oasis Securities Limited,BSE only,BSE Equity,,X,Active
3256,INE426Z01016,Y,OBCL,541206,OBCL,OBCL Limited,NSE+BSE,NSE Mainboard,EQ,B,Active
3257,INE093I01010,Y,OBEROIRLTY,533273,OBEROIRLTY,Oberoi Realty Limited,NSE+BSE,NSE Mainboard,EQ,A,Active
3258,INE0YHV01011,Y,OBSCP,,,OBSC Perfection Limited,NSE only,NSE SME (Emerge),SM,,
3259,INE0PK601023,Y,OCCLLTD,544278,OCCLLTD,OCCL Limited,NSE+BSE,NSE Mainboard,BE,T,Active
3260,INE711V01010,Y,,540405,OCEANIC,Oceanic Foods Limited,BSE only,BSE Equity,,X,Active
3261,INE513C01010,Y,,538894,OCTAL,Octal Credit Capital Ltd.,BSE only,BSE Equity,,X,Active
3262,INE814L01013,Y,,521062,OCTAVE,Perfect-Octave Media Projects Ltd,BSE only,BSE Equity,,X,Active
3263,INE117S01016,Y,,542938,OCTAVIUSPL,Octavius Plantations Limited,BSE only,BSE Equity,,X,Active
3264,INE208U01019,Y,,540416,OCTAWARE,Octaware Technologies Limited,BSE only,BSE Equity,,MT,Active
3265,INE054301028,Y,ODIGMA,544301,ODIGMA,Odigma Consultancy Solutions Limited,NSE+BSE,NSE Mainboard,EQ,B,Active
3266,INE839E01023,Y,,531996,ODYCORP,Odyssey Corporation Ltd.,BSE only,BSE Equity,,X,Active
3267,INE213B01019,Y,,530175,ODYSSEY,Odyssey Technologies Ltd.,BSE only,BSE Equity,,X,Active
3268,INE881D01027,Y,OFSS,532466,OFSS,Oracle Financial Services Software Limited,NSE+BSE,NSE Mainboard,EQ,A,Active
3269,INE274J01014,Y,OIL,533106,OIL,Oil India Limited,NSE+BSE,NSE Mainboard,EQ,A,Active
3270,INE591A01010,Y,OILCOUNTUB,500313,OILCOUNTUB,Oil Country Tubular Limited,NSE+BSE,NSE Mainboard,BE,T,Active
3271,INE125F01032,Y,,530805,OIVL,ONESOURCE INDUSTRIES AND VENTURES LIMITED,BSE only,BSE Equity,,X,Active
3272,INE870B01024,Y,,526415,OKPLA,OK Play India Ltd.,BSE only,BSE Equity,,XT,Active
3273,INE0LXG01040,Y,OLAELEC,544225,OLAELEC,Ola Electric Mobility Limited,NSE+BSE,NSE Mainboard,EQ,A,Active
3274,INE0M3901015,Y,,543578,OLATECH,Olatech Solutions Limited,BSE only,BSE Equity,,M,Active
3275,INE260D01016,Y,OLECTRA,532439,OLECTRA,Olectra Greentech Limited,NSE+BSE,NSE Mainboard,EQ,A,Active
3276,INE0OPS01011,Y,OLIL,,,Oneclick Logistics India Limited,NSE only,NSE SME (Emerge),SM,,
3277,INE550L01013,Y,,534190,OLPCL,Olympic Cards Limited,BSE only,BSE Equity,,X,Active
3278,INE482O01021,Y,,521105,OLYMPTX,Olympia Industries Ltd.,BSE only,BSE Equity,,X,Active
3279,INE091N01014,Y,,511632,OLYMTFI,Olympic Management & Financial Serv,BSE only,BSE Equity,,XT,Active
3280,INE286E01019,Y,,507609,OLYOI,Olympic Oil Industries Ltd.,BSE only,BSE Equity,,X,Active
3281,INE090B01011,Y,OMAXAUTO,520021,OMAXAUTO,Omax Autos Limited,NSE+BSE,NSE Mainboard,EQ,B,Active
3282,INE800H01010,Y,OMAXE,532880,OMAXE,Omaxe Limited,NSE+BSE,NSE Mainboard,EQ,B,Active
3283,INE112B01013,Y,,519479,OMEAG,Omega Ag-Seeds (Punjab) ltd.,BSE only,BSE Equity,,X,Active
3284,INE113B01037,Y,,511644,OMEGAIN,Omega Interactive Technologies Ltd.,BSE only,BSE Equity,,X,Active
3285,INE1BZC01019,Y,OMFREIGHT,544564,OMFREIGHT,Om Freight Forwarders Limited,NSE+BSE,NSE Mainboard,BE,T,Active
3286,INE338Y01016,Y,OMFURN,,,Omfurn India Limited,NSE only,NSE SME (Emerge),SM,,
3287,INE239D01028,Y,OMINFRAL,531092,OMINFRAL,OM INFRA LIMITED,NSE+BSE,NSE Mainboard,EQ,B,Active
3288,INE501C01015,Y,,532167,OMKARPH,Omkar Pharmachem Ltd.,BSE only,BSE Equity,,X,Active
3289,INE0R8Q01018,Y,,544559,OML,OM METALLOGIC LIMITED,BSE only,BSE Equity,,MT,Active
3290,INE0UH301010,Y,OMNI,544720,OMNI,Omnitech Engineering Limited,NSE+BSE,NSE Mainboard,EQ,B,Active
3291,INE369B01019,Y,,532340,OMNIAX,Omni Axs Software Ltd.,BSE only,BSE Equity,,X,Active
3292,INE0JFE01012,Y,,543400,OMNIPOTENT,Omnipotent Industries Limited,BSE only,BSE Equity,,M,Active
3293,INE814D01010,Y,,514324,OMNITEX,Omnitex Industries (India) Ltd.,BSE only,BSE Equity,,XT,Active
3294,INE25E901019,Y,OMPOWER,544750,OMPOWER,Om Power Transmission Limited,NSE+BSE,NSE Mainboard,EQ,B,Active
3295,INE00ER01015,Y,ONDOOR,,,On Door Concepts Limited,NSE only,NSE SME (Emerge),SM,,
3296,INE670O01013,Y,,514330,ONEGLOBAL,ONE GLOBAL SERVICE PROVIDER LIMITED,BSE only,BSE Equity,,X,Active
3297,INE0UR501013,Y,,544852,ONEINDIG,Oneindig Technologies Limited,BSE only,BSE Equity,,MT,Active
3298,INE912L01015,Y,ONELIFECAP,533632,ONELIFECAP,Onelife Capital Advisors Limited,NSE+BSE,NSE Mainboard,BE,T,Active
3299,INE840Y01029,Y,ONEPOINT,544748,ONEPOINT,One Point One Solutions Limited,NSE+BSE,NSE Mainboard,EQ,B,Active
3300,INE013P01021,Y,ONESOURCE,544292,ONESOURCE,Onesource Specialty Pharma Limited,NSE+BSE,NSE Mainboard,EQ,A,Active
3301,INE213A01029,Y,ONGC,500312,ONGC,Oil & Natural Gas Corporation Limited,NSE+BSE,NSE Mainboard,EQ,A,Active
3302,INE831A01028,Y,ONIDA,500279,ONIDA,Onida Electronics Limited,NSE+BSE,NSE Mainboard,EQ,B,Active
3303,INE173M01012,Y,,513119,ONIXSOLAR,ONIX SOLAR ENERGY LIMITED,BSE only,BSE Equity,,X,Active
3304,INE809I01019,Y,ONMOBILE,532944,ONMOBILE,OnMobile Global Limited,NSE+BSE,NSE Mainboard,BE,T,Active
3305,INE989S01042,Y,,540386,ONTIC,Ontic Finserve Limited,BSE only,BSE Equity,,XT,Active
3306,INE229A01017,Y,ONWARDTEC,517536,ONWARDTEC,Onward Technologies Limited,NSE+BSE,NSE Mainboard,EQ,B,Active
3307,INE0WVU01018,Y,ONYX,,,Onyx Biotec Limited,NSE only,NSE SME (Emerge),ST,,
3308,INE860E01011,Y,,535657,OONE,ObjectOne Information Systems Ltd,BSE only,BSE Equity,,X,Active
3309,INE118Q01018,Y,,539116,OPCHAINS,O. P. Chains Limited,BSE only,BSE Equity,,MT,Active
3310,INE350C01017,Y,OPTIEMUS,530135,OPTIEMUS,Optiemus Infracom Limited,NSE+BSE,NSE Mainboard,EQ,B,Active
3311,INE031G01022,Y,,531254,OPTIFIN,Optimus Finance Limited,BSE only,BSE Equity,,X,Active
3312,INE15B101011,Y,OPTIVALUE,,,Optivalue Tek Consulting Limited,NSE only,NSE SME (Emerge),ST,,
3313,INE231G01010,Y,ORBTEXP,512626,ORBTEXP,Orbit Exports Limited,NSE+BSE,NSE Mainboard,BE,T,Active
3314,INE215B01022,Y,ORCHASP,532271,ORCHASP,Orchasp Limited,NSE+BSE,NSE Mainboard,EQ,B,Active
3315,INE191A01027,Y,ORCHPHARMA,524372,ORCHPHARMA,Orchid Pharma Limited,NSE+BSE,NSE Mainboard,EQ,B,Active
3316,INE0MIO01019,Y,,543997,ORGANICREC,ORGANIC RECYCLING SYSTEMS LIMITED,BSE only,BSE Equity,,M,Active
3317,INE412E01011,Y,,531157,ORGCOAT,Organic Coatings Ltd.,BSE only,BSE Equity,,X,Active
3318,INE0OUT01019,Y,ORIANA,,,Oriana Power Limited,NSE only,NSE SME (Emerge),SM,,
3319,INE247F01018,Y,,507690,ORIBEVER,Orient Beverages Ltd.,BSE only,BSE Equity,,X,Active
3320,INE730A01022,Y,ORICONENT,513121,ORICONENT,Oricon Enterprises Limited,NSE+BSE,NSE Mainboard,EQ,B,Active
3321,INE998H01012,Y,ORIENTALTL,532817,ORIENTALTL,Oriental Trimex Limited,NSE+BSE,NSE Mainboard,EQ,B,Active
3322,INE607D01018,Y,ORIENTBELL,530365,ORIENTBELL,Orient Bell Limited,NSE+BSE,NSE Mainboard,EQ,B,Active
3323,INE876N01018,Y,ORIENTCEM,535754,ORIENTCEM,Orient Cement Limited,NSE+BSE,NSE Mainboard,EQ,B,Active
3324,INE569C01020,Y,ORIENTCER,504879,ORIENTCER,ORIENT CERATECH LIMITED,NSE+BSE,NSE Mainboard,EQ,B,Active
3325,INE142Z01019,Y,ORIENTELEC,541301,ORIENTELEC,Orient Electric Limited,NSE+BSE,NSE Mainboard,EQ,B,Active
3326,INE750A01020,Y,ORIENTHOT,500314,ORIENTHOT,Oriental Hotels Limited,NSE+BSE,NSE Mainboard,EQ,B,Active
3327,INE609C01024,Y,ORIENTLTD,526325,ORIENTLTD,Orient Press Limited,NSE+BSE,NSE Mainboard,BE,T,Active
3328,INE592A01026,Y,ORIENTPPR,502420,ORIENTPPR,Orient Paper & Industries Limited,NSE+BSE,NSE Mainboard,EQ,B,Active
3329,INE0PPK01015,Y,ORIENTTECH,544235,ORIENTTECH,Orient Technologies Limited,NSE+BSE,NSE Mainboard,EQ,B,Active
3330,INE681D01039,Y,,531512,ORIENTTR,Orient Tradelink Ltd.,BSE only,BSE Equity,,X,Active
3331,INE457G01029,Y,,531859,ORIRAIL,ORIENTAL RAIL INFRASTRUCTURE LIMITED,BSE only,BSE Equity,,X,Active
3332,INE725E01024,Y,ORISSAMINE,590086,ORISSAMINE,The Orissa Minerals Development Company Limited,NSE+BSE,NSE Mainboard,EQ,B,Active
3333,INE16NZ01023,Y,ORKLAINDIA,544595,ORKLAINDIA,Orkla India Limited,NSE+BSE,NSE Mainboard,EQ,B,Active
3334,INE628B01034,Y,,531626,OROSMITHS,Orosil Smiths India Limited,BSE only,BSE Equity,,XT,Active
3335,INE749B01020,Y,ORTINGLOBE,539287,ORTINGLOBE,ORTIN GLOBAL LIMITED,NSE+BSE,NSE Mainboard,EQ,B,Active
3336,INE880P01015,Y,,509782,OSEASPR,Oseaspre Consultants Ltd.,BSE only,BSE Equity,,XT,Active
3337,INE0RMF01018,Y,OSELDEVICE,,,Osel Devices Limited,NSE only,NSE SME (Emerge),SM,,
3338,INE06IR01021,Y,OSIAHYPER,,,Osia Hyper Retail Limited,NSE only,NSE Mainboard,BE,,
3339,INE186R01013,Y,,540198,OSIAJEE,OSIAJEE TEXFAB LIMITED,BSE only,BSE Equity,,X,Active
3340,INE142A01012,Y,OSWALAGRO,500317,OSWALAGRO,Oswal Agro Mills Limited,NSE+BSE,NSE Mainboard,EQ,B,Active
3341,INE143A01010,Y,OSWALGREEN,539290,OSWALGREEN,Oswal Greentech Limited,NSE+BSE,NSE Mainboard,EQ,B,Active
3342,INE0BYP01024,Y,OSWALPUMPS,544418,OSWALPUMPS,Oswal Pumps Limited,NSE+BSE,NSE Mainboard,EQ,B,Active
3343,INE00IK01029,Y,OSWALSEEDS,,,ShreeOswal Seeds And Chemicals Limited,NSE only,NSE Mainboard,EQ,,
3344,INE910B01028,Y,,523151,OTCO,Otco International Ltd,BSE only,BSE Equity,,XT,Active
3345,INE0RTI01017,Y,,544498,OVAL,OVAL PROJECTS ENGINEERING LIMITED,BSE only,BSE Equity,,M,Active
3346,INE812S01012,Y,,530741,OVOBELE,Ovobel Foods Ltd.,BSE only,BSE Equity,,XT,Active
3347,INE0R8M01017,Y,OWAIS,,,Owais Metal And Mineral Processing Limited,NSE only,NSE SME (Emerge),ST,,
3348,INE114D01015,Y,,514414,OXFORDIN,Oxford Industries ltd.,BSE only,BSE Equity,,XT,Active
3349,INE102E01018,Y,,524636,OXYGENTAPH,OXYGENTA PHARMACEUTICAL LIMITED,BSE only,BSE Equity,,X,Active
3350,INE0N1L01018,Y,,543637,PACE,PACE E-COMMERCE VENTURES LIMITED,BSE only,BSE Equity,,M,Active
3351,INE0S3G01027,Y,PACEDIGITK,544550,PACEDIGITK,Pace Digitek Limited,NSE+BSE,NSE Mainboard,EQ,B,Active
3352,INE883C01025,Y,,523483,PACIFICI,Pacific Industries ltd.,BSE only,BSE Equity,,X,Active
3353,INE630U01014,Y,,531779,PADALPO,Padmanabh Alloys & Polymers Ltd.,BSE only,BSE Equity,,X,Active
3354,INE448D01025,Y,,531395,PADAMCO,Padam Cotton Yarns Ltd.,BSE only,BSE Equity,,XT,Active
3355,INE743D01011,Y,,526905,PADMAIND,Padmanabh Industries Limited,BSE only,BSE Equity,,X,Active
3356,INE243B01016,Y,,532350,PADMALAYAT,Padmalaya Telefilms Ltd.,BSE only,BSE Equity,,Z,Active
3357,INE761H01022,Y,PAGEIND,532827,PAGEIND,Page Industries Limited,NSE+BSE,NSE Mainboard,EQ,A,Active
3358,INE420C01059,Y,PAISALO,532900,PAISALO,Paisalo Digital Limited,NSE+BSE,NSE Mainboard,EQ,A,Active
3359,INE14LM01012,Y,,544657,PAJSON,Pajson Agro India Limited,BSE only,BSE Equity,,M,Active
3360,INE551D01018,Y,PAKKA,516030,PAKKA,PAKKA LIMITED,NSE+BSE,NSE Mainboard,EQ,B,Active
3361,INE471W01019,Y,PALASHSECU,540648,PALASHSECU,Palash Securities Limited,NSE+BSE,NSE Mainboard,EQ,B,Active
3362,INE239L01013,Y,,539121,PALCO,Palco Metals Limited,BSE only,BSE Equity,,X,Active
3363,INE838Z01012,Y,,541444,PALMJEWELS,Palm Jewels Limited,BSE only,BSE Equity,,X,Active
3364,INE218G01033,Y,PALREDTEC,532521,PALREDTEC,Palred Technologies Limited,NSE+BSE,NSE Mainboard,BE,T,Active
3365,INE516E01019,Y,,538742,PANABYTE,PANABYTE TECHNOLOGIES LIMITED,BSE only,BSE Equity,,X,Active
3366,INE922B01023,Y,PANACEABIO,531349,PANACEABIO,Panacea Biotec Limited,NSE+BSE,NSE Mainboard,EQ,B,Active
3367,INE895W01019,Y,PANACHE,,,Panache Digilife Limited,NSE only,NSE Mainboard,BE,,
3368,INE795A01017,Y,,504093,PANAENERG,Panasonic Energy India Co. Ltd.,BSE only,BSE Equity,,X,Active
3369,INE655P01029,Y,,538860,PANAFIC,PANAFIC INDUSTRIALS LTD,BSE only,BSE Equity,,XT,Active
3370,INE305C01029,Y,PANAMAPET,524820,PANAMAPET,Panama Petrochem Limited,NSE+BSE,NSE Mainboard,EQ,B,Active
3371,INE013E01017,Y,,508941,PANCARBON,Panasonic Carbon India Co.Ltd,BSE only,BSE Equity,,X,Active
3372,INE798F01010,Y,,513511,PANCHMAHQ,Panchmahal Steel Ltd.,BSE only,BSE Equity,,X,Active
3373,INE316G01019,Y,,531726,PANCHSHEEL,Panchsheel Organic Ltd.,BSE only,BSE Equity,,X,Active
3374,INE167E01037,Y,,500322,PANCM,Panyam Cements & Mineral Inds. Ltd.,BSE only,BSE Equity,,XT,Active
3375,INE648E01010,Y,,517397,PANELEC,Pan Electronics India Ltd.,BSE only,BSE Equity,,X,Active
3376,INE1N9E01015,Y,,544698,PANHR,PAN HR SOLUTION LIMITED,BSE only,BSE Equity,,MT,Active
3377,INE181D01014,Y,,524055,PANIDPR,Panther Industrial Products Ltd.,BSE only,BSE Equity,,X,Active
3378,INE376A01032,Y,,511525,PANINDIAC,Pan India Corporation Ltd,BSE only,BSE Equity,,X,Active
3379,INE744D01019,Y,,526345,PANJON,Panjon Ltd.,BSE only,BSE Equity,,X,Active
3380,INE698B01011,Y,,531280,PANKAJPO,Pankaj Polymers Ltd.,BSE only,BSE Equity,,X,Active
3381,INE258R01028,Y,,539469,PANORAMA,PANORAMA STUDIOS INTERNATIONAL LIMITED,BSE only,BSE Equity,,B,Active
3382,INE697V01011,Y,PANSARI,,,Pansari Developers Limited,NSE only,NSE Mainboard,EQ,,
3383,INE945O01019,Y,,539143,PANTH,PANTH INFINITY LIMITED,BSE only,BSE Equity,,X,Active
3384,INE791C01012,Y,,530291,PAOS,PAOS INDUSTRIES LIMITED,BSE only,BSE Equity,,X,Active
3385,INE04LG01015,Y,PAR,,,Par Drugs And Chemicals Limited,NSE only,NSE Mainboard,EQ,,
3386,INE074B01023,Y,PARACABLES,530555,PARACABLES,Paramount Communications Limited,NSE+BSE,NSE Mainboard,EQ,B,Active
3387,INE088F01024,Y,PARADEEP,543530,PARADEEP,Paradeep Phosphates Limited,NSE+BSE,NSE Mainboard,EQ,A,Active
3388,INE883N01014,Y,PARAGMILK,539889,PARAGMILK,Parag Milk Foods Limited,NSE+BSE,NSE Mainboard,EQ,A,Active
3389,INE0N4G01012,Y,PARAGON,,,Paragon Fine and Speciality Chemical Limited,NSE only,NSE SME (Emerge),SM,,
3390,INE015E01012,Y,,531255,PARAGONF,Paragon Finance Ltd.,BSE only,BSE Equity,,X,Active
3391,INE0S2W01018,Y,PARAMATRIX,,,Paramatrix Technologies Limited,NSE only,NSE SME (Emerge),SM,,
3392,INE0TG801013,Y,PARAMOUNT,,,Paramount Dye Tec Limited,NSE only,NSE SME (Emerge),SM,,
3393,INE749Y01014,Y,PARAMPARA,,,PARAMPARA DAIRY DELIGHTS LIMITED,NSE only,NSE SME (Emerge),SM,,
3394,INE045601023,Y,PARAS,543367,PARAS,Paras Defence and Space Technologies Limited,NSE+BSE,NSE Mainboard,EQ,A,Active
3395,INE162C01024,Y,PARASPETRO,521246,PARASPETRO,Paras Petrofils Limited,NSE+BSE,NSE Mainboard,EQ,B,Active
3396,INE00U801010,Y,PARIN,,,Parin Enterprises Limited,NSE only,NSE SME (Emerge),SM,,
3397,INE750B01010,Y,,524628,PARKERAC,Parker Agro Chem Export Ltd.,BSE only,BSE Equity,,X,Active
3398,INE119201023,Y,PARKHOSPS,544645,PARKHOSPS,Park Medi World Limited,NSE+BSE,NSE Mainboard,EQ,B,Active
3399,INE988S01028,Y,PARKHOTELS,544111,PARKHOTELS,Apeejay Surrendra Park Hotels Limited,NSE+BSE,NSE Mainboard,EQ,B,Active
3400,INE272G01014,Y,,532911,PARLEIND,PARLE INDUSTRIES LIMITED,BSE only,BSE Equity,,XT,Active
3401,INE240T01014,Y,,540359,PARMAX,Parmax Pharma Limited,BSE only,BSE Equity,,XT,Active
3402,INE143I01013,Y,,507970,PARMCOS-B,Paramount Cosmetics (India) Ltd,BSE only,BSE Equity,,X,Active
3403,INE0QQJ01021,Y,,544330,PARMESHWAR,PARMESHWAR METAL LIMITED,BSE only,BSE Equity,,M,Active
3404,INE808R01012,Y,,540467,PARMSILK,PARMESHWARI SILK MILLS LIMITED,BSE only,BSE Equity,,XT,Active
3405,INE383L01019,Y,,506128,PARNAXLAB,Parnax Lab Limited,BSE only,BSE Equity,,X,Active
3406,INE05MV01019,Y,,542694,PARSHVA,Parshva Enterprises Limited,BSE only,BSE Equity,,B,Active
3407,INE635I01018,Y,,511176,PARSHWANA,Parshwanath Corporation Limited,BSE only,BSE Equity,,X,Active
3408,INE561H01026,Y,PARSVNATH,532780,PARSVNATH,Parsvnath Developers Limited,NSE+BSE,NSE Mainboard,BE,T,Active
3409,INE1H7V01011,Y,PARTH,,,Parth Electricals & Engineering Limited,NSE only,NSE SME (Emerge),SM,,
3410,INE06ZX01015,Y,PARTYCRUS,,,Party Cruisers Limited,NSE only,NSE SME (Emerge),SM,,
3411,INE295Z01015,Y,,541347,PARVATI,Parvati Sweetners and Power Ltd.,BSE only,BSE Equity,,X,Active
3412,INE604F01010,Y,,521080,PASARI,Pasari Spinning Mills Ltd.,BSE only,BSE Equity,,X,Active
3413,INE124Y01028,Y,PASHUPATI,544448,PASHUPATI,Pashupati Cotspin Limited,NSE+BSE,NSE Mainboard,EQ,B,Active
3414,INE818B01023,Y,PASUPTAC,500456,PASUPTAC,Pasupati Acrylon Limited,NSE+BSE,NSE Mainboard,BE,T,Active
3415,INE909B01020,Y,,503092,PASUSPG,Pasupati Spg. & Wvg. Mills Ltd.,BSE only,BSE Equity,,X,Active
3416,INE619A01035,Y,PATANJALI,500368,PATANJALI,Patanjali Foods Limited,NSE+BSE,NSE Mainboard,EQ,A,Active
3417,INE161701011,Y,,544460,PATELCHEM,PATEL CHEM SPECIALITIES LIMITED,BSE only,BSE Equity,,MT,Active
3418,INE244B01030,Y,PATELENG,531120,PATELENG,Patel Engineering Limited,NSE+BSE,NSE Mainboard,EQ,A,Active
3419,INE0R8B01010,Y,PATELRMART,544487,PATELRMART,Patel Retail Limited,NSE+BSE,NSE Mainboard,EQ,B,Active
3420,INE082C01024,Y,,517417,PATELSAI,Patels Airtemp (I) Ltd.,BSE only,BSE Equity,,X,Active
3421,INE637N01014,Y,,524031,PATIDAR,Patidar Buildcon Limited,BSE only,BSE Equity,,X,Active
3422,INE17GV01016,Y,PATILAUTOM,,,Patil Automation Limited,NSE only,NSE SME (Emerge),ST,,
3423,INE529D01014,Y,PATINTLOG,526381,PATINTLOG,Patel Integrated Logistics Limited,NSE+BSE,NSE Mainboard,BE,T,Active
3424,INE0NPA01011,Y,,543798,PATRON,Patron Exim Limited,BSE only,BSE Equity,,M,Active
3425,INE790C01014,Y,,514326,PATSPINLTD,Patspin India Ltd.,BSE only,BSE Equity,,X,Active
3426,INE0NZW01014,Y,PATTECH,,,Pattech Fitwell Tube Components Limited,NSE only,NSE SME (Emerge),SM,,
3427,INE111F01024,Y,PAUSHAKLTD,532742,PAUSHAKLTD,Paushak Limited,NSE+BSE,NSE Mainboard,EQ,B,Active
3428,INE07S101038,Y,PAVNAIND,543915,PAVNAIND,Pavna Industries Limited,NSE+BSE,NSE Mainboard,EQ,B,Active
3429,INE982J01020,Y,PAYTM,543396,PAYTM,One 97 Communications Limited,NSE+BSE,NSE Mainboard,EQ,A,Active
3430,INE160H01019,Y,,532676,PBAINFRA,PBA INFRASTRUCTURE LTD.,BSE only,BSE Equity,,XT,Active
3431,INE212Q01019,Y,,539352,PBFL,P. B. Films Limited,BSE only,BSE Equity,,MT,Active
3432,INE615W01011,Y,,506580,PBGLOBAL,PB Global Limited,BSE only,BSE Equity,,XT,Active
3433,INE501F01018,Y,,514087,PBMPOLY,P.B.M. Polytex Ltd.,BSE only,BSE Equity,,X,Active
3434,INE602A01031,Y,PCBL,506590,PCBL,PCBL Chemical Limited,NSE+BSE,NSE Mainboard,EQ,A,Active
3435,INE998U01015,Y,PCCL,,,Petro Carbon and Chemicals Limited,NSE only,NSE SME (Emerge),SM,,
3436,INE417E01010,Y,,524136,PCCOSMA,Pee Cee Cosma Sope Ltd.,BSE only,BSE Equity,,X,Active
3437,INE785M01021,Y,PCJEWELLER,534809,PCJEWELLER,PC Jeweller Limited,NSE+BSE,NSE Mainboard,EQ,A,Active
3438,INE0OKG01017,Y,,543814,PCL,PROSPECT CONSUMER PRODUCTS LIMITED,BSE only,BSE Equity,,M,Active
3439,INE834B01012,Y,,517119,PCS,PCS Technology Ltd.,BSE only,BSE Equity,,X,Active
3440,INE865T01018,Y,PDMJEPAPER,539785,PDMJEPAPER,Pudumjee Paper Products Limited,NSE+BSE,NSE Mainboard,EQ,B,Active
3441,INE111Q01021,Y,PDSL,538730,PDSL,PDS Limited,NSE+BSE,NSE Mainboard,EQ,B,Active
3442,INE844A01013,Y,PEARLPOLY,523260,PEARLPOLY,Pearl Polymers Limited,NSE+BSE,NSE Mainboard,EQ,B,Active
3443,INE484S01010,Y,,539273,PECOS,PECOS Hotels And Pubs Limited,BSE only,BSE Equity,,M,Active
3444,INE328D01011,Y,,531352,PEETISEC,Peeti Securities Ltd.,BSE only,BSE Equity,,X,Active
3445,INE429K01012,Y,,533100,PEIL,Premier Energy and Infrastructure  Limited,BSE only,BSE Equity,,X,Active
3446,INE0VG601013,Y,PELATRO,,,Pelatro Limited,NSE only,NSE SME (Emerge),SM,,
3447,INE932A01024,Y,PENIND,513228,PENIND,Pennar Industries Limited,NSE+BSE,NSE Mainboard,EQ,A,Active
3448,INE138A01028,Y,PENINLAND,503031,PENINLAND,Peninsula Land Limited,NSE+BSE,NSE Mainboard,BE,T,Active
3449,INE0ORS01017,Y,PENTAGON,,,Pentagon Rubber Limited,NSE only,NSE SME (Emerge),SM,,
3450,INE925S01012,Y,PERFECT,,,Perfect Infraengineers Limited,NSE only,NSE SME (Emerge),SZ,,
3451,INE759I01024,Y,,526435,PERFEPA,Perfectpac Limited,BSE only,BSE Equity,,X,Active
3452,INE418E01018,Y,,504132,PERMAGN,Permanent Magnets Ltd.,BSE only,BSE Equity,,X,Active
3453,INE262H01021,Y,PERSISTENT,533179,PERSISTENT,Persistent Systems Limited,NSE+BSE,NSE Mainboard,EQ,A,Active
3454,INE443P01038,Y,,517172,PERVASIVE,Pervasive Commodities Limited,BSE only,BSE Equity,,XT,Active
3455,INE510U01018,Y,,544141,PESB,Pune E - Stock Broking Limited,BSE only,BSE Equity,,M,Active
3456,INE704F01018,Y,,524046,PETPLST,Pet Plastics Ltd.,BSE only,BSE Equity,,XT,Active
3457,INE347G01014,Y,PETRONET,532522,PETRONET,Petronet LNG Limited,NSE+BSE,NSE Mainboard,EQ,A,Active
3458,INE134E01011,Y,PFC,532810,PFC,Power Finance Corporation Limited,NSE+BSE,NSE Mainboard,EQ,A,Active
3459,INE182A01018,Y,PFIZER,500680,PFIZER,Pfizer Limited,NSE+BSE,NSE Mainboard,EQ,A,Active
3460,INE0PZB01013,Y,,544259,PFL,POPULAR FOUNDATIONS LIMITED,BSE only,BSE Equity,,M,Active
3461,INE600F01018,Y,,531769,PFLINFOTC,PFL Infotech Ltd.,BSE only,BSE Equity,,X,Active
3462,INE367G01038,Y,PFOCUS,532748,PFOCUS,Prime Focus Limited,NSE+BSE,NSE Mainboard,EQ,B,Active
3463,INE560K01014,Y,PFS,533344,PFS,PTC India Financial Services Limited,NSE+BSE,NSE Mainboard,EQ,B,Active
3464,INE0GTX01019,Y,,543540,PGCRL,Pearl Green Clubs and Resorts Limited,BSE only,BSE Equity,,M,Active
3465,INE457L01029,Y,PGEL,533581,PGEL,PG Electroplast Limited,NSE+BSE,NSE Mainboard,EQ,A,Active
3466,INE078D01012,Y,,526747,PGFOILQ,P.G.Foils Ltd.,BSE only,BSE Equity,,X,Active
3467,INE179A01014,Y,PGHH,500459,PGHH,Procter & Gamble Hygiene and Health Care Limited,NSE+BSE,NSE Mainboard,EQ,A,Active
3468,INE199A01012,Y,PGHL,500126,PGHL,Procter & Gamble Health Limited,NSE+BSE,NSE Mainboard,EQ,A,Active
3469,INE940H01022,Y,PGIL,532808,PGIL,Pearl Global Industries Limited,NSE+BSE,NSE Mainboard,EQ,A,Active
3470,INE0MLZ01019,Y,PHANTOMFX,,,Phantom Digital Effects Limited,NSE only,NSE SME (Emerge),SM,,
3471,INE117D01018,Y,,524572,PHARMAID,Pharmaids Pharmaceuticals Ltd.,BSE only,BSE Equity,,X,Active
3472,INE160F01013,Y,,500143,PHCAP,P H CAPITAL LIMITED,BSE only,BSE Equity,,XT,Active
3473,INE211B01039,Y,PHOENIXLTD,503100,PHOENIXLTD,The Phoenix Mills Limited,NSE+BSE,NSE Mainboard,EQ,A,Active
3474,INE245B01011,Y,,526481,PHOENXINTL,Phoenix International Ltd.,BSE only,BSE Equity,,X,Active
3475,INE0FPO01018,Y,PHOGLOBAL,,,Phoenix Overseas Limited,NSE only,NSE SME (Emerge),SM,,
3476,INE398C01016,Y,,542123,PHOSPHATE,The Phosphate Company Limited,BSE only,BSE Equity,,X,Active
3477,INE813B01016,Y,,526588,PHOTOQUP,Photoquip India Ltd.,BSE only,BSE Equity,,X,Active
3478,INE486I01016,Y,,523620,PHRMASI,Phaarmasia Limited.,BSE only,BSE Equity,,X,Active
3479,INE037C01010,Y,,524808,PHYTO,Phyto Chem (India) Ltd.,BSE only,BSE Equity,,X,Active
3480,INE546C01010,Y,PICCADIL,530305,PICCADIL,Piccadily Agro Industries Limited,NSE+BSE,NSE Mainboard,EQ,B,Active
3481,INE544C01023,Y,,507498,PICCASUG,Piccadily Sugar  & Allied Ltd.,BSE only,BSE Equity,,X,Active
3482,INE448B01029,Y,,532355,PICTUREHS,Picturehouse Media Limited,BSE only,BSE Equity,,X,Active
3483,INE318A01026,Y,PIDILITIND,500331,PIDILITIND,Pidilite Industries Limited,NSE+BSE,NSE Mainboard,EQ,A,Active
3484,INE557Z01018,Y,PIGL,543912,PIGL,Power & Instrumentation (Gujarat) Limited,NSE+BSE,NSE Mainboard,EQ,B,Active
3485,INE603J01030,Y,PIIND,523642,PIIND,PI Industries Limited,NSE+BSE,NSE Mainboard,EQ,A,Active
3486,INE417C01014,Y,PILANIINVS,539883,PILANIINVS,Pilani Investment and Industries Corporation Limited,NSE+BSE,NSE Mainboard,EQ,B,Active
3487,INE600A01035,Y,PILITA,500327,PILITA,PIL ITALICA LIFESTYLE LIMITED,NSE+BSE,NSE Mainboard,EQ,B,Active
3488,INE15B701018,Y,PINELABS,544606,PINELABS,Pine Labs Limited,NSE+BSE,NSE Mainboard,EQ,B,Active
3489,INE156C01018,Y,PIONEEREMB,514300,PIONEEREMB,Pioneer Embroideries Limited,NSE+BSE,NSE Mainboard,EQ,B,Active
3490,INE746D01014,Y,PIONRINV,507864,PIONRINV,Pioneer Investcorp Limited,NSE+BSE,NSE Mainboard,BE,T,Active
3491,INE0R4W01015,Y,,544178,PIOTEX,PIOTEX INDUSTRIES LIMITED,BSE only,BSE Equity,,M,Active
3492,INE202B01038,Y,PIRAMALFIN,544597,PIRAMALFIN,Piramal Finance Limited,NSE+BSE,NSE Mainboard,EQ,B,Active
3493,INE450D01021,Y,PITTIENG,513519,PITTIENG,Pitti Engineering Limited,NSE+BSE,NSE Mainboard,EQ,B,Active
3494,INE751B01018,Y,PIXTRANS,500333,PIXTRANS,Pix Transmissions Limited,NSE+BSE,NSE Mainboard,EQ,B,Active
3495,INE473T01011,Y,,539401,PJL,Patdiam Jewellery Limited,BSE only,BSE Equity,,M,Active
3496,INE431F01018,Y,PKTEA,,,The Peria Karamalai Tea & Produce Company Limited,NSE only,NSE Mainboard,EQ,,
3497,INE0PXD01014,Y,PLADAINFO,,,Plada Infotech Services Limited,NSE only,NSE SME (Emerge),SM,,
3498,INE083C01022,Y,PLASTIBLEN,523648,PLASTIBLEN,Plastiblends India Limited,NSE+BSE,NSE Mainboard,EQ,B,Active
3499,INE0PT501018,Y,PLATIND,544134,PLATIND,Platinum Industries Limited,NSE+BSE,NSE Mainboard,EQ,B,Active
3500,INE0INJ01017,Y,PLAZACABLE,544003,PLAZACABLE,Plaza Wires Limited,NSE+BSE,NSE Mainboard,EQ,B,Active
3501,INE793G01035,Y,,534060,PMCFIN,PMC Fincorp Limited,BSE only,BSE Equity,,X,Active
3502,INE291E01019,Y,PML,539113,PML,Paul Merchants Limited,NSE+BSE,NSE Mainboard,EQ,B,Active
3503,INE160A01022,Y,PNB,532461,PNB,Punjab National Bank,NSE+BSE,NSE Mainboard,EQ,A,Active
3504,INE859A01011,Y,PNBGILTS,532366,PNBGILTS,PNB Gilts Limited,NSE+BSE,NSE Mainboard,EQ,B,Active
3505,INE572E01012,Y,PNBHOUSING,540173,PNBHOUSING,PNB Housing Finance Limited,NSE+BSE,NSE Mainboard,EQ,A,Active
3506,INE392B01011,Y,PNC,532387,PNC,Pritish Nandy Communications Limited,NSE+BSE,NSE Mainboard,EQ,B,Active
3507,INE195J01029,Y,PNCINFRA,539150,PNCINFRA,PNC Infratech Limited,NSE+BSE,NSE Mainboard,EQ,A,Active
3508,INE953R01016,Y,PNGJL,544256,PNGJL,P N Gadgil Jewellers Limited,NSE+BSE,NSE Mainboard,EQ,B,Active
3509,INE1RDG01013,Y,PNGSREVA,544718,PNGSREVA,PNGS Reva Diamond Jewellery Limited,NSE+BSE,NSE Mainboard,EQ,B,Active
3510,INE702E01015,Y,,524210,PNTKYOR,Pentokey Organy (India) Ltd.,BSE only,BSE Equity,,X,Active
3511,INE0DTJ01015,Y,,543352,POBS,PlatinumOne Business Services Limited,BSE only,BSE Equity,,M,Active
3512,INE063E01061,Y,POCL,532626,POCL,Pondy Oxides & Chemicals Limited,NSE+BSE,NSE Mainboard,EQ,A,Active
3513,INE371C01013,Y,PODDARMENT,524570,PODDARMENT,Poddar Pigments Limited,NSE+BSE,NSE Mainboard,EQ,B,Active
3514,INE035S01028,Y,,539195,POEL,POCL ENTERPRISES LTD,BSE only,BSE Equity,,X,Active
3515,INE637C01025,Y,POKARNA,532486,POKARNA,Pokarna Limited,NSE+BSE,NSE Mainboard,EQ,B,Active
3516,INE417T01026,Y,POLICYBZR,543390,POLICYBZR,PB Fintech Limited,NSE+BSE,NSE Mainboard,EQ,A,Active
3517,INE339F01021,Y,,507645,POLSON,Polson Ltd.,BSE only,BSE Equity,,X,Active
3518,INE455K01017,Y,POLYCAB,542652,POLYCAB,Polycab India Limited,NSE+BSE,NSE Mainboard,EQ,A,Active
3519,INE752B01024,Y,,506605,POLYCHEM,Polychem Ltd,BSE only,BSE Equity,,X,Active
3520,INE809B01014,Y,,526043,POLYCHMP,Polymechplast Machines Ltd.,BSE only,BSE Equity,,X,Active
3521,INE262C01014,Y,,531397,POLYCON,Polycon International Ltd.,BSE only,BSE Equity,,X,Active
3522,INE323D01020,Y,,531454,POLYLINK,Polylink Polymers (india) Ltd.,BSE only,BSE Equity,,X,Active
3523,INE826P01018,Y,,537573,POLYMAC,Polymac Thermoformers Limited,BSE only,BSE Equity,,M,Active
3524,INE205C01021,Y,POLYMED,531768,POLYMED,Poly Medicure Limited,NSE+BSE,NSE Mainboard,EQ,A,Active
3525,INE633B01018,Y,POLYPLEX,524051,POLYPLEX,Polyplex Corporation Limited,NSE+BSE,NSE Mainboard,EQ,B,Active
3526,INE517M01028,Y,POLYSIL,,,Polysil Irrigation Systems Limited,NSE only,NSE SME (Emerge),SM,,
3527,INE914G01029,Y,,539354,POLYSPIN,POLYSPIN EXPORTS LIMITED,BSE only,BSE Equity,,X,Active
3528,INE838E01017,Y,PONNIERODE,532460,PONNIERODE,Ponni Sugars (Erode) Limited,NSE+BSE,NSE Mainboard,EQ,B,Active
3529,INE973X01012,Y,,540727,POOJA,Poojawestern Metaliks Limited,BSE only,BSE Equity,,B,Active
3530,INE147C01017,Y,,532011,POOJAENT,VASHU BHAGNANI INDUSTRIES LIMITED,BSE only,BSE Equity,,X,Active
3531,INE809E01018,Y,,519359,POONADAL,Poona Dal And Oil Industries Ltd.,BSE only,BSE Equity,,X,Active
3532,INE511C01022,Y,POONAWALLA,524000,POONAWALLA,Poonawalla Fincorp Limited,NSE+BSE,NSE Mainboard,EQ,A,Active
3533,INE370C01015,Y,,531870,POPULARES,Popular Estate Management Ltd,BSE only,BSE Equity,,X,Active
3534,INE386I01018,Y,,532933,PORWAL,PORWAL AUTO COMPONENTS LIMITED,BSE only,BSE Equity,,X,Active
3535,INE0S3H01017,Y,POSITRON,,,Positron Energy Limited,NSE only,NSE SME (Emerge),SM,,
3536,INE752E01010,Y,POWERGRID,532898,POWERGRID,Power Grid Corporation of India Limited,NSE+BSE,NSE Mainboard,EQ,A,Active
3537,INE921L01032,Y,POWERICA,544744,POWERICA,Powerica Limited,NSE+BSE,NSE Mainboard,EQ,B,Active
3538,INE07Y701011,Y,POWERINDIA,543187,POWERINDIA,Hitachi Energy India Limited,NSE+BSE,NSE Mainboard,EQ,A,Active
3539,INE211R01019,Y,POWERMECH,539302,POWERMECH,Power Mech Projects Limited,NSE+BSE,NSE Mainboard,EQ,A,Active
3540,INE095I01015,Y,PPAP,532934,PPAP,PPAP Automotive Limited,NSE+BSE,NSE Mainboard,BE,T,Active
3541,INE0SMW01011,Y,,544383,PPARIVAH,PARADEEP PARIVAHAN LIMITED,BSE only,BSE Equity,,MT,Active
3542,INE288301026,Y,,544844,PPEL,POOJAA PRECISION ENGG. LIMITED,BSE only,BSE Equity,,MT,Active
3543,INE050001010,Y,PPL,542684,PPL,Prakash Pipes Limited,NSE+BSE,NSE Mainboard,BE,T,Active
3544,INE0DK501011,Y,PPLPHARMA,543635,PPLPHARMA,Piramal Pharma Limited,NSE+BSE,NSE Mainboard,EQ,A,Active
3545,INE0YAL01017,Y,PPSL,,,Picturepost Studios Limited,NSE only,NSE SME (Emerge),SM,,
3546,INE689M01025,Y,,540717,PQIF,Polo Queen Industrial and Fintech Limited,BSE only,BSE Equity,,X,Active
3547,INE0I0M01023,Y,PRABHA,544379,PRABHA,Prabha Energy Limited,NSE+BSE,NSE Mainboard,EQ,B,Active
3548,INE428P01013,Y,,530361,PRABHHANS,PRABHHANS INDUSTRIES LIMITED,BSE only,BSE Equity,,XT,Active
3549,INE770A01010,Y,PRADPME,513532,PRADPME,Pradeep Metals Limited,NSE+BSE,NSE Mainboard,BE,T,Active
3550,INE505C01016,Y,PRAENG,531746,PRAENG,Prajay Engineers Syndicate Limited,NSE+BSE,NSE Mainboard,EQ,B,Active
3551,INE962B01011,Y,,500192,PRAGBOS,Prag Bosimi Synthetics Ltd.,BSE only,BSE Equity,,X,Active
3552,INE074A01025,Y,PRAJIND,522205,PRAJIND,Praj Industries Limited,NSE+BSE,NSE Mainboard,EQ,A,Active
3553,INE603A01013,Y,PRAKASH,506022,PRAKASH,Prakash Industries Limited,NSE+BSE,NSE Mainboard,EQ,B,Active
3554,INE696K01024,Y,PRAKASHSTL,533239,PRAKASHSTL,Prakash Steelage Limited,NSE+BSE,NSE Mainboard,EQ,B,Active
3555,INE0O7A01017,Y,PRAMARA,,,Pramara Promotions Limited,NSE only,NSE SME (Emerge),SM,,
3556,INE0VJG01014,Y,PRANIK,,,Pranik Logistics Limited,NSE only,NSE SME (Emerge),SM,,
3557,INE0TI501017,Y,,544538,PRARUH,PRARUH TECHNOLOGIES LIMITED,BSE only,BSE Equity,,M,Active
3558,INE0QA601016,Y,PRATHAM,,,Pratham EPC Projects Limited,NSE only,NSE SME (Emerge),SM,,
3559,INE206C01029,Y,,526490,PRATIK,Pratik Panels Ltd.,BSE only,BSE Equity,,X,Active
3560,INE722B01019,Y,PRAVEG,531637,PRAVEG,Praveg Limited,NSE+BSE,NSE Mainboard,EQ,B,Active
3561,INE546Y01022,Y,PRAXIS,540901,PRAXIS,Praxis Home Retail Limited,NSE+BSE,NSE Mainboard,EQ,B,Active
3562,INE484I01029,Y,PRECAM,539636,PRECAM,Precision Camshafts Limited,NSE+BSE,NSE Mainboard,EQ,B,Active
3563,INE143C01024,Y,,517258,PRECISIO,Precision Electronics Ltd.,BSE only,BSE Equity,,XT,Active
3564,INE0HKW01018,Y,PRECISION,,,Precision Metaliks Limited,NSE only,NSE SME (Emerge),ST,,
3565,INE283A01014,Y,PRECOT,,,Precot Limited,NSE only,NSE Mainboard,EQ,,
3566,INE372C01037,Y,PRECWIRE,523539,PRECWIRE,Precision Wires India Limited,NSE+BSE,NSE Mainboard,EQ,B,Active
3567,INE946K01023,Y,,511016,PREMCAP,Premier Capital Services Ltd.,BSE only,BSE Equity,,XT,Active
3568,INE001E01012,Y,PREMCO,530331,PREMCO,Premco Global Limited,NSE+BSE,NSE Mainboard,EQ,B,Active
3569,INE863B01029,Y,PREMEXPLN,526247,PREMEXPLN,Premier Explosives Limited,NSE+BSE,NSE Mainboard,EQ,A,Active
3570,INE342A01018,Y,PREMIER,500540,PREMIER,Premier Limited,NSE+BSE,NSE Mainboard,BE,T,Active
3571,INE0BS701011,Y,PREMIERENE,544238,PREMIERENE,Premier Energies Limited,NSE+BSE,NSE Mainboard,EQ,A,Active
3572,INE309M01020,Y,PREMIERPOL,514354,PREMIERPOL,Premier Polyfilm Limited,NSE+BSE,NSE Mainboard,EQ,B,Active
3573,INE0M1F01011,Y,PREMIUM,,,Premium Plast Limited,NSE only,NSE SME (Emerge),SM,,
3574,INE940N01012,Y,,509835,PREMSYN,Premier Synthetics Ltd.,BSE only,BSE Equity,,X,Active
3575,INE426H01014,Y,,531802,PRERINFRA,Prerna Infrabuild Limited,BSE only,BSE Equity,,X,Active
3576,INE0R1601012,Y,PRESSTONIC,,,Presstonic Engineering Limited,NSE only,NSE SME (Emerge),SM,,
3577,INE811K01011,Y,PRESTIGE,533274,PRESTIGE,Prestige Estates Projects Limited,NSE+BSE,NSE Mainboard,EQ,A,Active
3578,INE0GAO01018,Y,,543363,PREVEST,Prevest Denpro Limited,BSE only,BSE Equity,,M,Active
3579,INE726V01018,Y,PRICOLLTD,540293,PRICOLLTD,Pricol Limited,NSE+BSE,NSE Mainboard,EQ,A,Active
3580,INE297D01018,Y,,519262,PRIMAGR,Prima Agro Ltd.,BSE only,BSE Equity,,X,Active
3581,INE723N01012,Y,,531246,PRIMAIN,Prima Industries Ltd.,BSE only,BSE Equity,,X,Active
3582,INE13LA01027,Y,,544855,PRIMAINNO,Prima Innovation Limited,BSE only,BSE Equity,,XT,Active
3583,INE573B01016,Y,,530589,PRIMAPLA,Prima Plastics Ltd.,BSE only,BSE Equity,,XT,Active
3584,INE0CQA01020,Y,PRIMECAB,,,Prime Cable Industries Limited,NSE only,NSE SME (Emerge),ST,,
3585,INE748D01010,Y,,535514,PRIMECAPM,Prime Capital Market Limited,BSE only,BSE Equity,,XT,Active
3586,INE442V01012,Y,,540404,PRIMEFRESH,PRIME FRESH LIMITED,BSE only,BSE Equity,,B,Active
3587,INE233C01023,Y,,530695,PRIMEPRO,Prime Property Development Corporation Ltd.,BSE only,BSE Equity,,XT,Active
3588,INE032B01021,Y,PRIMESECU,500337,PRIMESECU,Prime Securities Limited,NSE+BSE,NSE Mainboard,EQ,B,Active
3589,INE419E01024,Y,,521149,PRIMEURB,Prime Urban Development India Ltd,BSE only,BSE Equity,,X,Active
3590,INE543F01028,Y,,519299,PRIMIND,Prime Industries Ltd.,BSE only,BSE Equity,,X,Active
3591,INE607A01022,Y,PRIMO,506852,PRIMO,Primo Chemicals Limited,NSE+BSE,NSE Mainboard,EQ,B,Active
3592,INE689W01016,Y,PRINCEPIPE,542907,PRINCEPIPE,Prince Pipes And Fittings Limited,NSE+BSE,NSE Mainboard,EQ,B,Active
3593,INE429Q01019,Y,,531735,PRISMFN,Prism Finance Ltd.,BSE only,BSE Equity,,P,Active
3594,INE730E01016,Y,,512217,PRISMMEDI,Prism Medico and Pharmacy Ltd.,BSE only,BSE Equity,,X,Active
3595,INE286N01028,Y,,501314,PRISMX,PRISMX GLOBAL VENTURES LIMITED,BSE only,BSE Equity,,X,Active
3596,INE621B01021,Y,,531688,PRITHVIEXCH,Prithvi Exchange (India) Limited,BSE only,BSE Equity,,X,Active
3597,INE974Z01015,Y,PRITI,,,Priti International Limited,NSE only,NSE Mainboard,BE,,
3598,INE0MJQ01020,Y,PRITIKA,,,Pritika Engineering Components Limited,NSE only,NSE SME (Emerge),SM,,
3599,INE583R01029,Y,PRITIKAUTO,539359,PRITIKAUTO,Pritika Auto Industries Limited,NSE+BSE,NSE Mainboard,BE,T,Active
3600,INE959A01019,Y,PRIVISCL,530117,PRIVISCL,Privi Speciality Chemicals Limited,NSE+BSE,NSE Mainboard,EQ,A,Active
3601,INE686C01014,Y,,524580,PRIYALT,Priya Limited.,BSE only,BSE Equity,,X,Active
3602,INE0V9N01017,Y,PRIZOR,,,Prizor Viztech Limited,NSE only,NSE SME (Emerge),ST,,
3603,INE0CFG01012,Y,PRLIND,,,Premier Roadlines Limited,NSE only,NSE SME (Emerge),SM,,
3604,INE438C01010,Y,,540703,PROCLB,PRO CLB GLOBAL LIMITED,BSE only,BSE Equity,,X,Active
3605,INE10XK01019,Y,,544643,PRODOCS,PRODOCS SOLUTIONS LIMITED,BSE only,BSE Equity,,M,Active
3606,INE732K01027,Y,,511557,PROFINC,Pro Fin Capital Services Ltd,BSE only,BSE Equity,,Z,Active
3607,INE0VJT01017,Y,PROFX,,,Pro FX Tech Limited,NSE only,NSE SME (Emerge),SM,,
3608,INE994V01012,Y,PROLIFE,,,Prolife Industries Limited,NSE only,NSE SME (Emerge),SM,,
3609,INE818D01011,Y,,526494,PROMACT,Promact Plastics Limited,BSE only,BSE Equity,,X,Active
3610,INE0I2F01015,Y,,543375,PROMAX,Promax Power Limited,BSE only,BSE Equity,,M,Active
3611,INE0KN801013,Y,PROPEQUITY,,,P. E. Analytics Limited,NSE only,NSE SME (Emerge),SM,,
3612,INE1FFX01018,Y,PROPSHOP,,,Propshop Events and Exhibitions Limited,NSE only,NSE SME (Emerge),ST,,
3613,INE0BX301013,Y,PROSTARM,544410,PROSTARM,Prostarm Info Systems Limited,NSE+BSE,NSE Mainboard,EQ,B,Active
3614,INE004A01022,Y,PROTEAN,544021,PROTEAN,Protean eGov Technologies Limited,NSE+BSE,NSE Mainboard,EQ,A,Active
3615,INE0ONE01016,Y,PROV,,,Proventus Agrocom Limited,NSE only,NSE SME (Emerge),SM,,
3616,INE195N01013,Y,PROZONER,534675,PROZONER,Prozone Realty Limited,NSE+BSE,NSE Mainboard,EQ,B,Active
3617,INE010A01011,Y,PRSMJOHNSN,500338,PRSMJOHNSN,Prism Johnson Limited,NSE+BSE,NSE Mainboard,EQ,B,Active
3618,INE100E01012,Y,,519014,PRSNTIN,Prashant India Ltd,BSE only,BSE Equity,,X,Active
3619,INE00F201020,Y,PRUDENT,543527,PRUDENT,Prudent Corporate Advisory Services Limited,NSE+BSE,NSE Mainboard,EQ,A,Active
3620,INE024D01016,Y,PRUDMOULI,500342,PRUDMOULI,Prudential Sugar Corporation Limited,NSE+BSE,NSE Mainboard,BE,T,Active
3621,INE608A01012,Y,PSB,533295,PSB,Punjab & Sind Bank,NSE+BSE,NSE Mainboard,EQ,B,Active
3622,INE0Q6001012,Y,PSFL,,,Paramount Speciality Forgings Limited,NSE only,NSE SME (Emerge),SM,,
3623,INE953M01033,Y,,505502,PSITINFRA,PS IT Infrastructure & Services Limited,BSE only,BSE Equity,,XT,Active
3624,INE0ABU01016,Y,,544378,PSPL,PDP Shipping & Projects Limited,BSE only,BSE Equity,,M,Active
3625,INE488V01015,Y,PSPPROJECT,540544,PSPPROJECT,PSP Projects Limited,NSE+BSE,NSE Mainboard,EQ,B,Active
3626,INE0XUS01020,Y,PSRAJ,,,P S Raj Steels Limited,NSE only,NSE SME (Emerge),ST,,
3627,INE877F01012,Y,PTC,532524,PTC,PTC India Limited,NSE+BSE,NSE Mainboard,EQ,A,Active
3628,INE596F01018,Y,PTCIL,539006,PTCIL,PTC Industries Limited,NSE+BSE,NSE Mainboard,EQ,A,Active
3629,INE034D01049,Y,PTL,509220,PTL,PTL Enterprises Limited,NSE+BSE,NSE Mainboard,EQ,B,Active
3630,INE183U01022,Y,,512591,PULSRIN,Pulsar International Limited,BSE only,BSE Equity,,X,Active
3631,INE335X01014,Y,PULZ,,,Pulz Electronics Limited,NSE only,NSE SME (Emerge),SM,,
3632,INE07NX01019,Y,,512461,PUNCTRD,Punctual Trading Ltd.,BSE only,BSE Equity,,P,Active
3633,INE277B01014,Y,PUNJABCHEM,506618,PUNJABCHEM,Punjab Chemicals & Crop Protection Limited,NSE+BSE,NSE Mainboard,EQ,B,Active
3634,INE609A01010,Y,,500346,PUNJCOMMU,Punjab Communications Limited,BSE only,BSE Equity,,B,Active
3635,INE795D01011,Y,,530077,PURETROP,PURETROP FRUITS LIMITED,BSE only,BSE Equity,,X,Active
3636,INE898O01010,Y,,523315,PURITY,Purity Flex Pack Ltd,BSE only,BSE Equity,,X,Active
3637,INE147J01012,Y,,538993,PUROHITCON,Purohit Construction Limited,BSE only,BSE Equity,,X,Active
3638,INE905R01016,Y,,540159,PURPLE,PURPLE AGROTECH INDUSTRIES LIMITED,BSE only,BSE Equity,,X,Active
3639,INE0CYK01015,Y,,544191,PURPLEFIN,Purple Finance Limited,BSE only,BSE Equity,,X,Active
3640,INE0P5R01014,Y,PURPLEUTED,,,Purple United Sales Limited,NSE only,NSE SME (Emerge),ST,,
3641,INE0VDK01019,Y,,544627,PURPLEWAVE,PURPLE WAVE INFOCOM LIMITED,BSE only,BSE Equity,,MT,Active
3642,INE729C01020,Y,,538647,PURSHOTTAM,Purshottam Investofin Limited,BSE only,BSE Equity,,X,Active
3643,INE323I01011,Y,PURVA,532891,PURVA,Puravankara Limited,NSE+BSE,NSE Mainboard,EQ,B,Active
3644,INE0R6C01012,Y,PURVFLEXI,,,Purv Flexipack Limited,NSE only,NSE SME (Emerge),SM,,
3645,INE154801018,Y,PUSHPA,,,Pushpa Jewellers Limited,NSE only,NSE SME (Emerge),SM,,
3646,INE362A01016,Y,PVP,517556,PVP,PVP Ventures Limited,NSE+BSE,NSE Mainboard,EQ,B,Active
3647,INE191H01014,Y,PVRINOX,532689,PVRINOX,PVR INOX Limited,NSE+BSE,NSE Mainboard,EQ,A,Active
3648,INE772T01024,Y,PVSL,544144,PVSL,Popular Vehicles and Services Limited,NSE+BSE,NSE Mainboard,EQ,B,Active
3649,INE428B01021,Y,,536659,PVVINFRA,PVV Infra Limited,BSE only,BSE Equity,,X,Active
3650,INE523I01016,Y,,531437,PWASML,Prakash Woollen & Synthetic Mills Ltd,BSE only,BSE Equity,,X,Active
3651,INE0LP301011,Y,PWL,544609,PWL,Physicswallah Limited,NSE+BSE,NSE Mainboard,EQ,B,Active
3652,INE0MIS01010,Y,PYRAMID,543969,PYRAMID,Pyramid Technoplast Limited,NSE+BSE,NSE Mainboard,EQ,B,Active
3653,INE883L01018,Y,,534109,PYXISFIN,Pyxis Finvest Limited,BSE only,BSE Equity,,MT,Active
3654,INE0O1M01015,Y,QFIL,,,Quality Foils (India) Limited,NSE only,NSE SME (Emerge),SM,,
3655,INE837C01013,Y,,538646,QGO,QGO FINANCE LIMITED,BSE only,BSE Equity,,X,Active
3656,INE1G2W01011,Y,QLINE,,,Q-Line Biotech Limited,NSE only,NSE SME (Emerge),SM,,
3657,INE0Q1R01012,Y,,544091,QLL,Qualitek Labs Limited,BSE only,BSE Equity,,M,Active
3658,INE0FMW01018,Y,QMSMEDI,,,QMS Medical Allied Services Limited,NSE only,NSE Mainboard,EQ,,
3659,INE0SII01026,Y,QPOWER,544367,QPOWER,Quality Power Electrical Equipments Limited,NSE+BSE,NSE Mainboard,EQ,B,Active
3660,INE0KAF01018,Y,,543460,QRIL,Quality RO Industries Limited,BSE only,BSE Equity,,M,Active
3661,INE0LRY01011,Y,QUADFUTURE,544336,QUADFUTURE,Quadrant Future Tek Limited,NSE+BSE,NSE Mainboard,EQ,B,Active
3662,INE0GOJ01027,Y,QUADPRO,,,Quadpro Ites Limited,NSE only,NSE SME (Emerge),SM,,
3663,INE373C01019,Y,,530281,QUANTDIA,Quantum Digital Vision (India) Ltd.,BSE only,BSE Equity,,XT,Active
3664,INE615P01015,Y,QUESS,539978,QUESS,Quess Corp Limited,NSE+BSE,NSE Mainboard,EQ,B,Active
3665,INE418C01012,Y,,500069,QUESTCAP,QUEST CAPITAL MARKETS LIMITED,BSE only,BSE Equity,,X,Active
3666,INE0OYE01013,Y,,543982,QUESTFLOW,QUEST FLOW CONTROLS LIMITED,BSE only,BSE Equity,,MT,Active
3667,INE0TNW01017,Y,QUESTLAB,,,Quest Laboratories Limited,NSE only,NSE SME (Emerge),SM,,
3668,INE306L01010,Y,QUICKHEAL,539678,QUICKHEAL,Quick Heal Technologies Limited,NSE+BSE,NSE Mainboard,BE,T,Active
3669,INE0K4D01020,Y,QUICKTOUCH,,,Quicktouch Technologies Limited,NSE only,NSE SME (Emerge),SM,,
3670,INE641R01017,Y,QUINT,539515,QUINT,Quint Digital Limited,NSE+BSE,NSE Mainboard,EQ,B,Active
3671,INE0KZF01015,Y,QVCEL,,,QVC Exports Limited,NSE only,NSE SME (Emerge),SM,,
3672,INE548H01015,Y,,524502,RAAJMEDI,Raaj Medisafe India Limited,BSE only,BSE Equity,,P,Active
3673,INE516P01015,Y,,538540,RAAMA,RAAMA FINANCE LIMITED,BSE only,BSE Equity,,XT,Active
3674,INE084Q01012,Y,RACE,537785,RACE,Race Eco Chain Limited,NSE+BSE,NSE Mainboard,EQ,B,Active
3675,INE0ZN101029,Y,,544503,RACHIT,Rachit Prints Limited,BSE only,BSE Equity,,MT,Active
3676,INE704B01017,Y,RACLGEAR,520073,RACLGEAR,RACL Geartech Limited,NSE+BSE,NSE Mainboard,EQ,B,Active
3677,INE00WY01013,Y,,541703,RACONTEUR,RACONTEUR GLOBAL RESOURCES LIMITED,BSE only,BSE Equity,,M,Active
3678,INE874F01027,Y,RADAAN,590070,RADAAN,Radaan Mediaworks India Limited,NSE+BSE,NSE Mainboard,EQ,B,Active
3679,INE986B01044,Y,,531273,RADHEDE,Radhe Developers (India) ltd.,BSE only,BSE Equity,,X,Active
3680,INE583V01021,Y,RADHIKAJWE,540125,RADHIKAJWE,Radhika Jeweltech Limited,NSE+BSE,NSE Mainboard,EQ,B,Active
3681,INE855R01021,Y,RADIANTCMS,543732,RADIANTCMS,Radiant Cash Management Services Limited,NSE+BSE,NSE Mainboard,EQ,B,Active
3682,INE944F01028,Y,RADICO,532497,RADICO,Radico Khaitan Limited,NSE+BSE,NSE Mainboard,EQ,A,Active
3683,INE919I01024,Y,RADIOCITY,540366,RADIOCITY,Music Broadcast Limited,NSE+BSE,NSE Mainboard,EQ,B,Active
3684,INE430U01019,Y,RADIOWALLA,,,Radiowalla Network Limited,NSE only,NSE SME (Emerge),ST,,
3685,INE576N01014,Y,,531412,RADIXIND,Radix Industries (India) Limited,BSE only,BSE Equity,,X,Active
3686,INE865P01016,Y,,538921,RAFL,Raghuvansh Agrofarms Limited,BSE only,BSE Equity,,M,Active
3687,INE753B01014,Y,,526813,RAGHUNAT,Raghunath International Ltd.,BSE only,BSE Equity,,X,Active
3688,INE969C01022,Y,,514316,RAGHUSYN,Raghuvir Synthetics Ltd.,BSE only,BSE Equity,,X,Active
3689,INE754B01012,Y,,531552,RAGHUTOB,Raghunath Tobacco Co. Ltd.,BSE only,BSE Equity,,X,Active
3690,INE923R01019,Y,,540270,RAIDEEPIND,Raideep Industries Limited,BSE only,BSE Equity,,XT,Active
3691,INE0DD101019,Y,RAILTEL,543265,RAILTEL,Railtel Corporation Of India Limited,NSE+BSE,NSE Mainboard,EQ,A,Active
3692,INE855B01025,Y,RAIN,500339,RAIN,Rain Industries Limited,NSE+BSE,NSE Mainboard,EQ,A,Active
3693,INE961O01016,Y,RAINBOW,543524,RAINBOW,Rainbow Childrens Medicare Limited,NSE+BSE,NSE Mainboard,EQ,A,Active
3694,INE230F01014,Y,,531694,RAINBOWF,Rainbow Foundations Ltd,BSE only,BSE Equity,,X,Active
3695,INE491N01016,Y,,503127,RAJABAH,Raja Bahadur International Ltd,BSE only,BSE Equity,,X,Active
3696,INE0VN801010,Y,,544291,RAJESH,RAJESH POWER SERVICES LIMITED,BSE only,BSE Equity,,M,Active
3697,INE343B01030,Y,RAJESHEXPO,531500,RAJESHEXPO,Rajesh Exports Limited,NSE+BSE,NSE Mainboard,BZ,Z,Active
3698,INE0PCU01012,Y,RAJINDLTD,,,Rajputana Industries Limited,NSE only,NSE SME (Emerge),SM,,
3699,INE016C01014,Y,,526823,RAJINFRA,Rajeswari Infrastructure Limited,BSE only,BSE Equity,,Z,Active
3700,INE176R01014,Y,,539495,RAJKOTINV,Rajkot Investment Trust Limited,BSE only,BSE Equity,,X,Active
3701,INE376L01013,Y,,514028,RAJKSYN,Rajkamal Synthetics Ltd.,BSE only,BSE Equity,,X,Active
3702,INE00KV01022,Y,RAJMET,,,Rajnandini Metal Limited,NSE only,NSE Mainboard,EQ,,
3703,INE685Z01033,Y,,541601,RAJNISH,Rajnish Wellness Limited,BSE only,BSE Equity,,B,Active
3704,INE535F01024,Y,RAJOOENG,522257,RAJOOENG,Rajoo Engineers Limited,NSE+BSE,NSE Mainboard,BE,T,Active
3705,INE639C01013,Y,,530111,RAJPACK,Raj Packaging Industries Ltd.,BSE only,BSE Equity,,X,Active
3706,INE296E01026,Y,RAJPALAYAM,532503,RAJPALAYAM,Rajapalayam Mills Limited,NSE+BSE,NSE Mainboard,EQ,B,Active
3707,INE0VHU01019,Y,RAJPUTANA,,,Rajputana Biodiesel Limited,NSE only,NSE SME (Emerge),SM,,
3708,INE751R01014,Y,,539090,RAJPUTANA,Rajputana Investment and Finance Ltd.,BSE only,BSE Equity,,X,Active
3709,INE451D01029,Y,RAJRATAN,517522,RAJRATAN,Rajratan Global Wire Limited,NSE+BSE,NSE Mainboard,EQ,B,Active
3710,INE533D01032,Y,RAJRILTD,530699,RAJRILTD,Raj Rayon Industries Limited,NSE+BSE,NSE Mainboard,BE,T,Active
3711,INE184D01026,Y,,526873,RAJSEC,RAJASTHAN SECURITIES LIMITED,BSE only,BSE Equity,,X,Active
3712,INE374C01017,Y,,506975,RAJSPTR,Rajasthan Petro Synthetics Ltd.,BSE only,BSE Equity,,P,Active
3713,INE562B01019,Y,RAJSREESUG,500354,RAJSREESUG,Rajshree Sugars & Chemicals Limited,NSE+BSE,NSE Mainboard,EQ,B,Active
3714,INE497E01020,Y,,530253,RAJTUBE,Rajasthan Tube Mfg. Co,BSE only,BSE Equity,,XT,Active
3715,INE952H01027,Y,RAJTV,532826,RAJTV,Raj Television Network Limited,NSE+BSE,NSE Mainboard,EQ,B,Active
3716,INE381N01019,Y,,511185,RAJVI,RAJVI LOGITRADE LIMITED,BSE only,BSE Equity,,X,Active
3717,INE0SK201011,Y,,544236,RAL,Resourceful Automobile Limited,BSE only,BSE Equity,,MT,Active
3718,INE427E01027,Y,,526095,RALEGRA,Ravileela Granites Limited,BSE only,BSE Equity,,XT,Active
3719,INE613A01020,Y,RALLIS,500355,RALLIS,Rallis India Limited,NSE+BSE,NSE Mainboard,EQ,A,Active
3720,INE278B01020,Y,RAMANEWS,500356,RAMANEWS,Shree Rama Newsprint Limited,NSE+BSE,NSE Mainboard,EQ,B,Active
3721,INE809A01032,Y,RAMAPHO,524037,RAMAPHO,Rama Phosphates Limited,NSE+BSE,NSE Mainboard,EQ,B,Active
3722,INE425E01013,Y,,500357,RAMAPPR-B,Rama Paper Mills Limited,BSE only,BSE Equity,,Z,Active
3723,INE230R01035,Y,RAMASTEEL,539309,RAMASTEEL,Rama Steel Tubes Limited,NSE+BSE,NSE Mainboard,BE,T,Active
3724,INE763B01013,Y,,523289,RAMAVISION,Rama Vision Ltd,BSE only,BSE Equity,,X,Active
3725,INE1SJO01012,Y,RAMBHAJO,544803,RAMBHAJO,Advit Jewels Limited,NSE+BSE,NSE Mainboard,EQ,B,Active
3726,INE331A01037,Y,RAMCOCEM,500260,RAMCOCEM,The Ramco Cements Limited,NSE+BSE,NSE Mainboard,EQ,A,Active
3727,INE614A01028,Y,RAMCOIND,532369,RAMCOIND,Ramco Industries Limited,NSE+BSE,NSE Mainboard,EQ,B,Active
3728,INE246B01019,Y,RAMCOSYS,532370,RAMCOSYS,Ramco Systems Limited,NSE+BSE,NSE Mainboard,EQ,B,Active
3729,INE410D01017,Y,,514223,RAMGOPOLY,Ramgopal Polytex Ltd,BSE only,BSE Equity,,XT,Active
3730,INE357B01022,Y,,530951,RAMINFO,RAMINFO LIMITED,BSE only,BSE Equity,,X,Active
3731,INE874I01013,Y,RAMKY,533262,RAMKY,Ramky Infrastructure Limited,NSE+BSE,NSE Mainboard,EQ,B,Active
3732,INE207E01023,Y,RAMRAT,522281,RAMRAT,Ram Ratna Wires Limited,NSE+BSE,NSE Mainboard,EQ,B,Active
3733,INE609D01014,Y,,530925,RAMSONS,Ramsons Projects Ltd.,BSE only,BSE Equity,,X,Active
3734,INE625B01014,Y,RANASUG,507490,RANASUG,Rana Sugars Limited,NSE+BSE,NSE Mainboard,EQ,B,Active
3735,INE821D01031,Y,,531228,RANDER,Rander Corporation Ltd.,BSE only,BSE Equity,,XT,Active
3736,INE384A01010,Y,RANEHOLDIN,505800,RANEHOLDIN,Rane Holdings Limited,NSE+BSE,NSE Mainboard,EQ,B,Active
3737,INE01A501027,Y,,541945,RANJEET,Ranjeet Mechatronics Limited,BSE only,BSE Equity,,M,Active
3738,INE863D01017,Y,,531572,RANJITSE,Ranjit Securities Ltd.,BSE only,BSE Equity,,XT,Active
3739,INE483D01014,Y,,531583,RAP,RAP CORP LIMITED,BSE only,BSE Equity,,X,Active
3740,INE350D01015,Y,,500360,RAPICUT,Rapicut Carbides Ltd.,BSE only,BSE Equity,,XT,Active
3741,INE0QA901010,Y,,544237,RAPID,RAPID MULTIMODAL LOGISTICS LIMITED,BSE only,BSE Equity,,M,Active
3742,INE0QX901013,Y,RAPIDFLEET,,,Rapid Fleet Management Services Limited,NSE only,NSE SME (Emerge),SM,,
3743,INE154M01012,Y,,501351,RAPIDIN,Rapid Investments Ltd.,BSE only,BSE Equity,,X,Active
3744,INE0MVO01012,Y,RAPPID,,,Rappid Valves (India) Limited,NSE only,NSE SME (Emerge),SM,,
3745,INE682D01011,Y,,522207,RASANDIK,Rasandik Engg. Industries India Ltd,BSE only,BSE Equity,,X,Active
3746,INE822D01021,Y,,531233,RASIELEC,Rasi Electrodes Ltd.,BSE only,BSE Equity,,X,Active
3747,INE651D01016,Y,,507966,RASRESOR,Ras Resorts & Apart Hotels Ltd.,BSE only,BSE Equity,,X,Active
3748,INE0CLI01024,Y,RATEGAIN,543417,RATEGAIN,Rategain Travel Technologies Limited,NSE+BSE,NSE Mainboard,EQ,A,Active
3749,INE575I01016,Y,,532918,RATHIBAR,RATHI BARS LIMITED,BSE only,BSE Equity,,X,Active
3750,INE336C01016,Y,,504903,RATHIST,Rathi Steel & Power Ltd,BSE only,BSE Equity,,XT,Active
3751,INE821Y01011,Y,,540796,RATNABHUMI,Ratnabhumi Developers Limited,BSE only,BSE Equity,,B,Active
3752,INE703B01027,Y,RATNAMANI,520111,RATNAMANI,Ratnamani Metals & Tubes Limited,NSE+BSE,NSE Mainboard,EQ,A,Active
3753,INE05CZ01011,Y,RATNAVEER,543978,RATNAVEER,Ratnaveer Precision Engineering Limited,NSE+BSE,NSE Mainboard,EQ,B,Active
3754,INE523K01012,Y,,537840,RAUNAQ,RAUNAQ INTERNATIONAL LIMITED,BSE only,BSE Equity,,XT,Active
3755,INE615A01025,Y,,507300,RAVALSUGAR,The Ravalgaon Sugar Farm Limited,BSE only,BSE Equity,,X,Active
3756,INE0W4D01018,Y,,544629,RAVEL,Ravelcare Limited,BSE only,BSE Equity,,M,Active
3757,INE960Z01014,Y,,541634,RAWEDGE,Raw Edge Industrial Solutions Limited,BSE only,BSE Equity,,B,Active
3758,INE008C01011,Y,,526640,RAYALEMA,Royale Manor Hotels & Industries Lt,BSE only,BSE Equity,,X,Active
3759,INE301A01014,Y,RAYMOND,500330,RAYMOND,Raymond Limited,NSE+BSE,NSE Mainboard,EQ,A,Active
3760,INE02ID01020,Y,RAYMONDLSL,544240,RAYMONDLSL,Raymond Lifestyle Limited,NSE+BSE,NSE Mainboard,EQ,A,Active
3761,INE1SY401010,Y,RAYMONDREL,544420,RAYMONDREL,Raymond Realty Limited,NSE+BSE,NSE Mainboard,EQ,B,Active
3762,INE07T201019,Y,RBA,543248,RBA,Restaurant Brands Asia Limited,NSE+BSE,NSE Mainboard,EQ,A,Active
3763,INE976G01028,Y,RBLBANK,540065,RBLBANK,RBL Bank Limited,NSE+BSE,NSE Mainboard,EQ,A,Active
3764,INE0NA301016,Y,RBMINFRA,,,Rbm Infracon Limited,NSE only,NSE SME (Emerge),SM,,
3765,INE0RJH01010,Y,RBS,,,Ramdevbaba Solvent Limited,NSE only,NSE SME (Emerge),SM,,
3766,INE0PEQ01016,Y,RBZJEWEL,544060,RBZJEWEL,RBZ Jewellers Limited,NSE+BSE,NSE Mainboard,EQ,B,Active
3767,INE0CQ101015,Y,,543285,RCAN,Rajeshwari Cans Limited,BSE only,BSE Equity,,M,Active
3768,INE929D01016,Y,,538707,RCCL,Rajasthan Cylinders & Containers Limited,BSE only,BSE Equity,,X,Active
3769,INE0BZQ01011,Y,RCDL,,,Rajgor Castor Derivatives Limited,NSE only,NSE SME (Emerge),SM,,
3770,INE027A01015,Y,RCF,524230,RCF,Rashtriya Chemicals and Fertilizers Limited,NSE+BSE,NSE Mainboard,EQ,A,Active
3771,INE792P01020,Y,,539673,RCL,Radhagobind Commercial Limited,BSE only,BSE Equity,,Z,Active
3772,INE330H01018,Y,RCOM,532712,RCOM,Reliance Communications Limited,NSE+BSE,NSE Mainboard,BE,T,Active
3773,INE245L01028,Y,,533285,RDBIPL,RDB INFRASTRUCTURE AND POWER LIMITED,BSE only,BSE Equity,,B,Active
3774,INE123M01017,Y,,533608,RDBRL,RDB Rasayans Limited,BSE only,BSE Equity,,X,Active
3775,INE1DKT01011,Y,,544640,RDEL,Riddhi Display Equipments Limited,BSE only,BSE Equity,,M,Active
3776,INE0S5T01017,Y,,544552,RDGAIL,RUKMANI DEVI GARG AGRO IMPEX LIMITED,BSE only,BSE Equity,,M,Active
3777,INE10QL01011,Y,READYMIX,,,Readymix Construction Machinery Limited,NSE only,NSE SME (Emerge),SM,,
3778,INE055E01034,Y,,530053,REALECO,REAL ECO-ENERGY LIMITED,BSE only,BSE Equity,,X,Active
3779,INE020B01018,Y,RECLTD,532955,RECLTD,REC Limited,NSE+BSE,NSE Mainboard,EQ,A,Active
3780,INE2B6701015,Y,,544755,RECODE,RECODE STUDIOS LIMITED,BSE only,BSE Equity,,M,Active
3781,INE891D01026,Y,REDINGTON,532805,REDINGTON,Redington Limited,NSE+BSE,NSE Mainboard,EQ,A,Active
3782,INE0LXT01019,Y,REDTAPE,543957,REDTAPE,Redtape Limited,NSE+BSE,NSE Mainboard,EQ,B,Active
3783,INE0MKO01015,Y,,543617,REETECH,REETECH INTERNATIONAL LIMITED,BSE only,BSE Equity,,M,Active
3784,INE056I01025,Y,REFEX,532884,REFEX,Refex Industries Limited,NSE+BSE,NSE Mainboard,EQ,A,Active
3785,INE0TNX01015,Y,REFRACTORY,,,Refractory Shapes Limited,NSE only,NSE SME (Emerge),SM,,
3786,INE0MHO01029,Y,REGAAL,544485,REGAAL,Regaal Resources Limited,NSE+BSE,NSE Mainboard,BE,T,Active
3787,INE101E01010,Y,,531033,REGAL,Regal Entertainment & Consultants Ltd.,BSE only,BSE Equity,,X,Active
3788,INE043B01028,Y,,517393,REGANTO,REGANTO ENTERPRISES LIMITED,BSE only,BSE Equity,,Z,Active
3789,INE277C01012,Y,REGENCERAM,515018,REGENCERAM,Regency Ceramics Limited,NSE+BSE,NSE Mainboard,EQ,B,Active
3790,INE964R01013,Y,,540175,REGENCY,REGENCY FINCORP LIMITED,BSE only,BSE Equity,,XT,Active
3791,INE769D01016,Y,,512624,REGENTRP,Regent Enterprises Limited,BSE only,BSE Equity,,X,Active
3792,INE745R01024,Y,,543208,REGIS,REGIS INDUSTRIES LIMITED,BSE only,BSE Equity,,X,Active
3793,INE131B01039,Y,RELAXO,530517,RELAXO,Relaxo Footwears Limited,NSE+BSE,NSE Mainboard,EQ,A,Active
3794,INE750D01016,Y,RELCHEMQ,503162,RELCHEMQ,Reliance Chemotex Industries Limited,NSE+BSE,NSE Mainboard,EQ,B,Active
3795,INE375Y01018,Y,RELIABLE,544207,RELIABLE,Reliable Data Services Limited,NSE+BSE,NSE Mainboard,EQ,B,Active
3796,INE419H01019,Y,,532124,RELIABVEN,Reliable Ventures India Ltd,BSE only,BSE Equity,,XT,Active
3797,INE002A01018,Y,RELIANCE,500325,RELIANCE,Reliance Industries Limited,NSE+BSE,NSE Mainboard,EQ,A,Active
3798,INE773T01014,Y,,539760,RELICAB,Relicab Cable Manufacturing Limited,BSE only,BSE Equity,,B,Active
3799,INE452B01013,Y,,511712,RELICTEC,Relic Technologies Ltd.,BSE only,BSE Equity,,X,Active
3800,INE621H01010,Y,RELIGARE,532915,RELIGARE,Religare Enterprises Limited,NSE+BSE,NSE Mainboard,EQ,A,Active
3801,INE036A01016,Y,RELINFRA,500390,RELINFRA,Reliance Infrastructure Limited,NSE+BSE,NSE Mainboard,BE,T,Active
3802,INE206N01018,Y,RELTD,504341,RELTD,Ravindra Energy Limited,NSE+BSE,NSE Mainboard,EQ,B,Active
3803,INE519N01014,Y,,526570,REMAGNET,MIDWEST ENERGY LIMITED,BSE only,BSE Equity,,B,Active
3804,INE158G01015,Y,,513043,REMIEDEL,Remi Edelstahl Tubulars Limited,BSE only,BSE Equity,,X,Active
3805,INE474C01023,Y,REMSONSIND,530919,REMSONSIND,Remsons Industries Limited,NSE+BSE,NSE Mainboard,EQ,B,Active
3806,INE0O5T01011,Y,REMUS,,,Remus Pharmaceuticals Limited,NSE only,NSE SME (Emerge),SM,,
3807,INE087H01022,Y,RENUKA,532670,RENUKA,Shree Renuka Sugars Limited,NSE+BSE,NSE Mainboard,EQ,A,Active
3808,INE612J01015,Y,REPCOHOME,535322,REPCOHOME,Repco Home Finance Limited,NSE+BSE,NSE Mainboard,EQ,B,Active
3809,INE364Z01019,Y,REPL,,,Rudrabhishek Enterprises Limited,NSE only,NSE Mainboard,BE,,
3810,INE15WN01014,Y,,544463,REPONO,REPONO LIMITED,BSE only,BSE Equity,,MT,Active
3811,INE461B01014,Y,REPRO,532687,REPRO,Repro India Limited,NSE+BSE,NSE Mainboard,EQ,B,Active
3812,INE0NYN01016,Y,,543805,RESGEN,RESGEN LIMITED,BSE only,BSE Equity,,M,Active
3813,INE486D01017,Y,,524218,RESONANCE,Resonance Specialties Limited,BSE only,BSE Equity,,XT,Active
3814,INE688D01026,Y,RESPONIND,505509,RESPONIND,Responsive Industries Limited,NSE+BSE,NSE Mainboard,EQ,B,Active
3815,INE401B01010,Y,,538273,RESPONSINF,Response Informatics Limited,BSE only,BSE Equity,,X,Active
3816,INE298E01022,Y,,515085,RESTILE,Restile Ceramics Ltd.,BSE only,BSE Equity,,X,Active
3817,INE0KWJ01014,Y,,544391,RETAGGIO,Retaggio Industries Limited,BSE only,BSE Equity,,M,Active
3818,INE03DD01011,Y,RETAIL,544197,RETAIL,JHS Svendgaard Retail Ventures Limited,NSE+BSE,NSE Mainboard,EQ,B,Active
3819,INE0NTC01019,Y,,543902,RETINA,Retina Paints Limited,BSE only,BSE Equity,,M,Active
3820,INE687C01012,Y,,531888,REXNORD,Rexnord Electronics & Controls Ltd.,BSE only,BSE Equity,,XT,Active
3821,INE00D001018,Y,REXPIPES,,,Rex Pipes And Cables Industries Limited,NSE only,NSE SME (Emerge),SM,,
3822,INE113601012,Y,REXPRO,,,Rexpro Enterprises Limited,NSE only,NSE SME (Emerge),SM,,
3823,INE0MFT01014,Y,,543744,REXSEAL,Rex Sealing and Packing Industries Limited,BSE only,BSE Equity,,M,Active
3824,INE0V2V01015,Y,RFBL,,,RFBL Flexi Pack Limited,NSE only,NSE SME (Emerge),ST,,
3825,INE1GM501015,Y,,544771,RFIL,Rajnandini Fashion India Limited,BSE only,BSE Equity,,M,Active
3826,INE239B01014,Y,,511740,RFL,RUPAREL FOOD PRODUCTS LIMITED,BSE only,BSE Equity,,X,Active
3827,INE018S01016,Y,,543256,RFLL,RITA FINANCE AND LEASING LIMITED,BSE only,BSE Equity,,X,Active
3828,INE201C01012,Y,,539435,RFSL,Richfield Financial Services Ltd.,BSE only,BSE Equity,,X,Active
3829,INE836D01013,Y,,539691,RGCORP,REAL GROWTH CORPORATION LIMITED,BSE only,BSE Equity,,XT,Active
3830,INE684D01025,Y,,539669,RGF,RGF Capital Markets Limited,BSE only,BSE Equity,,XT,Active
3831,INE364S01014,Y,,539922,RGIL,Rotographics (India) Limited,BSE only,BSE Equity,,XT,Active
3832,INE722H01024,Y,RGL,532923,RGL,Renaissance Global Limited,NSE+BSE,NSE Mainboard,EQ,B,Active
3833,INE601N01010,Y,,519191,RGRL,Retro Green Revolution Limited,BSE only,BSE Equity,,Z,Active
3834,INE0KKN01029,Y,RHETAN,543590,RHETAN,Rhetan TMT Limited,NSE+BSE,NSE Mainboard,EQ,B,Active
3835,INE217K01011,Y,RHFL,540709,RHFL,Reliance Home Finance Limited,NSE+BSE,NSE Mainboard,BZ,Z,Active
3836,INE743M01012,Y,RHIM,534076,RHIM,RHI MAGNESITA INDIA LIMITED,NSE+BSE,NSE Mainboard,EQ,A,Active
3837,INE508K01013,Y,RHL,543901,RHL,Robust Hotels Limited,NSE+BSE,NSE Mainboard,EQ,B,Active
3838,INE811H01017,Y,,531952,RIBATEX,Riba Textiles Ltd.,BSE only,BSE Equity,,XT,Active
3839,INE0J1P01015,Y,RICHA,,,Richa Info Systems Limited,NSE only,NSE SME (Emerge),ST,,
3840,INE652D01014,Y,,530271,RICHUNV,Rich Universe Network Ltd,BSE only,BSE Equity,,XT,Active
3841,INE209B01025,Y,RICOAUTO,520008,RICOAUTO,Rico Auto Industries Limited,NSE+BSE,NSE Mainboard,EQ,B,Active
3842,INE249D01019,Y,,524480,RIDDHI,Riddhi Siddhi Gluco Biols Ltd,BSE only,BSE Equity,,XT,Active
3843,INE325X01015,Y,,540590,RIDDHICORP,Riddhi Corporate Services Limited,BSE only,BSE Equity,,X,Active
3844,INE07LK01010,Y,,504365,RIDHISYN,Ridhi Synthetics Ltd.,BSE only,BSE Equity,,XT,Active
3845,INE046A01015,Y,RIIL,523445,RIIL,Reliance Industrial Infrastructure Limited,NSE+BSE,NSE Mainboard,EQ,B,Active
3846,INE0CFH01028,Y,,544340,RIKHAV,Rikhav Securities Limited,BSE only,BSE Equity,,M,Active
3847,INE02OY01016,Y,RILINFRA,,,Rachana Infrastructure Limited,NSE only,NSE SME (Emerge),SM,,
3848,INE302D01024,Y,RIR,517035,RIR,RIR Power Electronics Limited,NSE+BSE,NSE Mainboard,EQ,B,Active
3849,INE001O01029,Y,,530251,RISAINTL,Risa International Limited,BSE only,BSE Equity,,X,Active
3850,INE0N2P01017,Y,RISHABH,543977,RISHABH,Rishabh Instruments Limited,NSE+BSE,NSE Mainboard,EQ,B,Active
3851,INE864D01015,Y,,531539,RISHDIGA,Rishabh Digha Steel And Allied Prod,BSE only,BSE Equity,,X,Active
3852,INE988D01012,Y,,526861,RISHILASE,Rishi Laser  Ltd.,BSE only,BSE Equity,,X,Active
3853,INE582D01013,Y,,526492,RISHIROOP,Rishiroop Limited,BSE only,BSE Equity,,X,Active
3854,INE989D01010,Y,,523021,RISHITECH,Rishi Techtex Limited,BSE only,BSE Equity,,X,Active
3855,INE351D01013,Y,,514177,RISHYRN,Rishabh Special Yarns Ltd,BSE only,BSE Equity,,X,Active
3856,INE01EG01016,Y,RITCO,542383,RITCO,Ritco Logistics Limited,NSE+BSE,NSE Mainboard,EQ,B,Active
3857,INE320J01015,Y,RITES,541556,RITES,RITES Limited,NSE+BSE,NSE Mainboard,EQ,A,Active
3858,INE534D01014,Y,,519097,RITESHIN,Ritesh International Ltd,BSE only,BSE Equity,,XT,Active
3859,INE0MRA01019,Y,RITEZONE,,,Rite Zone Chemcon India Limited,NSE only,NSE SME (Emerge),SM,,
3860,INE819Y01015,Y,,540843,RITHWIKFMS,Rithwik Facility Management Services Limited,BSE only,BSE Equity,,MT,Active
3861,INE0KYI01012,Y,,544804,RIYAASAT,Riyaasat Lifestyle Limited,BSE only,BSE Equity,,M,Active
3862,INE712Z01019,Y,,509845,RJSHAH,R.J. Shah & Co. Ltd.,BSE only,BSE Equity,,P,Active
3863,INE552N01023,Y,,511169,RKDAGRRTL,RKD AGRI & RETAIL LIMITED,BSE only,BSE Equity,,XT,Active
3864,INE722J01012,Y,RKDL,533294,RKDL,Ravi Kumar Distilleries Limited,NSE+BSE,NSE Mainboard,EQ,B,Active
3865,INE786W01010,Y,RKEC,,,RKEC Projects Limited,NSE only,NSE Mainboard,EQ,,
3866,INE399G01023,Y,RKFORGE,532527,RKFORGE,Ramkrishna Forgings Limited,NSE+BSE,NSE Mainboard,EQ,A,Active
3867,INE0NQ801033,Y,RKSWAMY,544136,RKSWAMY,R K Swamy Limited,NSE+BSE,NSE Mainboard,EQ,B,Active
3868,INE629C01014,Y,,512618,RLF,RLF Ltd.,BSE only,BSE Equity,,X,Active
3869,INE655V01019,Y,RMC,540358,RMC,RMC Switchgears Limited,NSE+BSE,NSE Mainboard,EQ,B,Active
3870,INE219Y01026,Y,RMDRIP,544456,RMDRIP,R M Drip and Sprinklers Systems Limited,NSE+BSE,NSE Mainboard,BE,T,Active
3871,INE050H01012,Y,RML,532661,RML,Rane (Madras) Limited,NSE+BSE,NSE Mainboard,EQ,B,Active
3872,INE012Q01039,Y,RNBDENIMS,538119,RNBDENIMS,R&B Denims Limited,NSE+BSE,NSE Mainboard,EQ,B,Active
3873,INE0SA001017,Y,RNFI,,,RNFI Services Limited,NSE only,NSE SME (Emerge),SM,,
3874,INE335Q01026,Y,,517286,RNITAI,RNIT AI SOLUTIONS LIMITED,BSE only,BSE Equity,,X,Active
3875,INE0VZX01015,Y,RNPL,,,Renol Polychem Limited,NSE only,NSE SME (Emerge),SM,,
3876,INE0OLH01013,Y,,543787,ROBU,Macfos Limited,BSE only,BSE Equity,,M,Active
3877,INE0PTR01012,Y,ROCKINGDCE,,,Rockingdeals Circular Economy Limited,NSE only,NSE SME (Emerge),SM,,
3878,INE513E01024,Y,,531822,RODIUM,Rodium Realty Limited,BSE only,BSE Equity,,X,Active
3879,INE283H01019,Y,ROHLTD,532699,ROHLTD,Royal Orchid Hotels Limited,NSE+BSE,NSE Mainboard,EQ,B,Active
3880,INE0BDU01028,Y,,543171,ROJL,RO Jewels Limited,BSE only,BSE Equity,,B,Active
3881,INE775R01013,Y,,505807,ROLCOEN,Rolcon Engineering Co. Ltd.,BSE only,BSE Equity,,P,Active
3882,INE645S01024,Y,ROLEXRINGS,543325,ROLEXRINGS,Rolex Rings Limited,NSE+BSE,NSE Mainboard,EQ,B,Active
3883,INE927A01040,Y,ROLLT,502448,ROLLT,Rollatainers Limited,NSE+BSE,NSE Mainboard,BE,T,Active
3884,INE294G01026,Y,ROML,533093,ROML,Raj Oil Mills Limited,NSE+BSE,NSE Mainboard,EQ,B,Active
3885,INE02AP01013,Y,,542145,RONI,Roni Households Limited,BSE only,BSE Equity,,M,Active
3886,INE443C01010,Y,,530991,ROOPAIND,Roopa Industries Ltd.,BSE only,BSE Equity,,X,Active
3887,INE03WT01017,Y,,542599,ROOPSHRI,Roopshri Resorts Limited,BSE only,BSE Equity,,MT,Active
3888,INE475C01012,Y,,531324,ROSELABS,Roselabs Finance Ltd.,BSE only,BSE Equity,,X,Active
3889,INE649C01012,Y,,512115,ROSEMER,Rose Merc.Limited,BSE only,BSE Equity,,X,Active
3890,INE02A801020,Y,ROSSARI,543213,ROSSARI,Rossari Biotech Limited,NSE+BSE,NSE Mainboard,EQ,B,Active
3891,INE847C01020,Y,ROSSELLIND,533168,ROSSELLIND,Rossell India Limited,NSE+BSE,NSE Mainboard,EQ,B,Active
3892,INE0OJW01016,Y,ROSSTECH,544294,ROSSTECH,Rossell Techsys Limited,NSE+BSE,NSE Mainboard,EQ,B,Active
3893,INE535D01037,Y,ROTO,517500,ROTO,Roto Pumps Limited,NSE+BSE,NSE Mainboard,EQ,B,Active
3894,INE450U01017,Y,ROUTE,543228,ROUTE,ROUTE MOBILE LIMITED,NSE+BSE,NSE Mainboard,EQ,B,Active
3895,INE0PDJ01013,Y,ROXHITECH,,,Rox Hi Tech Limited,NSE only,NSE SME (Emerge),SM,,
3896,INE0QQG01019,Y,,544143,ROYAL,Royal Sense Limited,BSE only,BSE Equity,,M,Active
3897,INE0EO401019,Y,ROYALARC,,,Royal Arc Electrodes Limited,NSE only,NSE SME (Emerge),SM,,
3898,INE618A01011,Y,,526193,ROYALCU,Royal Cushion Vinyl Products Ltd.,BSE only,BSE Equity,,X,Active
3899,INE510H01015,Y,,512047,ROYALIND,Royal India Corporation Limited,BSE only,BSE Equity,,X,Active
3900,INE912T01018,Y,RPEL,539837,RPEL,Raghav Productivity Enhancers Limited,NSE+BSE,NSE Mainboard,EQ,B,Active
3901,INE105J01010,Y,RPGLIFE,532983,RPGLIFE,RPG Life Sciences Limited,NSE+BSE,NSE Mainboard,EQ,B,Active
3902,INE614G01033,Y,RPOWER,532939,RPOWER,Reliance Power Limited,NSE+BSE,NSE Mainboard,EQ,A,Active
3903,INE324L01013,Y,RPPINFRA,533284,RPPINFRA,R.P.P. Infra Projects Limited,NSE+BSE,NSE Mainboard,EQ,B,Active
3904,INE760W01023,Y,RPPL,,,Rajshree Polypack Limited,NSE only,NSE Mainboard,BE,,
3905,INE425Y01011,Y,RPSGVENT,542333,RPSGVENT,RPSG VENTURES LIMITED,NSE+BSE,NSE Mainboard,EQ,B,Active
3906,INE0J1F01024,Y,RPTECH,544119,RPTECH,Rashi Peripherals Limited,NSE+BSE,NSE Mainboard,EQ,B,Active
3907,INE0AK901016,Y,,544346,RRECL,RDB Real Estate Constructions Limited,BSE only,BSE Equity,,X,Active
3908,INE786J01033,Y,,530525,RRETAIL,RAJNISH RETAIL LIMITED,BSE only,BSE Equity,,X,Active
3909,INE229D01011,Y,,511626,RRFIN,R.R.Financial Consultants Ltd.,BSE only,BSE Equity,,XT,Active
3910,INE951M01037,Y,RRIL,531307,RRIL,RRIL Limited,NSE+BSE,NSE Mainboard,EQ,B,Active
3911,INE777K01022,Y,RRKABEL,543981,RRKABEL,R R Kabel Limited,NSE+BSE,NSE Mainboard,EQ,A,Active
3912,INE117K01013,Y,,531667,RRMETAL,RR METALMAKERS INDIA LIMITED,BSE only,BSE Equity,,XT,Active
3913,INE474H01014,Y,,530917,RRSECUR,R.R.Securities Ltd.,BSE only,BSE Equity,,P,Active
3914,INE015F01019,Y,,530179,RSCINT,RSC International Limited,BSE only,BSE Equity,,XT,Active
3915,INE616F01022,Y,RSDFIN,539875,RSDFIN,RSD Finance Limited,NSE+BSE,NSE Mainboard,BE,T,Active
3916,INE313L01016,Y,RSL,544731,RSL,Rajputana Stainless Limited,NSE+BSE,NSE Mainboard,EQ,B,Active
3917,INE165B01029,Y,RSSOFTWARE,517447,RSSOFTWARE,R. S. Software (India) Limited,NSE+BSE,NSE Mainboard,EQ,B,Active
3918,INE367U01013,Y,,540082,RSTL,Riddhi Steel and Tube Limited,BSE only,BSE Equity,,MT,Active
3919,INE611A01016,Y,RSWM,500350,RSWM,RSWM Limited,NSE+BSE,NSE Mainboard,BE,T,Active
3920,INE411H01032,Y,RSYSTEMS,532735,RSYSTEMS,R Systems International Limited,NSE+BSE,NSE Mainboard,EQ,B,Active
3921,INE840I01014,Y,,538611,RTFL,Real Touch Finance Limited,BSE only,BSE Equity,,Z,Active
3922,INE14W901010,Y,RTL,,,Rama Telecom Limited,NSE only,NSE SME (Emerge),SM,,
3923,INE834M01019,Y,RTNINDIA,534597,RTNINDIA,RattanIndia Enterprises Limited,NSE+BSE,NSE Mainboard,EQ,B,Active
3924,INE399K01017,Y,RTNPOWER,533122,RTNPOWER,RattanIndia Power Limited,NSE+BSE,NSE Mainboard,EQ,A,Active
3925,INE005C01017,Y,,531215,RTSPOWR,RTS Power Corporation Ltd.,BSE only,BSE Equity,,X,Active
3926,INE642C01025,Y,RUBFILA,500367,RUBFILA,Rubfila International Limited,NSE+BSE,NSE Mainboard,EQ,B,Active
3927,INE506V01022,Y,RUBICON,544578,RUBICON,Rubicon Research Limited,NSE+BSE,NSE Mainboard,EQ,B,Active
3928,INE301D01026,Y,RUBYMILLS,503169,RUBYMILLS,The Ruby Mills Limited,NSE+BSE,NSE Mainboard,BE,T,Active
3929,INE413B01023,Y,RUCHINFRA,509020,RUCHINFRA,Ruchi Infrastructure Limited,NSE+BSE,NSE Mainboard,EQ,B,Active
3930,INE803H01014,Y,RUCHIRA,532785,RUCHIRA,Ruchira Papers Limited,NSE+BSE,NSE Mainboard,EQ,B,Active
3931,INE027T01023,Y,RUDRA,539226,RUDRA,Rudra Global Infra Products Limited,NSE+BSE,NSE Mainboard,EQ,B,Active
3932,INE723D01021,Y,,514010,RUDRAECO,RUDRA ECOVATION LIMITED,BSE only,BSE Equity,,X,Active
3933,INE0OYK01010,Y,,544121,RUDRAGAS,Rudra Gas Enterprise Limited,BSE only,BSE Equity,,M,Active
3934,INE0R7301013,Y,RULKA,,,Rulka Electricals Limited,NSE only,NSE SME (Emerge),SM,,
3935,INE347C01013,Y,,530449,RUNGTAIR,Rungta Irrigation Ltd.,BSE only,BSE Equity,,X,Active
3936,INE895B01021,Y,RUPA,533552,RUPA,Rupa & Company Limited,NSE+BSE,NSE Mainboard,EQ,B,Active
3937,INE573K01025,Y,RUSHIL,533470,RUSHIL,Rushil Decor Limited,NSE+BSE,NSE Mainboard,EQ,B,Active
3938,INE263M01029,Y,RUSTOMJEE,543669,RUSTOMJEE,Keystone Realtors Limited,NSE+BSE,NSE Mainboard,EQ,B,Active
3939,INE09E501017,Y,RVHL,543251,RVHL,Ravinder Heights Limited,NSE+BSE,NSE Mainboard,EQ,B,Active
3940,INE415G01027,Y,RVNL,542649,RVNL,Rail Vikas Nigam Limited,NSE+BSE,NSE Mainboard,EQ,A,Active
3941,INE0DAB01012,Y,RVTH,544246,RVTH,Revathi Equipment India Limited,NSE+BSE,NSE Mainboard,EQ,B,Active
3942,INE902B01017,Y,S&SPOWER,517273,S&SPOWER,S&S Power Switchgears Limited,NSE+BSE,NSE Mainboard,EQ,B,Active
3943,INE0PSK01027,Y,SAAKSHI,,,Saakshi Medtech and Panels Limited,NSE only,NSE SME (Emerge),ST,,
3944,INE13B501022,Y,SAATVIKGL,544526,SAATVIKGL,Saatvik Green Energy Limited,NSE+BSE,NSE Mainboard,EQ,B,Active
3945,INE137M01017,Y,,539112,SAB,SAB INDUSTRIES LIMITED,BSE only,BSE Equity,,X,Active
3946,INE0DZ101013,Y,SABAR,,,Sabar Flex India Limited,NSE only,NSE SME (Emerge),SM,,
3947,INE440C01016,Y,,530461,SABOOSOD,Saboo Sodium Chloro Ltd.,BSE only,BSE Equity,,X,Active
3948,INE1ARD01016,Y,SACHEEROME,,,Sacheerome Limited,NSE only,NSE SME (Emerge),SM,,
3949,INE433G01020,Y,,531869,SACHEMT,Sacheta Metals Ltd.,BSE only,BSE Equity,,X,Active
3950,INE226H01026,Y,SADBHAV,532710,SADBHAV,Sadbhav Engineering Limited,NSE+BSE,NSE Mainboard,EQ,B,Active
3951,INE764L01010,Y,SADBHIN,539346,SADBHIN,Sadbhav Infrastructure Project Limited,NSE+BSE,NSE Mainboard,BE,T,Active
3952,INE0K5H01010,Y,SADHAV,,,Sadhav Shipping Limited,NSE only,NSE SME (Emerge),SM,,
3953,INE888C01040,Y,SADHNANIQ,506642,SADHNANIQ,Sadhana Nitrochem Limited,NSE+BSE,NSE Mainboard,BE,T,Active
3954,INE118B01010,Y,,526477,SAENTER,South Asian Enteprises Ltd.,BSE only,BSE Equity,,X,Active
3955,INE429E01023,Y,SAFARI,523025,SAFARI,Safari Industries (India) Limited,NSE+BSE,NSE Mainboard,EQ,A,Active
3956,INE0Q3401017,Y,,544257,SAFE,Sodhani Academy of Fintech Enablers Limited,BSE only,BSE Equity,,M,Active
3957,INE0SVZ01015,Y,,544596,SAFECURE,Safecure Services Limited,BSE only,BSE Equity,,M,Active
3958,INE17D601016,Y,SAFEENTP,,,Safe Enterprises Retail Fixtures Limited,NSE only,NSE SME (Emerge),SM,,
3959,INE474D01013,Y,,531436,SAFFRON,Saffron Industries Limited,BSE only,BSE Equity,,X,Active
3960,INE976T01013,Y,SAGARDEEP,,,Sagardeep Alloys Limited,NSE only,NSE Mainboard,EQ,,
3961,INE184B01012,Y,,540143,SAGARSOFT,Sagarsoft (India) Limited,BSE only,BSE Equity,,X,Active
3962,INE771Z01015,Y,,511254,SAGARSYST,Sagar Systech Ltd.,BSE only,BSE Equity,,XT,Active
3963,INE229C01021,Y,SAGCEM,502090,SAGCEM,Sagar Cements Limited,NSE+BSE,NSE Mainboard,EQ,B,Active
3964,INE0W2G01015,Y,SAGILITY,544282,SAGILITY,SAGILITY LIMITED,NSE+BSE,NSE Mainboard,EQ,A,Active
3965,INE0P4701011,Y,SAHAJSOLAR,,,Sahaj Solar Limited,NSE only,NSE SME (Emerge),SM,,
3966,INE0LEX01011,Y,SAHANA,,,Sahana System Limited,NSE only,NSE SME (Emerge),SM,,
3967,INE135C01012,Y,,511533,SAHARAHOUS,Sahara HousingFina Corporation Ltd.,BSE only,BSE Equity,,X,Active
3968,INE0RBQ01018,Y,SAHASRA,,,Sahasra Electronic Solutions Limited,NSE only,NSE SME (Emerge),ST,,
3969,INE861D01011,Y,SAHLIBHFI,511754,SAHLIBHFI,Shalibhadra Finance Limited,NSE+BSE,NSE Mainboard,EQ,B,Active
3970,INE280H01015,Y,SAHYADRI,532841,SAHYADRI,Sahyadri Industries Limited,NSE+BSE,NSE Mainboard,EQ,B,Active
3971,INE531X01018,Y,,531931,SAICAPI,Sai Capital Ltd.,BSE only,BSE Equity,,X,Active
3972,INE092G01024,Y,,512097,SAICOM,Saianand Commercial Limited,BSE only,BSE Equity,,X,Active
3973,INE0PZA01015,Y,SAIFL,,,Sameera Agro And Infra Limited,NSE only,NSE SME (Emerge),SM,,
3974,INE114A01011,Y,SAIL,500113,SAIL,Steel Authority of India Limited,NSE+BSE,NSE Mainboard,EQ,A,Active
3975,INE0KHQ01010,Y,,543541,SAILANI,SAILANI TOURS N TRAVELS LIMITED,BSE only,BSE Equity,,M,Active
3976,INE570L01029,Y,SAILIFE,544306,SAILIFE,Sai Life Sciences Limited,NSE+BSE,NSE Mainboard,EQ,A,Active
3977,INE584B01013,Y,,530265,SAINIK,Sainik Finance and Industries Ltd,BSE only,BSE Equity,,X,Active
3978,INE0H9F01037,Y,SAIPARENT,544742,SAIPARENT,Sai Parenterals Limited,NSE+BSE,NSE Mainboard,EQ,B,Active
3979,INE00MT01022,Y,SAJHOTELS,,,Saj Hotels Limited,NSE only,NSE SME (Emerge),ST,,
3980,INE732S01012,Y,SAKAR,,,Sakar Healthcare Limited,NSE only,NSE Mainboard,EQ,,
3981,INE623A01011,Y,SAKHTISUG,507315,SAKHTISUG,Sakthi Sugars Limited,NSE+BSE,NSE Mainboard,EQ,B,Active
3982,INE667G01023,Y,SAKSOFT,590051,SAKSOFT,Saksoft Limited,NSE+BSE,NSE Mainboard,EQ,B,Active
3983,INE302E01014,Y,,511066,SAKTHIFIN,Sakthi Finance Ltd.,BSE only,BSE Equity,,X,Active
3984,INE190H01024,Y,SAKUMA,532713,SAKUMA,Sakuma Exports Limited,NSE+BSE,NSE Mainboard,EQ,B,Active
3985,INE170V01027,Y,SALASAR,540642,SALASAR,Salasar Techno Engineering Limited,NSE+BSE,NSE Mainboard,EQ,B,Active
3986,INE724G01014,Y,,539353,SALAUTO,SAL AUTOMOTIVE LIMITED,BSE only,BSE Equity,,X,Active
3987,INE894E01028,Y,,540181,SALEM,Salem Erode Investments Ltd.,BSE only,BSE Equity,,X,Active
3988,INE159C01012,Y,,526554,SALGUTI,Salguti Industries Ltd.,BSE only,BSE Equity,,X,Active
3989,INE498E01010,Y,SALONA,590056,SALONA,Salona Cotspin Limited,NSE+BSE,NSE Mainboard,EQ,B,Active
3990,INE924A01013,Y,,500370,SALORAINTL,Salora International Limited,BSE only,BSE Equity,,X,Active
3991,INE315N01017,Y,,503635,SALSAIN,Shree Salasar Investment Ltd.,BSE only,BSE Equity,,XT,Active
3992,INE658G01014,Y,SALSTEEL,532604,SALSTEEL,S.A.L. Steel Limited,NSE+BSE,NSE Mainboard,EQ,B,Active
3993,INE457F01013,Y,SALZERELEC,517059,SALZERELEC,Salzer Electronics Limited,NSE+BSE,NSE Mainboard,EQ,B,Active
3994,INE124101010,Y,SAMAY,,,Samay Project Services Limited,NSE only,NSE SME (Emerge),ST,,
3995,INE304D01012,Y,,521240,SAMBANDAM,Sambandam Spinning Mills Ltd.,BSE only,BSE Equity,,X,Active
3996,INE699B01027,Y,SAMBHAAV,511630,SAMBHAAV,Sambhaav Media Limited,NSE+BSE,NSE Mainboard,EQ,B,Active
3997,INE12NJ01018,Y,SAMBHV,544430,SAMBHV,Sambhv Steel Tubes Limited,NSE+BSE,NSE Mainboard,EQ,B,Active
3998,INE08U801020,Y,SAMHI,543984,SAMHI,Samhi Hotels Limited,NSE+BSE,NSE Mainboard,EQ,A,Active
3999,INE653D01012,Y,,532005,SAMINDUS,Sam Industries Ltd.,BSE only,BSE Equity,,X,Active
4000,INE706B01012,Y,,520075,SAMKRG,Samkrg Pistons and Rings Ltd.,BSE only,BSE Equity,,X,Active
4001,INE148I01020,Y,SAMMAANCAP,535789,SAMMAANCAP,Sammaan Capital Limited,NSE+BSE,NSE Mainboard,EQ,A,Active
4002,INE0GD201014,Y,,543376,SAMOR,Samor Reality Limited,BSE only,BSE Equity,,B,Active
4003,INE735M01018,Y,SAMPANN,534598,SAMPANN,Sampann Utpadan India Limited,NSE+BSE,NSE Mainboard,EQ,B,Active
4004,INE10XS01012,Y,,544520,SAMPAT,SAMPAT ALUMINIUM LIMITED,BSE only,BSE Equity,,MT,Active
4005,INE375C01022,Y,,530617,SAMPRE,Sampre Nutritions Ltd.,BSE only,BSE Equity,,X,Active
4006,INE412J01010,Y,,543229,SAMRATFORG,Samrat Forgings Limited,BSE only,BSE Equity,,X,Active
4007,INE103E01016,Y,,530125,SAMRATPH,Samrat Pharmachem Ltd.,BSE only,BSE Equity,,X,Active
4008,INE579N01018,Y,,539267,SAMSRITA,SAMSRITA LABS LIMITED,BSE only,BSE Equity,,X,Active
4009,INE538C01017,Y,,500371,SAMTELIN,Samtel (India) Ltd.,BSE only,BSE Equity,,XT,Active
4010,INE931D01020,Y,,521206,SAMTEX,Samtex Fashions Ltd.,BSE only,BSE Equity,,X,Active
4011,INE607G01011,Y,,530025,SAMYAKINT,Samyak International Limited,BSE only,BSE Equity,,X,Active
4012,INE0JPD01013,Y,SANATHAN,544314,SANATHAN,Sanathan Textiles Limited,NSE+BSE,NSE Mainboard,EQ,B,Active
4013,INE602D01027,Y,,521222,SANBLUE,Sanblue Corporation Limited,BSE only,BSE Equity,,X,Active
4014,INE654D01010,Y,,511563,SANCF,Sanchay Finvest Ltd,BSE only,BSE Equity,,Z,Active
4015,INE0P7001013,Y,,543897,SANCODE,Sancode Technologies Limited,BSE only,BSE Equity,,MT,Active
4016,INE391G01012,Y,,523116,SANCTRN,Sanco Trans Ltd.,BSE only,BSE Equity,,X,Active
4017,INE583B01015,Y,SANDESH,526725,SANDESH,The Sandesh Limited,NSE+BSE,NSE Mainboard,EQ,B,Active
4018,INE278H01035,Y,SANDHAR,541163,SANDHAR,Sandhar Technologies Limited,NSE+BSE,NSE Mainboard,EQ,B,Active
4019,INE149K01016,Y,SANDUMA,504918,SANDUMA,Sandur Manganese & Iron Ores Limited,NSE+BSE,NSE Mainboard,EQ,A,Active
4020,INE751D01014,Y,,524703,SANDUPHQ,Sandu Pharmaceuticals Ltd.,BSE only,BSE Equity,,X,Active
4021,INE475D01010,Y,,538714,SANGAMFIN,Sangam Finserv Limited,BSE only,BSE Equity,,X,Active
4022,INE495C01010,Y,SANGAMIND,514234,SANGAMIND,Sangam (India) Limited,NSE+BSE,NSE Mainboard,EQ,B,Active
4023,INE0OVI01010,Y,SANGANI,,,Sangani Hospitals Limited,NSE only,NSE SME (Emerge),SM,,
4024,INE989A01032,Y,SANGHVIMOV,530073,SANGHVIMOV,Sanghvi Movers Limited,NSE+BSE,NSE Mainboard,EQ,B,Active
4025,INE753W01010,Y,SANGINITA,,,Sanginita Chemicals Limited,NSE only,NSE Mainboard,BE,,
4026,INE799C01049,Y,,532435,SANINFRA,Sanmit Infra Limited,BSE only,BSE Equity,,XT,Active
4027,INE860D01013,Y,,531569,SANJIVIN,Sanjivani Paranteral Ltd.,BSE only,BSE Equity,,X,Active
4028,INE058A01010,Y,SANOFI,500674,SANOFI,Sanofi India Limited,NSE+BSE,NSE Mainboard,EQ,A,Active
4029,INE0UOS01011,Y,SANOFICONR,544250,SANOFICONR,Sanofi Consumer Healthcare India Limited,NSE+BSE,NSE Mainboard,EQ,B,Active
4030,INE384D01022,Y,,516096,SANPA,Sangal Papers Ltd.,BSE only,BSE Equity,,X,Active
4031,INE953O01021,Y,SANSERA,543358,SANSERA,Sansera Engineering Limited,NSE+BSE,NSE Mainboard,EQ,A,Active
4032,INE08NE01025,Y,SANSTAR,544217,SANSTAR,Sanstar Limited,NSE+BSE,NSE Mainboard,EQ,B,Active
4033,INE589J01015,Y,,514280,SANTETX,Sanrhea Technical Textiles Ltd.,BSE only,BSE Equity,,X,Active
4034,INE890C01046,Y,SANWARIA,519260,SANWARIA,Sanwaria Consumer Limited,NSE+BSE,NSE Mainboard,BZ,Z,Active
4035,INE002E01010,Y,,538992,SAPL,Sar  Auto Products Limited,BSE only,BSE Equity,,XT,Active
4036,INE806T01020,Y,SAPPHIRE,543397,SAPPHIRE,Sapphire Foods India Limited,NSE+BSE,NSE Mainboard,EQ,A,Active
4037,INE185C01017,Y,SAPPL,538795,SAPPL,Shree Ajit Pulp & Paper Limited,NSE+BSE,NSE Mainboard,EQ,B,Active
4038,INE385C01021,Y,SARDAEN,504614,SARDAEN,Sarda Energy & Minerals Limited,NSE+BSE,NSE Mainboard,EQ,A,Active
4039,INE979A01025,Y,SAREGAMA,532163,SAREGAMA,Saregama India Limited,NSE+BSE,NSE Mainboard,EQ,A,Active
4040,INE453D01025,Y,SARLAPOLY,526885,SARLAPOLY,Sarla Performance Fibers Limited,NSE+BSE,NSE Mainboard,EQ,B,Active
4041,INE0PCL01011,Y,SAROJA,,,Saroja Pharma Industries India Limited,NSE only,NSE SME (Emerge),SM,,
4042,INE0PUC01020,Y,SARTELE,,,Sar Televenture Limited,NSE only,NSE SME (Emerge),SM,,
4043,INE075H01019,Y,,530993,SARTHAKGL,Sarthak Global Ltd.,BSE only,BSE Equity,,XT,Active
4044,INE074H01012,Y,,531930,SARTHAKIND,Sarthak Industries Ltd.,BSE only,BSE Equity,,X,Active
4045,INE305D01019,Y,,514412,SARUPINDUS,SARUP INDUSTRIES LIMITED,BSE only,BSE Equity,,X,Active
4046,INE324X01026,Y,SARVESHWAR,543688,SARVESHWAR,Sarveshwar Foods Limited,NSE+BSE,NSE Mainboard,EQ,B,Active
4047,INE822Q01015,Y,,539124,SARVOTTAM,Sarvottam Finvest Limited,BSE only,BSE Equity,,X,Active
4048,INE231F01020,Y,SASKEN,532663,SASKEN,Sasken Technologies Limited,NSE+BSE,NSE Mainboard,EQ,B,Active
4049,INE639K01016,Y,,533202,SATCH,SATCHMO HOLDINGS LIMITED,BSE only,BSE Equity,,XT,Active
4050,INE0BSN01013,Y,SATECH,,,S A Tech Software India Limited,NSE only,NSE SME (Emerge),SM,,
4051,INE170E01023,Y,SATIA,539201,SATIA,Satia Industries Limited,NSE+BSE,NSE Mainboard,EQ,B,Active
4052,INE836B01017,Y,SATIN,539404,SATIN,Satin Creditcare Network Limited,NSE+BSE,NSE Mainboard,EQ,B,Active
4053,INE0RPM01017,Y,SATIPOLY,,,Sati Poly Plast Limited,NSE only,NSE SME (Emerge),ST,,
4054,INE0NB801022,Y,SATKARTAR,,,Sat Kartar Life Limited,NSE only,NSE SME (Emerge),SM,,
4055,INE0QUV01010,Y,,544189,SATTRIX,SATTRIX INFORMATION SECURITY LIMITED,BSE only,BSE Equity,,M,Active
4056,INE14DW01018,Y,SATTVAENGG,,,Sattva Engineering Construction Limited,NSE only,NSE SME (Emerge),SM,,
4057,INE280E01038,Y,,539519,SATTVASUKU,SATTVA SUKUN LIFECARE LIMITED,BSE only,BSE Equity,,X,Active
4058,INE563C01015,Y,,539218,SAUMYA,Saumya Consultants Ltd.,BSE only,BSE Equity,,X,Active
4059,INE626A01014,Y,SAURASHCEM,502175,SAURASHCEM,Saurashtra Cement Limited,NSE+BSE,NSE Mainboard,EQ,B,Active
4060,INE104E01014,Y,,512634,SAVERA,Savera Industries Ltd.,BSE only,BSE Equity,,X,Active
4061,INE0UCN01017,Y,SAVY,,,Savy Infra and Logistics Limited,NSE only,NSE SME (Emerge),SM,,
4062,INE248B01023,Y,,531893,SAWACA,SAWACA ENTERPRISES LIMITED,BSE only,BSE Equity,,X,Active
4063,INE10VS01016,Y,SAWALIYA,,,Sawaliya Food Products Limited,NSE only,NSE SME (Emerge),SM,,
4064,INE318C01014,Y,SAYAJIHOTL,523710,SAYAJIHOTL,Sayaji Hotels Limited,NSE+BSE,NSE Mainboard,EQ,B,Active
4065,INE327G01032,Y,,540728,SAYAJIIND,Sayaji Industries Limited,BSE only,BSE Equity,,X,Active
4066,INE04AK01028,Y,SBC,542725,SBC,SBC Exports Limited,NSE+BSE,NSE Mainboard,EQ,B,Active
4067,INE386D01027,Y,SBCL,513097,SBCL,Shivalik Bimetal Controls Limited,NSE+BSE,NSE Mainboard,EQ,B,Active
4068,INE948G01019,Y,,532102,SBECSUG,SBEC Sugar Ltd.,BSE only,BSE Equity,,XT,Active
4069,INE689V01018,Y,,517360,SBECSYS,SBEC Systems (Ind) Ltd.,BSE only,BSE Equity,,X,Active
4070,INE423Y01016,Y,SBFC,543959,SBFC,SBFC Finance Limited,NSE+BSE,NSE Mainboard,EQ,A,Active
4071,INE363D01018,Y,,521131,SBFL,Shree Bhavya Fabrics Limited,BSE only,BSE Equity,,X,Active
4072,INE05ST01028,Y,SBGLP,543218,SBGLP,Suratwwala Business Group Limited,NSE+BSE,NSE Mainboard,EQ,B,Active
4073,INE018E01016,Y,SBICARD,543066,SBICARD,SBI Cards and Payment Services Limited,NSE+BSE,NSE Mainboard,EQ,A,Active
4074,INE640G01020,Y,SBIFUNDS,544829,SBIFUNDS,SBI Funds Management Limited,NSE+BSE,NSE Mainboard,EQ,A,Active
4075,INE123W01016,Y,SBILIFE,540719,SBILIFE,SBI Life Insurance Company Limited,NSE+BSE,NSE Mainboard,EQ,A,Active
4076,INE062A01020,Y,SBIN,500112,SBIN,State Bank of India,NSE+BSE,NSE Mainboard,EQ,A,Active
4077,INE857P01021,Y,,538520,SBL,SHIVAMSHREE BUSINESSES LIMITED,BSE only,BSE Equity,,XT,Active
4078,INE0DLM01024,Y,,543366,SBLI,SBL Infratech Limited,BSE only,BSE Equity,,M,Active
4079,INE204Y01010,Y,,540782,SBRANDS,Sanghvi Brands Limited,BSE only,BSE Equity,,MT,Active
4080,INE0RNZ01014,Y,,544074,SBVCL,Shri Balaji Valve Components Limited,BSE only,BSE Equity,,MT,Active
4081,INE895E01017,Y,,526081,SCAGRO,SC Agrotech Limited,BSE only,BSE Equity,,XT,Active
4082,INE393D01015,Y,,531797,SCANPRO,Scan Projects Ltd,BSE only,BSE Equity,,X,Active
4083,INE099G01011,Y,SCANSTL,511672,SCANSTL,Scan Steels Limited,NSE+BSE,NSE Mainboard,BE,T,Active
4084,INE0IXR01019,Y,,543537,SCARNOSE,Scarnose International Limited,BSE only,BSE Equity,,M,Active
4085,INE892C01018,Y,,538857,SCC,Scintilla Commercial & Credit  Limited,BSE only,BSE Equity,,X,Active
4086,INE0UMH01018,Y,,544746,SCDL,SAFETY CONTROLS & DEVICES LIMITED,BSE only,BSE Equity,,M,Active
4087,INE513A01022,Y,SCHAEFFLER,505790,SCHAEFFLER,Schaeffler India Limited,NSE+BSE,NSE Mainboard,EQ,A,Active
4088,INE807K01035,Y,SCHAND,540497,SCHAND,S Chand And Company Limited,NSE+BSE,NSE Mainboard,EQ,B,Active
4089,INE839M01018,Y,SCHNEIDER,534139,SCHNEIDER,Schneider Electric Infrastructure Limited,NSE+BSE,NSE Mainboard,EQ,A,Active
4090,INE109A01011,Y,SCI,523598,SCI,Shipping Corporation Of India Limited,NSE+BSE,NSE Mainboard,EQ,A,Active
4091,INE0PB301013,Y,SCILAL,544142,SCILAL,Shipping Corporation of India Land and Assets Limited,NSE+BSE,NSE Mainboard,EQ,B,Active
4092,INE460Q01014,Y,SCML,,,Sharp Chucks and Machines Limited,NSE only,NSE SME (Emerge),SM,,
4093,INE090501011,Y,SCODATUBES,544411,SCODATUBES,Scoda Tubes Limited,NSE+BSE,NSE Mainboard,EQ,B,Active
4094,INE962E01015,Y,,531234,SCOOBEEDAY,SCOOBEE DAY GARMENTS (INDIA) LIMITED,BSE only,BSE Equity,,X,Active
4095,INE501Y01019,Y,SCPL,540757,SCPL,Sheetal Cool Products Limited,NSE+BSE,NSE Mainboard,EQ,B,Active
4096,INE452S01025,Y,,539526,SCTL,Suncare Traders Limited,BSE only,BSE Equity,,X,Active
4097,INE480C01038,Y,SDBL,507514,SDBL,Som Distilleries & Breweries Limited,NSE+BSE,NSE Mainboard,EQ,B,Active
4098,INE807O01011,Y,,535647,SDC,SDC TECHMEDIA LIMITED,BSE only,BSE Equity,,MT,Active
4099,INE004E01016,Y,,524727,SDL,Span Divergent Limited,BSE only,BSE Equity,,X,Active
4100,INE0X6F01017,Y,SDREAMS,,,S D Retail Limited,NSE only,NSE SME (Emerge),SM,,
4101,INE0O4601016,Y,,543782,SEALMATIC,Sealmatic India Limited,BSE only,BSE Equity,,M,Active
4102,INE497B01018,Y,SEAMECLTD,526807,SEAMECLTD,Seamec Limited,NSE+BSE,NSE Mainboard,EQ,B,Active
4103,INE707B01010,Y,,514264,SEASONST,Seasons Textiles Ltd,BSE only,BSE Equity,,X,Active
4104,INE351L01016,Y,,533268,SEATV,SEA TV Network Limited,BSE only,BSE Equity,,X,Active
4105,INE0BTM01013,Y,SECMARK,543234,SECMARK,SecMark Consultancy Limited,NSE+BSE,NSE Mainboard,EQ,B,Active
4106,INE650K01021,Y,SECURKLOUD,512161,SECURKLOUD,SECUREKLOUD TECHNOLOGIES LIMITED,NSE+BSE,NSE Mainboard,EQ,B,Active
4107,INE00XB01019,Y,SEDEMAC,544723,SEDEMAC,SEDEMAC Mechatronics Limited,NSE+BSE,NSE Mainboard,EQ,B,Active
4108,INE1EVO01017,Y,,544813,SEEMAX,Seemax Resources Limited,BSE only,BSE Equity,,M,Active
4109,INE440T01028,Y,SEIL,539921,SEIL,Shanti Educational Initiatives Limited,NSE+BSE,NSE Mainboard,EQ,B,Active
4110,INE955I01044,Y,SEJALLTD,532993,SEJALLTD,Sejal Glass Limited,NSE+BSE,NSE Mainboard,EQ,B,Active
4111,INE068B01017,Y,,515043,SEKURITIND,Saint-Gobain Sekurit India Ltd.,BSE only,BSE Equity,,X,Active
4112,INE0O3O01017,Y,SEL,,,Sungarner Energies Limited,NSE only,NSE SME (Emerge),SM,,
4113,INE367E01033,Y,,509423,SEL,Sanathnagar Enterprises Limited,BSE only,BSE Equity,,X,Active
4114,INE155D01018,Y,,544786,SELECTRIC,Schneider Electric President Systems Ltd,BSE only,BSE Equity,,B,Active
4115,INE0IJF01013,Y,SELLOWRAP,,,Sellowrap Industries Limited,NSE only,NSE SME (Emerge),SM,,
4116,INE105I01020,Y,SELMC,532886,SELMC,SEL Manufacturing Company Limited,NSE+BSE,NSE Mainboard,EQ,B,Active
4117,INE617A01013,Y,SEMAC,505368,SEMAC,Semac Construction Limited,NSE+BSE,NSE Mainboard,BE,T,Active
4118,INE0KPY01017,Y,,543515,SEML,Sunrise Efficient Marketing Limited,BSE only,BSE Equity,,MT,Active
4119,INE602W01027,Y,SENCO,543936,SENCO,Senco Gold Limited,NSE+BSE,NSE Mainboard,EQ,A,Active
4120,INE0RB801010,Y,SENORES,544319,SENORES,Senores Pharmaceuticals Limited,NSE+BSE,NSE Mainboard,EQ,A,Active
4121,INE964H01014,Y,SEPC,532945,SEPC,SEPC Limited,NSE+BSE,NSE Mainboard,EQ,B,Active
4122,INE017I01027,Y,,512399,SERA,SERA INVESTMENTS & FINANCE INDIA LIMITED,BSE only,BSE Equity,,X,Active
4123,INE0P1Q01015,Y,SERVICE,,,Service Care Limited,NSE only,NSE SME (Emerge),SM,,
4124,INE782X01033,Y,SERVOTECH,,,Servotech Renewable Power System Limited,NSE only,NSE Mainboard,EQ,,
4125,INE630A01024,Y,SESHAPAPER,502450,SESHAPAPER,Seshasayee Paper and Boards Limited,NSE+BSE,NSE Mainboard,EQ,B,Active
4126,INE878E01021,Y,SETCO,505075,SETCO,Setco Automotive Limited,NSE+BSE,NSE Mainboard,BE,T,Active
4127,INE0M4D01010,Y,SETL,544333,SETL,Standard Engineering Technology Limited,NSE+BSE,NSE Mainboard,EQ,B,Active
4128,INE023M01027,Y,SETUINFRA,533605,SETUINFRA,Setubandhan Infrastructure Limited,NSE+BSE,NSE Mainboard,BZ,Z,Active
4129,INE0SC101013,Y,,544428,SEVL,SUPERTECH EV LIMITED,BSE only,BSE Equity,,M,Active
4130,INE573R01012,Y,SEYAIND,524324,SEYAIND,Seya Industries Limited,NSE+BSE,NSE Mainboard,BE,T,Active
4131,INE916U01025,Y,SFL,540203,SFL,Sheela Foam Limited,NSE+BSE,NSE Mainboard,EQ,A,Active
4132,INE0U6N01014,Y,SFML,,,Supreme Facility Management Limited,NSE only,NSE SME (Emerge),SM,,
4133,INE716K01020,Y,,526532,SFPIL,Square Four Projects India Limited,BSE only,BSE Equity,,X,Active
4134,INE0JMN01019,Y,,543519,SFSL,Shashwat Furnishing Solutions Limited,BSE only,BSE Equity,,M,Active
4135,INE02ZA01012,Y,,501479,SFTL,SPRINGFORM TECHNOLOGY LIMITED,BSE only,BSE Equity,,P,Active
4136,INE618R01015,Y,SGFIN,539199,SGFIN,SG Finserve Limited,NSE+BSE,NSE Mainboard,EQ,B,Active
4137,INE07GA01011,Y,,543391,SGFRL,Suyog Gurbaxani Funicular Ropeways Limited,BSE only,BSE Equity,,M,Active
4138,INE00QT01015,Y,SGIL,541929,SGIL,Synergy Green Industries Limited,NSE+BSE,NSE Mainboard,EQ,B,Active
4139,INE353H01010,Y,SGL,532730,SGL,STL Global Limited,NSE+BSE,NSE Mainboard,EQ,B,Active
4140,INE967B01028,Y,,526544,SGLRES,SGL RESOURCES LIMITED,BSE only,BSE Equity,,XT,Active
4141,INE385F01024,Y,SGMART,512329,SGMART,SG Mart Limited,NSE+BSE,NSE Mainboard,EQ,B,Active
4142,INE266C01023,Y,,531812,SGNTE,SGN Telecoms Ltd.,BSE only,BSE Equity,,X,Active
4143,INE414Y01015,Y,,540737,SGRL,Shree Ganesh Remedies Limited,BSE only,BSE Equity,,X,Active
4144,INE12UN01015,Y,SHADOWFAX,544685,SHADOWFAX,Shadowfax Technologies Limited,NSE+BSE,NSE Mainboard,EQ,B,Active
4145,INE482J01021,Y,SHAH,533275,SHAH,Shah Metacorp Limited,NSE+BSE,NSE Mainboard,EQ,B,Active
4146,INE640C01011,Y,SHAHALLOYS,513436,SHAHALLOYS,Shah Alloys Limited,NSE+BSE,NSE Mainboard,EQ,B,Active
4147,INE02C301011,Y,,509870,SHAHCON,Shah Construction Co. Ltd.,BSE only,BSE Equity,,X,Active
4148,INE455D01012,Y,,519031,SHAHFOOD,Shah Foods Ltd,BSE only,BSE Equity,,XT,Active
4149,INE825D01016,Y,,526508,SHAHISHIP,Shahi Shipping Limited,BSE only,BSE Equity,,X,Active
4150,INE052001026,Y,,542862,SHAHLON,Shahlon Silk Industries Limited,BSE only,BSE Equity,,X,Active
4151,INE151G01028,Y,SHAILY,501423,SHAILY,Shaily Engineering Plastics Limited,NSE+BSE,NSE Mainboard,EQ,A,Active
4152,INE262S01010,Y,SHAIVAL,,,Shaival Reality Limited,NSE only,NSE SME (Emerge),ST,,
4153,INE794C01016,Y,,526841,SHAKTIPR,Shakti Press Ltd.,BSE only,BSE Equity,,XT,Active
4154,INE908D01010,Y,SHAKTIPUMP,531431,SHAKTIPUMP,Shakti Pumps (India) Limited,NSE+BSE,NSE Mainboard,EQ,A,Active
4155,INE597J01018,Y,SHALBY,540797,SHALBY,Shalby Limited,NSE+BSE,NSE Mainboard,EQ,B,Active
4156,INE655D01025,Y,,532455,SHALIWIR,Shalimar Wires Industries Ltd.,BSE only,BSE Equity,,X,Active
4157,INE849C01026,Y,SHALPAINTS,509874,SHALPAINTS,Shalimar Paints Limited,NSE+BSE,NSE Mainboard,BE,T,Active
4158,INE435E01020,Y,,512499,SHALPRO,Shalimar Productions Ltd.,BSE only,BSE Equity,,XT,Active
4159,INE118R01032,Y,,540259,SHANGAR,SHANGAR DECOR LIMITED,BSE only,BSE Equity,,X,Active
4160,INE274V01019,Y,SHANKARA,540425,SHANKARA,Shankara Building Products Limited,NSE+BSE,NSE Mainboard,EQ,B,Active
4161,INE0TD301017,Y,,544365,SHANMUGA,SHANMUGA HOSPITAL LIMITED,BSE only,BSE Equity,,M,Active
4162,INE0Q9Q01017,Y,SHANTHALA,,,Shanthala FMCG Products Limited,NSE only,NSE SME (Emerge),SM,,
4163,INE933X01016,Y,SHANTI,,,Shanti Overseas (India) Limited,NSE only,NSE Mainboard,EQ,,
4164,INE0QZQ01019,Y,,544059,SHANTIDENM,SHANTI SPINTEX LIMITED,BSE only,BSE Equity,,M,Active
4165,INE631A01022,Y,SHANTIGEAR,522034,SHANTIGEAR,Shanthi Gears Limited,NSE+BSE,NSE Mainboard,EQ,B,Active
4166,INE06ZD01017,Y,SHANTIGOLD,544459,SHANTIGOLD,Shanti Gold International Limited,NSE+BSE,NSE Mainboard,EQ,B,Active
4167,INE892L01019,Y,,534708,SHANTIGURU,SHANTI GURU INDUSTRIES LIMITED,BSE only,BSE Equity,,M,Active
4168,INE545N01019,Y,,531925,SHAQUAK,Shantanu Sheorey Aquakult ltd.,BSE only,BSE Equity,,X,Active
4169,INE221J01015,Y,SHARDACROP,538666,SHARDACROP,Sharda Cropchem Limited,NSE+BSE,NSE Mainboard,EQ,A,Active
4170,INE597I01028,Y,SHARDAMOTR,535602,SHARDAMOTR,Sharda Motor Industries Limited,NSE+BSE,NSE Mainboard,EQ,B,Active
4171,INE037B01020,Y,SHARDUL,512393,SHARDUL,Shardul Securities Limited,NSE+BSE,NSE Mainboard,BE,T,Active
4172,INE932X01026,Y,SHAREINDIA,540725,SHAREINDIA,Share India Securities Limited,NSE+BSE,NSE Mainboard,EQ,B,Active
4173,INE669Y01022,Y,,540786,SHARIKA,SHARIKA ENTERPRISES LIMITED,BSE only,BSE Equity,,T,Active
4174,INE465H01012,Y,,524548,SHARMEH,Sharma East India Hospitals And Res,BSE only,BSE Equity,,X,Active
4175,INE909D01026,Y,,538212,SHARPINV,SHARP INVESTMENTS LTD,BSE only,BSE Equity,,X,Active
4176,INE647W01014,Y,,543341,SHARPLINE,SHARPLINE BROADCAST LIMITED,BSE only,BSE Equity,,X,Active
4177,INE0UJF01018,Y,,544506,SHARVAYA,SHARVAYA METALS LIMITED,BSE only,BSE Equity,,MT,Active
4178,INE508R01018,Y,,540221,SHASHANK,Shashank Traders Limited,BSE only,BSE Equity,,X,Active
4179,INE700V01021,Y,,540147,SHASHIJIT,Shashijit Infraprojects Limited,BSE only,BSE Equity,,X,Active
4180,INE869A01010,Y,,526739,SHAWGELTIN,Narmada Gelatines Ltd.,BSE only,BSE Equity,,X,Active
4181,INE0UCL01011,Y,,544686,SHAYONAENG,SHAYONA ENGINEERING LIMITED,BSE only,BSE Equity,,M,Active
4182,INE402H01015,Y,SHBAJRG,526981,SHBAJRG,Shri Bajrang Alliance Limited,NSE+BSE,NSE Mainboard,EQ,B,Active
4183,INE0YJV01017,Y,SHEEL,,,Sheel Biotech Limited,NSE only,NSE SME (Emerge),ST,,
4184,INE04VX01019,Y,SHEETAL,,,Sheetal Universal Limited,NSE only,NSE SME (Emerge),SM,,
4185,INE268L01046,Y,SHEKHAWATI,533301,SHEKHAWATI,Shekhawati Industries Limited,NSE+BSE,NSE Mainboard,EQ,B,Active
4186,INE013V01011,Y,,543963,SHELTER,SHELTER PHARMA LIMITED,BSE only,BSE Equity,,M,Active
4187,INE363M01019,Y,SHEMAROO,538685,SHEMAROO,Shemaroo Entertainment Limited,NSE+BSE,NSE Mainboard,BE,T,Active
4188,INE0OUS01011,Y,,530757,SHENTRA,Shentracon Chemicals Ltd.,BSE only,BSE Equity,,XT,Active
4189,INE0MM001019,Y,SHERA,,,Shera Energy Limited,NSE only,NSE SME (Emerge),ST,,
4190,INE011D01013,Y,,526117,SHERVANI,Shervani Industrial syndicate Ltd,BSE only,BSE Equity,,X,Active
4191,INE193R01019,Y,,539111,SHESHAINDS,SHESHADRI INDUSTRIES LIMITED,BSE only,BSE Equity,,X,Active
4192,INE1FL101016,Y,SHETHJI,,,Shreeji Global FMCG Limited,NSE only,NSE SME (Emerge),ST,,
4193,INE278C01010,Y,,526137,SHETR,Shetron Ltd.,BSE only,BSE Equity,,X,Active
4194,INE400N01017,Y,,530797,SHGANEL,Shree Ganesh Elastoplast Ltd,BSE only,BSE Equity,,X,Active
4195,INE065E01017,Y,,524336,SHHARICH,Shree Hari Chemicals Export Ltd.,BSE only,BSE Equity,,X,Active
4196,INE03KJ01013,Y,SHIGAN,,,Shigan Quantum Technologies Limited,NSE only,NSE SME (Emerge),SM,,
4197,INE02BV01019,Y,,507952,SHIKHARLETR,Shikhar Leasing and Trading Ltd.,BSE only,BSE Equity,,XT,Active
4198,INE024F01011,Y,SHILCTECH,531201,SHILCTECH,Shilchar Technologies Limited,NSE+BSE,NSE Mainboard,EQ,B,Active
4199,INE960A01017,Y,,513709,SHILGRAVQ,Shilp Gravures Ltd.,BSE only,BSE Equity,,X,Active
4200,INE0MGS01014,Y,,544080,SHILINDORE,Sayaji Hotels (Indore) Limited,BSE only,BSE Equity,,X,Active
4201,INE790G01031,Y,SHILPAMED,530549,SHILPAMED,Shilpa Medicare Limited,NSE+BSE,NSE Mainboard,EQ,A,Active
4202,INE220Z01013,Y,SHINDL,519397,SHINDL,Sharat Industries Limited,NSE+BSE,NSE Mainboard,EQ,B,Active
4203,INE0BLY01023,Y,,543244,SHINEFASH,Shine Fashions (India) Limited,BSE only,BSE Equity,,M,Active
4204,INE0O9L01010,Y,,544646,SHIPWAVES,Shipwaves Online Limited,BSE only,BSE Equity,,M,Active
4205,INE145Y01023,Y,,540693,SHISHIND,Shish Industries Limited,BSE only,BSE Equity,,X,Active
4206,INE728Q01014,Y,,539593,SHIVA,Shivansh Finserv Limited,BSE only,BSE Equity,,X,Active
4207,INE960E01019,Y,,530433,SHIVAAGRO,Shiva Global Agro Industries Limited,BSE only,BSE Equity,,X,Active
4208,INE555C01029,Y,,532323,SHIVACEM,Shiva Cement Ltd.,BSE only,BSE Equity,,X,Active
4209,INE191V01015,Y,,540072,SHIVAEXPO,Shiva Granito Export Limited,BSE only,BSE Equity,,MT,Active
4210,INE092H01014,Y,,522237,SHIVAGR,Shivagrico Implements Ltd.,BSE only,BSE Equity,,X,Active
4211,INE788J01021,Y,SHIVALIK,539148,SHIVALIK,Shivalik Rasayan Limited,NSE+BSE,NSE Mainboard,BE,T,Active
4212,INE0SGR01013,Y,,544165,SHIVAM,SHIVAM CHEMICALS LIMITED,BSE only,BSE Equity,,M,Active
4213,INE637H01024,Y,SHIVAMAUTO,532776,SHIVAMAUTO,Shivam Autotech Limited,NSE+BSE,NSE Mainboard,BE,T,Active
4214,INE644Y01017,Y,SHIVAMILLS,540961,SHIVAMILLS,Shiva Mills Limited,NSE+BSE,NSE Mainboard,EQ,B,Active
4215,INE1DLF01018,Y,SHIVASHRIT,,,Shivashrit Foods Limited,NSE only,NSE SME (Emerge),SM,,
4216,INE705C01020,Y,SHIVATEX,511108,SHIVATEX,Shiva Texyarn Limited,NSE+BSE,NSE Mainboard,EQ,B,Active
4217,INE719F01016,Y,SHIVAUM,,,Shiv Aum Steels Limited,NSE only,NSE Mainboard,EQ,,
4218,INE429R01017,Y,,539683,SHIVKAMAL,Shivkamal Impex Limited,BSE only,BSE Equity,,XT,Active
4219,INE0YRO01015,Y,,544272,SHIVTEXCHEM,SHIV TEXCHEM LIMITED,BSE only,BSE Equity,,M,Active
4220,INE500L01026,Y,SHK,539450,SHK,S H Kelkar and Company Limited,NSE+BSE,NSE Mainboard,EQ,B,Active
4221,INE079N01019,Y,,532083,SHKALYN,Shri Kalyan Holdings Ltd.,BSE only,BSE Equity,,XT,Active
4222,INE538D01015,Y,,516106,SHKARTP,Shree Karthik Papers Ltd.,BSE only,BSE Equity,,X,Active
4223,INE0NON01025,Y,SHKSIL,,,Shri Hare-Krishna Sponge Iron Limited,NSE only,NSE SME (Emerge),SM,,
4224,INE1EUB01016,Y,,544582,SHLOKKA,SHLOKKA DYES LIMITED,BSE only,BSE Equity,,M,Active
4225,INE0OJZ01019,Y,,543970,SHOORA,Shoora Designs Limited,BSE only,BSE Equity,,MT,Active
4226,INE498B01024,Y,SHOPERSTOP,532638,SHOPERSTOP,Shoppers Stop Limited,NSE+BSE,NSE Mainboard,EQ,B,Active
4227,INE07G501017,Y,,544090,SHPLPUNE,Sayaji Hotels (Pune) Limited,BSE only,BSE Equity,,X,Active
4228,INE489B01031,Y,,543976,SHRAAITECH,Shradha AI Technologies Limited,BSE only,BSE Equity,,X,Active
4229,INE311M01018,Y,,531771,SHRADDHA,SHRADDHA PRIME PROJECTS LTD,BSE only,BSE Equity,,X,Active
4230,INE715Y01031,Y,SHRADHA,,,Shradha Realty Limited,NSE only,NSE Mainboard,EQ,,
4231,INE418K01015,Y,,530295,SHRAJOI,Shri Rajivlochan Oil Extraction Ltd,BSE only,BSE Equity,,X,Active
4232,INE796C01011,Y,,503837,SHRAJSYNQ,Shree Rajasthan Syntex Ltd.,BSE only,BSE Equity,,X,Active
4233,INE385M01012,Y,,513548,SHRDAIS,Sharda Ispat Ltd.,BSE only,BSE Equity,,X,Active
4234,INE232A01011,Y,SHREDIGCEM,502180,SHREDIGCEM,Shree Digvijay Cement Co.Ltd,NSE+BSE,NSE Mainboard,EQ,B,Active
4235,INE0QIS01011,Y,,544083,SHREE,Shree Marutinandan Tubes Limited,BSE only,BSE Equity,,M,Active
4236,INE070A01015,Y,SHREECEM,500387,SHREECEM,SHREE CEMENT LIMITED,NSE+BSE,NSE Mainboard,EQ,A,Active
4237,INE0K3301012,Y,SHREEDHAR,,,Shreedhar Spinners Limited,NSE only,NSE SME (Emerge),ST,,
4238,INE051N01026,Y,,539470,SHREEGANES,Shree Ganesh Biotech (India) Limited,BSE only,BSE Equity,,X,Active
4239,INE1B6101010,Y,SHREEJISPG,544490,SHREEJISPG,Shreeji Shipping Global Limited,NSE+BSE,NSE Mainboard,EQ,B,Active
4240,INE0S4Y01010,Y,SHREEKARNI,,,Shree Karni Fabcom Limited,NSE only,NSE SME (Emerge),SM,,
4241,INE0RXS01018,Y,,544372,SHREENATH,SHREENATH PAPER PRODUCTS LIMITED,BSE only,BSE Equity,,M,Active
4242,INE02S501018,Y,SHREEOSFM,,,Shree OSFM E-Mobility Limited,NSE only,NSE SME (Emerge),SM,,
4243,INE847D01010,Y,,527005,SHREEPAC,Shree Pacetronix Ltd,BSE only,BSE Equity,,X,Active
4244,INE712K01011,Y,SHREEPUSHK,539334,SHREEPUSHK,Shree Pushkar Chemicals & Fertilisers Limited,NSE+BSE,NSE Mainboard,EQ,B,Active
4245,INE879A01019,Y,SHREERAMA,532310,SHREERAMA,Shree Rama Multi-Tech Limited,NSE+BSE,NSE Mainboard,EQ,B,Active
4246,INE0FMZ01045,Y,,544458,SHREEREF,SHREE REFRIGERATIONS LIMITED,BSE only,BSE Equity,,M,Active
4247,INE397C01026,Y,,538975,SHREESEC,Shree Securities Ltd.,BSE only,BSE Equity,,Z,Active
4248,INE452Z01012,Y,,541112,SHREESHAY,Shreeshay Engineers Limited,BSE only,BSE Equity,,M,Active
4249,INE914B01012,Y,,531962,SHREMETAL,Shree Metalloys Limited,BSE only,BSE Equity,,X,Active
4250,INE632X01030,Y,SHRENIK,,,Shrenik Limited,NSE only,NSE Mainboard,BZ,,
4251,INE475V01012,Y,,503696,SHRENTI,Shreenath Investments Co. Ltd.,BSE only,BSE Equity,,XT,Active
4252,INE231C01019,Y,SHREYANIND,516016,SHREYANIND,Shreyans Industries Limited,NSE+BSE,NSE Mainboard,EQ,B,Active
4253,INE115F01017,Y,,526335,SHREYASI,Shreyas Intermediates Ltd.,BSE only,BSE Equity,,X,Active
4254,INE0DM401012,Y,SHRIAHIMSA,,,Shri Ahimsa Naturals Limited,NSE only,NSE SME (Emerge),ST,,
4255,INE753D01010,Y,,508961,SHRICON,Shricon Industries Ltd.,BSE only,BSE Equity,,XT,Active
4256,INE204C01024,Y,,503804,SHRIDINE,Shri Dinesh Mills Ltd.,BSE only,BSE Equity,,XT,Active
4257,INE241V01018,Y,,523309,SHRIGANG,Shri Gang Industries & Allied Products Limited,BSE only,BSE Equity,,X,Active
4258,INE1V4601019,Y,SHRIKANHA,,,Shri Kanha Stainless Limited,NSE only,NSE SME (Emerge),SM,,
4259,INE997I01012,Y,SHRIKRISH,531080,SHRIKRISH,Shri Krishna Devcon Limited,NSE+BSE,NSE Mainboard,EQ,B,Active
4260,INE1B3L01017,Y,SHRINGARMS,544512,SHRINGARMS,Shringar House of Mangalsutra Limited,NSE+BSE,NSE Mainboard,EQ,B,Active
4261,INE201F01015,Y,,538897,SHRINIWAS,Shri Niwas Leasing and Finance Limited,BSE only,BSE Equity,,X,Active
4262,INE526E01018,Y,SHRIPISTON,544344,SHRIPISTON,SPR Auto Technologies Limited,NSE+BSE,NSE Mainboard,EQ,A,Active
4263,INE721A01047,Y,SHRIRAMFIN,511218,SHRIRAMFIN,Shriram Finance Limited,NSE+BSE,NSE Mainboard,EQ,A,Active
4264,INE217L01019,Y,SHRIRAMPPS,543419,SHRIRAMPPS,Shriram Properties Limited,NSE+BSE,NSE Mainboard,EQ,B,Active
4265,INE472C01027,Y,,511411,SHRISTI,SHRISTI INFRASTRUCTURE DEVELOPMENT CORPORATION LTD.,BSE only,BSE Equity,,X,Active
4266,INE0OMF01015,Y,SHRITECH,,,Shri Techtex Limited,NSE only,NSE SME (Emerge),SM,,
4267,INE564J01026,Y,,512453,SHRJAGP,Shri Jagdamba Polymers Ltd,BSE only,BSE Equity,,X,Active
4268,INE632A01012,Y,,503863,SHRMFGC,Shree Manufacturing Co. Ltd.,BSE only,BSE Equity,,X,Active
4269,INE488C01015,Y,,511493,SHRYDUS,SHRYDUS INDUSTRIES LIMITED,BSE only,BSE Equity,,XT,Active
4270,INE0D8001018,Y,,544607,SHTL,SHINING TOOLS LIMITED,BSE only,BSE Equity,,MT,Active
4271,INE01J501010,Y,,542019,SHUBHAM,Shubham Polyspin Limited,BSE only,BSE Equity,,X,Active
4272,INE01Z401013,Y,SHUBHLAXMI,,,Shubhlaxmi Jewel Art Limited,NSE only,NSE SME (Emerge),SM,,
4273,INE0UL701015,Y,SHUBHSHREE,,,Shubhshree Biofuels Energy Limited,NSE only,NSE SME (Emerge),SM,,
4274,INE344E01016,Y,,523790,SHUKJEW,Shukra Jewellers Limited,BSE only,BSE Equity,,P,Active
4275,INE551C01044,Y,,524632,SHUKRAPHAR,Shukra Pharmaceuticals Limited,BSE only,BSE Equity,,B,Active
4276,INE981C01019,Y,,532007,SHVFL,Shree Vatsaa Finance & Leasing Ltd.,BSE only,BSE Equity,,X,Active
4277,INE02Z901011,Y,,521003,SHVSUIT,Shiva Suitings Ltd.,BSE only,BSE Equity,,P,Active
4278,INE139J01019,Y,,512060,SHYAM,Ventura Guaranty Ltd.,BSE only,BSE Equity,,P,Active
4279,INE861E01019,Y,,531219,SHYAMACOMP,Shyama Computronics and Services Limited,BSE only,BSE Equity,,P,Active
4280,INE979R01011,Y,SHYAMCENT,539252,SHYAMCENT,Shyam Century Ferrous Limited,NSE+BSE,NSE Mainboard,BE,T,Active
4281,INE1CRP01016,Y,SHYAMDHANI,,,Shyam Dhani Industries Limited,NSE only,NSE SME (Emerge),ST,,
4282,INE810G01011,Y,SHYAMMETL,543299,SHYAMMETL,Shyam Metalics and Energy Limited,NSE+BSE,NSE Mainboard,EQ,A,Active
4283,INE635A01023,Y,SHYAMTEL,517411,SHYAMTEL,Shyam Telecom Limited,NSE+BSE,NSE Mainboard,BE,T,Active
4284,INE203N01015,Y,,505515,SHYMINV,Shyamkamal Investments Ltd.,BSE only,BSE Equity,,X,Active
4285,INE441C01014,Y,,520141,SIBARAUT,Sibar Auto Parts Ltd.,BSE only,BSE Equity,,X,Active
4286,INE176J01011,Y,SICAGEN,533014,SICAGEN,Sicagen India Limited,NSE+BSE,NSE Mainboard,EQ,B,Active
4287,INE075B01020,Y,SICALLOG,520086,SICALLOG,Sical Logistics Limited,NSE+BSE,NSE Mainboard,BE,T,Active
4288,INE417F01017,Y,,530907,SICAPIT,S.I.Capital And Financial Services,BSE only,BSE Equity,,XT,Active
4289,INE936N01010,Y,,531640,SICL,Suvidha Infraestate Corporation Limited,BSE only,BSE Equity,,P,Active
4290,INE140C01012,Y,,530439,SIDDHA,Siddha Ventures Limited,BSE only,BSE Equity,,X,Active
4291,INE797C01019,Y,,526877,SIDDHEGA,Siddheswari Garments Ltd.,BSE only,BSE Equity,,X,Active
4292,INE0SVO01019,Y,SIDDHICOTS,,,Siddhi Cotspin Limited,NSE only,NSE SME (Emerge),SM,,
4293,INE0A1E01018,Y,SIDDHIKA,,,Siddhika Coatings Limited,NSE only,NSE SME (Emerge),SM,,
4294,INE403L01015,Y,,539983,SIDH,SIDH AUTOMOBILES LIMITED,BSE only,BSE Equity,,XT,Active
4295,INE843L01012,Y,,519234,SIEL,Superior Industrial Enterprises Limited,BSE only,BSE Equity,,X,Active
4296,INE003A01024,Y,SIEMENS,500550,SIEMENS,Siemens Limited,NSE+BSE,NSE Mainboard,EQ,A,Active
4297,INE0D0K01022,Y,SIGACHI,543389,SIGACHI,Sigachi Industries Limited,NSE+BSE,NSE Mainboard,BE,T,Active
4298,INE529F01035,Y,SIGIND,512131,SIGIND,Signet Industries Limited,NSE+BSE,NSE Mainboard,EQ,B,Active
4299,INE0A0S01028,Y,SIGMA,543917,SIGMA,Sigma Solve Limited,NSE+BSE,NSE Mainboard,EQ,B,Active
4300,INE933B01012,Y,SIGMAADV,532408,SIGMAADV,SIGMA ADVANCED SYSTEMS LIMITED,NSE+BSE,NSE Mainboard,BE,T,Active
4301,INE903U01023,Y,SIGNATURE,543990,SIGNATURE,Signatureglobal (India) Limited,NSE+BSE,NSE Mainboard,EQ,A,Active
4302,INE131O01024,Y,,507663,SIGNGCL,SIGNATURE GREEN CORPORATION LIMITED,BSE only,BSE Equity,,X,Active
4303,INE0RDE01010,Y,SIGNORIA,,,Signoria Creation Limited,NSE only,NSE SME (Emerge),ST,,
4304,INE0KGZ01021,Y,SIGNPOST,544117,SIGNPOST,Signpost India Limited,NSE+BSE,NSE Mainboard,EQ,B,Active
4305,INE0SFA01011,Y,,544585,SIHORA,SIHORA INDUSTRIES LIMITED,BSE only,BSE Equity,,M,Active
4306,INE400R01018,Y,,540132,SIIL,Sabrimala Industries India Limited,BSE only,BSE Equity,,XT,Active
4307,INE438E01032,Y,SIKA,523606,SIKA,Sika Interplant Systems Limited,NSE+BSE,NSE Mainboard,EQ,B,Active
4308,INE112X01025,Y,SIKKO,,,Sikko Industries Limited,NSE only,NSE Mainboard,BE,,
4309,INE173A01025,Y,SIL,530017,SIL,Standard Industries Limited,NSE+BSE,NSE Mainboard,EQ,B,Active
4310,INE01II01013,Y,SILGO,,,Silgo Retail Limited,NSE only,NSE Mainboard,EQ,,
4311,INE923A01015,Y,SILINV,521194,SILINV,SIL Investments Limited,NSE+BSE,NSE Mainboard,EQ,B,Active
4312,INE0STN01015,Y,SILKFLEX,,,Silkflex Polymers (India) Limited,NSE only,NSE SME (Emerge),SM,,
4313,INE0SN801015,Y,SILKY,,,Silky Overseas Limited,NSE only,NSE SME (Emerge),SM,,
4314,INE147701010,Y,,544810,SILL,Sampark India Logistics Limited,BSE only,BSE Equity,,M,Active
4315,INE203Y01012,Y,SILLYMONKS,,,Silly Monks Entertainment Limited,NSE only,NSE Mainboard,EQ,,
4316,INE798C01017,Y,,512197,SILVERO,Silver oak Commercial Ltd.,BSE only,BSE Equity,,Z,Active
4317,INE0KXN01014,Y,,543536,SILVERPRL,Silver Pearl Hospitality & Luxury Spaces Limited,BSE only,BSE Equity,,M,Active
4318,INE625X01026,Y,SILVERTUC,543525,SILVERTUC,Silver Touch Technologies Limited,NSE+BSE,NSE Mainboard,EQ,B,Active
4319,INE870J01019,Y,,531635,SILVOAK,Silver Oak (India) Ltd.,BSE only,BSE Equity,,X,Active
4320,INE0VI201010,Y,,544662,SIMANDHAR,SIMANDHAR IMPEX LIMITED,BSE only,BSE Equity,,X,Active
4321,INE748T01016,Y,SIMBHALS,539742,SIMBHALS,Simbhaoli Sugars Limited,NSE+BSE,NSE Mainboard,BZ,Z,Active
4322,INE1K4J01018,Y,SIMCA,,,Simca Advertising Limited,NSE only,NSE SME (Emerge),SM,,
4323,INE657D01021,Y,,507998,SIMMOND,Simmonds-Marshall Ltd,BSE only,BSE Equity,,X,Active
4324,INE658D01029,Y,,513472,SIMPLEXCAS,Simplex Castings Ltd.,BSE only,BSE Equity,,X,Active
4325,INE059B01024,Y,SIMPLEXINF,523838,SIMPLEXINF,Simplex Infrastructures Limited,NSE+BSE,NSE Mainboard,EQ,B,Active
4326,INE457H01027,Y,,533018,SIMPLXMIL,SIMPLEX MILLS COMPANY LIMITED,BSE only,BSE Equity,,X,Active
4327,INE456H01029,Y,,533019,SIMPLXPAP,SIMPLEX PAPERS LTD.,BSE only,BSE Equity,,X,Active
4328,INE167H01014,Y,,503229,SIMPLXREA,Simplex Realty Limited,BSE only,BSE Equity,,X,Active
4329,INE354D01017,Y,,519566,SIMRAN,Simran Farms Ltd.,BSE only,BSE Equity,,X,Active
4330,INE985A01022,Y,SINCLAIR,523023,SINCLAIR,Sinclairs Hotels Limited,NSE+BSE,NSE Mainboard,EQ,B,Active
4331,INE325D01025,Y,SINDHUTRAD,532029,SINDHUTRAD,Sindhu Trade Links Limited,NSE+BSE,NSE Mainboard,EQ,B,Active
4332,INE638A01035,Y,SINGERIND,505729,SINGERIND,Singer India Limited,NSE+BSE,NSE Mainboard,EQ,B,Active
4333,INE896E01023,Y,,509887,SINNAR,Sinnar Bidi Udyog Ltd.,BSE only,BSE Equity,,XT,Active
4334,INE129Z01016,Y,SINTERCOM,,,Sintercom India Limited,NSE only,NSE Mainboard,EQ,,
4335,INE413C01013,Y,,526839,SIPL,Shelter Infra Projects Limited,BSE only,BSE Equity,,X,Active
4336,INE792Z01011,Y,SIRCA,543686,SIRCA,Sirca Paints India Limited,NSE+BSE,NSE Mainboard,EQ,B,Active
4337,INE785O01019,Y,,538667,SIROHIA,Sirohia & Sons Limited,BSE only,BSE Equity,,M,Active
4338,INE285J01028,Y,SIS,540673,SIS,SIS LIMITED,NSE+BSE,NSE Mainboard,EQ,B,Active
4339,INE0LU301014,Y,,543598,SISL,SHANTIDOOT INFRA SERVICES LIMITED,BSE only,BSE Equity,,MT,Active
4340,INE579D01019,Y,,512589,SITAENT,Sita Enterprises LTD.,BSE only,BSE Equity,,X,Active
4341,INE965H01011,Y,SITINET,532795,SITINET,Siti Networks Limited,NSE+BSE,NSE Mainboard,BZ,Z,Active
4342,INE0QSK01017,Y,,544047,SIYARAM,Siyaram Recycling Industries Limited,BSE only,BSE Equity,,M,Active
4343,INE076B01028,Y,SIYSIL,503811,SIYSIL,Siyaram Silk Mills Limited,NSE+BSE,NSE Mainboard,EQ,B,Active
4344,INE235U01012,Y,,513496,SIZEMASTER,SIZEMASTERS TECHNOLOGY LIMITED,BSE only,BSE Equity,,X,Active
4345,INE0F3301020,Y,SJLOGISTIC,,,S J Logistics (India) Limited,NSE only,NSE SME (Emerge),SM,,
4346,INE284S01014,Y,SJS,543387,SJS,S.J.S. Enterprises Limited,NSE+BSE,NSE Mainboard,EQ,A,Active
4347,INE002L01015,Y,SJVN,533206,SJVN,SJVN Limited,NSE+BSE,NSE Mainboard,EQ,A,Active
4348,INE260E01014,Y,,530977,SKCIL,Shri Keshav Cements and Infra Limited,BSE only,BSE Equity,,X,Active
4349,INE640A01023,Y,SKFINDIA,500472,SKFINDIA,SKF India Limited,NSE+BSE,NSE Mainboard,EQ,A,Active
4350,INE2J8701016,Y,SKFINDUS,544572,SKFINDUS,SKF India (Industrial) Limited,NSE+BSE,NSE Mainboard,EQ,B,Active
4351,INE04ST01013,Y,,542728,SKIEL,SK International Export Limited,BSE only,BSE Equity,,MT,Active
4352,INE951Z01013,Y,,542146,SKIFL,Shree Krishna Infrastructure Limited,BSE only,BSE Equity,,M,Active
4353,INE439E01022,Y,SKIPPER,538562,SKIPPER,Skipper Limited,NSE+BSE,NSE Mainboard,EQ,B,Active
4354,INE459U01018,Y,,540269,SKL,SUPER FINE KNITTERS LIMITED,BSE only,BSE Equity,,MT,Active
4355,INE13YH01017,Y,,544584,SKM,SK Minerals & Additives Limited,BSE only,BSE Equity,,MT,Active
4356,INE411D01023,Y,SKMEGGPROD,532143,SKMEGGPROD,SKM Egg Products Export (India) Limited,NSE+BSE,NSE Mainboard,EQ,B,Active
4357,INE0KZA01016,Y,SKP,,,SKP Bearing Industries Limited,NSE only,NSE SME (Emerge),SM,,
4358,INE970C01012,Y,,500388,SKPMIL,Shree Krishna Paper Mills & Industr,BSE only,BSE Equity,,XT,Active
4359,INE709B01016,Y,,531169,SKPSEC,SKP Securities Ltd.,BSE only,BSE Equity,,X,Active
4360,INE561E01015,Y,,531506,SKRABUL,Shukra Bullions Limited,BSE only,BSE Equity,,X,Active
4361,INE393H01016,Y,,512036,SKYBIOTECH,SKYBIOTECH HEALTHCARE LIMITED,BSE only,BSE Equity,,X,Active
4362,INE01IU01018,Y,SKYGOLD,541967,SKYGOLD,SKY GOLD AND DIAMONDS LIMITED,NSE+BSE,NSE Mainboard,EQ,A,Active
4363,INE765B01018,Y,,526479,SKYIND,Sky Industries Ltd,BSE only,BSE Equity,,X,Active
4364,INE178E01026,Y,,505650,SKYLMILAR,Skyline Millars Ltd,BSE only,BSE Equity,,X,Active
4365,INE0SMA01017,Y,SLONE,,,Slone Infosystems Limited,NSE only,NSE SME (Emerge),ST,,
4366,INE456D01010,Y,,521161,SLSTLQ,Sri Lakshmi Saraswathi Textiles (Ar,BSE only,BSE Equity,,X,Active
4367,INE0PSJ01011,Y,,544056,SMARITIME,Sahara Maritime Limited,BSE only,BSE Equity,,M,Active
4368,INE14GK01016,Y,SMARTEN,,,Smarten Power Systems Limited,NSE only,NSE SME (Emerge),ST,,
4369,INE766D01020,Y,,539494,SMARTFIN,Smart Finsec Limited,BSE only,BSE Equity,,X,Active
4370,INE178C01020,Y,SMARTLINK,532419,SMARTLINK,Smartlink Holdings Limited,NSE+BSE,NSE Mainboard,BE,T,Active
4371,INE0NAZ01010,Y,SMARTWORKS,544447,SMARTWORKS,Smartworks Coworking Spaces Limited,NSE+BSE,NSE Mainboard,EQ,B,Active
4372,INE0C4I01011,Y,,543065,SMAUTO,SM Auto Stamping Limited,BSE only,BSE Equity,,M,Active
4373,INE103C01036,Y,SMCGLOBAL,543263,SMCGLOBAL,SMC Global Securities Limited,NSE+BSE,NSE Mainboard,EQ,B,Active
4374,INE440E01012,Y,,532138,SMCREDT,SMC Credits ltd.,BSE only,BSE Equity,,XT,Active
4375,INE266S01011,Y,,541799,SMEL,Sungold Media and Entertainment Limited,BSE only,BSE Equity,,MT,Active
4376,INE728B01032,Y,,513418,SMFIL,Smiths & Founders (India) Limited,BSE only,BSE Equity,,XT,Active
4377,INE00Q901014,Y,,542034,SMGOLD,S. M. Gold Limited,BSE only,BSE Equity,,B,Active
4378,INE294B01019,Y,SMLMAH,505192,SMLMAH,SML Mahindra Limited,NSE+BSE,NSE Mainboard,EQ,A,Active
4379,INE017W01010,Y,SMLT,540393,SMLT,Sarthak Metals Limited,NSE+BSE,NSE Mainboard,EQ,B,Active
4380,INE11XK01017,Y,,544774,SMR,SMR Jewels Limited,BSE only,BSE Equity,,M,Active
4381,INE172E01011,Y,,540686,SMRUTHIORG,Smruthi Organics Limited,BSE only,BSE Equity,,X,Active
4382,INE812G01025,Y,SMSPHARMA,532815,SMSPHARMA,SMS Pharmaceuticals Limited,NSE+BSE,NSE Mainboard,EQ,B,Active
4383,INE673E01018,Y,,538563,SMTEL,SMT ENGINEERING LIMITED,BSE only,BSE Equity,,X,Active
4384,INE702Y01013,Y,SMVD,,,SMVD Poly Pack Limited,NSE only,NSE SME (Emerge),SM,,
4385,INE1OIC01018,Y,SNEHAA,,,Snehaa Organics Limited,NSE only,NSE SME (Emerge),SM,,
4386,INE730R01042,Y,,539911,SNIM,Svarnim Trade Udyog Limited,BSE only,BSE Equity,,X,Active
4387,INE568F01017,Y,,505827,SNL,SNL Bearings Ltd.,BSE only,BSE Equity,,X,Active
4388,INE734N01019,Y,SNOWMAN,538635,SNOWMAN,Snowman Logistics Limited,NSE+BSE,NSE Mainboard,EQ,B,Active
4389,INE671H01015,Y,SOBHA,532784,SOBHA,Sobha Limited,NSE+BSE,NSE Mainboard,EQ,A,Active
4390,INE754D01018,Y,,512014,SOBME,Sobhagya Mercantile Ltd.,BSE only,BSE Equity,,X,Active
4391,INE0CTB01014,Y,SOCL,,,Sundrex Oil Company Limited,NSE only,NSE SME (Emerge),SM,,
4392,INE0QU501030,Y,,544560,SODHACAP,SODHANI CAPITAL LIMITED,BSE only,BSE Equity,,M,Active
4393,INE499Q01012,Y,,538923,SOFCOM,SOFCOM SYSTEMS LIMITED,BSE only,BSE Equity,,XT,Active
4394,INE562E01021,Y,,531529,SOFTRAKV,Softrak Venture Investments Ltd.,BSE only,BSE Equity,,XT,Active
4395,INE728Z01015,Y,SOFTTECH,543470,SOFTTECH,Softtech Engineers Limited,NSE+BSE,NSE Mainboard,EQ,B,Active
4396,INE624Z01016,Y,SOLARA,541540,SOLARA,Solara Active Pharma Sciences Limited,NSE+BSE,NSE Mainboard,EQ,B,Active
4397,INE343H01029,Y,SOLARINDS,532725,SOLARINDS,Solar Industries India Limited,NSE+BSE,NSE Mainboard,EQ,A,Active
4398,INE0W0H01017,Y,,544354,SOLARIUM,SOLARIUM GREEN ENERGY LIMITED,BSE only,BSE Equity,,M,Active
4399,INE0TY101024,Y,SOLARWORLD,544532,SOLARWORLD,Solarworld Energy Solutions Limited,NSE+BSE,NSE Mainboard,EQ,B,Active
4400,INE880Y01017,Y,SOLEX,,,Solex Energy Limited,NSE only,NSE Mainboard,EQ,,
4401,INE584G01012,Y,,513699,SOLIDSTON,Solid Stone Company Ltd.,BSE only,BSE Equity,,X,Active
4402,INE410A01013,Y,,522152,SOLIMAC,Solitaire Machine Tools Ltd,BSE only,BSE Equity,,X,Active
4403,INE1IIQ01028,Y,,544539,SOLVEX,Solvex Edibles Limited,BSE only,BSE Equity,,MT,Active
4404,INE355A01028,Y,SOMANYCERA,531548,SOMANYCERA,Somany Ceramics Limited,NSE+BSE,NSE Mainboard,EQ,B,Active
4405,INE314C01013,Y,SOMATEX,521034,SOMATEX,Soma Textiles & Industries Limited,NSE+BSE,NSE Mainboard,EQ,B,Active
4406,INE323J01019,Y,SOMICONVEY,533001,SOMICONVEY,Somi Conveyor Beltings Limited,NSE+BSE,NSE Mainboard,EQ,B,Active
4407,INE073K01018,Y,SONACOMS,543300,SONACOMS,Sona BLW Precision Forgings Limited,NSE+BSE,NSE Mainboard,EQ,A,Active
4408,INE321M01017,Y,SONAL,538943,SONAL,Sonal Mercantile Limited,NSE+BSE,NSE Mainboard,EQ,B,Active
4409,INE344I01017,Y,,526901,SONALAD,Sonal Adhesives Ltd.,BSE only,BSE Equity,,X,Active
4410,INE0N5O01013,Y,,543924,SONALIS,Sonalis Consumer Products Limited,BSE only,BSE Equity,,M,Active
4411,INE0Q6H01012,Y,SONAMAC,,,Sona Machinery Limited,NSE only,NSE SME (Emerge),SM,,
4412,INE00LM01029,Y,SONAMLTD,,,SONAM LIMITED,NSE only,NSE Mainboard,EQ,,
4413,INE269A01021,Y,SONATSOFTW,532221,SONATSOFTW,Sonata Software Limited,NSE+BSE,NSE Mainboard,EQ,A,Active
4414,INE0JZA01018,Y,SONUINFRA,,,Sonu Infratech Limited,NSE only,NSE SME (Emerge),ST,,
4415,INE0O2D01012,Y,SOTAC,,,Sotac Pharmaceuticals Limited,NSE only,NSE SME (Emerge),SM,,
4416,INE12Z301012,Y,,544832,SOTEFIN,Sotefin Bharat Limited,BSE only,BSE Equity,,M,Active
4417,INE035D01020,Y,SOTL,524667,SOTL,Savita Oil Technologies Limited,NSE+BSE,NSE Mainboard,EQ,B,Active
4418,INE695C01015,Y,,521036,SOURCEIND,Source Industries (India) Ltd,BSE only,BSE Equity,,XT,Active
4419,INE679C01027,Y,,531398,SOURCENTRL,Source Natural Foods & Herbal Suppl Ltd,BSE only,BSE Equity,,X,Active
4420,INE683A01023,Y,SOUTHBANK,532218,SOUTHBANK,The South Indian Bank Limited,NSE+BSE,NSE Mainboard,EQ,A,Active
4421,INE298B01010,Y,,540174,SOUTHERNIN,SOUTHERN INFOCONSULTANTS LIMITED,BSE only,BSE Equity,,X,Active
4422,INE308N01012,Y,,513498,SOUTHMG,Southern Magnesium And Chemicals Lt,BSE only,BSE Equity,,X,Active
4423,INE980Y01015,Y,SOUTHWEST,543986,SOUTHWEST,South West Pinnacle Exploration Limited,NSE+BSE,NSE Mainboard,EQ,B,Active
4424,INE410M01018,Y,,514454,SOUTLAT,Southern Latex Ltd.,BSE only,BSE Equity,,X,Active
4425,INE959D01013,Y,,523826,SOVERDIA,Sovereign Diamonds Ltd,BSE only,BSE Equity,,X,Active
4426,INE726X01014,Y,,542376,SPACAPS,SPA Capital Services Limited,BSE only,BSE Equity,,XT,Active
4427,INE797Z01028,Y,,541890,SPACEINCUBA,Space Incubatrics Technologies Limited,BSE only,BSE Equity,,XT,Active
4428,INE212I01016,Y,SPAL,540048,SPAL,S. P. Apparels Limited,NSE+BSE,NSE Mainboard,EQ,B,Active
4429,INE572J01011,Y,SPANDANA,542759,SPANDANA,Spandana Sphoorty Financial Limited,NSE+BSE,NSE Mainboard,EQ,B,Active
4430,INE960B01015,Y,,531370,SPAR,SPARC ELECTREX LIMITED,BSE only,BSE Equity,,X,Active
4431,INE232I01014,Y,SPARC,532872,SPARC,Sun Pharma Advanced Research Company Limited,NSE+BSE,NSE Mainboard,EQ,B,Active
4432,INE618F01010,Y,,530037,SPARKLEGR,SPARKLE GOLD ROCK LIMITED,BSE only,BSE Equity,,X,Active
4433,INE102F01015,Y,,530289,SPCAPIT,S.P.Capital Financing Ltd.,BSE only,BSE Equity,,X,Active
4434,INE970N01027,Y,SPCENET,,,Spacenet Enterprises India Limited,NSE only,NSE Mainboard,EQ,,
4435,INE0T7B01010,Y,SPCL,,,Shivalic Power Control Limited,NSE only,NSE SME (Emerge),SM,,
4436,INE0TPJ01019,Y,SPCON,,,Srinibas Pradhan Constructions Limited,NSE only,NSE SME (Emerge),SM,,
4437,INE1CW901027,Y,SPEB,,,Speb Adhesives Limited,NSE only,NSE SME (Emerge),ST,,
4438,INE547C01018,Y,,531982,SPECFOOD,Spectrum Foods Limited,BSE only,BSE Equity,,X,Active
4439,INE247M01014,Y,SPECIALITY,534425,SPECIALITY,Speciality Restaurants Limited,NSE+BSE,NSE Mainboard,EQ,B,Active
4440,INE848B01012,Y,,513687,SPECTRA,Spectra Industries Ltd.,BSE only,BSE Equity,,Z,Active
4441,INE01EO01010,Y,SPECTRUM,544386,SPECTRUM,Spectrum Electrical Industries Limited,NSE+BSE,NSE Mainboard,BE,T,Active
4442,INE0OL001018,Y,SPECTSTM,,,Spectrum Talent Management Limited,NSE only,NSE SME (Emerge),SM,,
4443,INE252A01019,Y,,517166,SPELS,SPEL Semiconductor Ltd.,BSE only,BSE Equity,,X,Active
4444,INE020801028,Y,SPENCERS,542337,SPENCERS,Spencer's Retail Limited,NSE+BSE,NSE Mainboard,EQ,B,Active
4445,INE175C01018,Y,,526161,SPENTA,Spenta International Ltd.,BSE only,BSE Equity,,XT,Active
4446,INE147A01011,Y,SPIC,590030,SPIC,Southern Petrochemicals Industries Corporation  Limited,NSE+BSE,NSE Mainboard,EQ,B,Active
4447,INE882D01017,Y,,526827,SPICEISLIN,SPICE ISLANDS INDUSTRIES LIMITED,BSE only,BSE Equity,,XT,Active
4448,INE285B01017,Y,,500285,SPICEJET,SpiceJet Limited,BSE only,BSE Equity,,B,Active
4449,INE631E01024,Y,,539895,SPICELOUNG,SPICE LOUNGE FOOD WORKS LIMITED,BSE only,BSE Equity,,B,Active
4450,INE10XX01012,Y,,544392,SPINAROO,SPINAROO COMMERCIAL LIMITED,BSE only,BSE Equity,,M,Active
4451,INE0JSJ01014,Y,,543464,SPITZE,Maruti Interior Products Limited,BSE only,BSE Equity,,M,Active
4452,INE0RDR01012,Y,,544035,SPL,Swashthik Plascon Limited,BSE only,BSE Equity,,M,Active
4453,INE978G01016,Y,SPLIL,532651,SPLIL,SPL Industries Limited,NSE+BSE,NSE Mainboard,EQ,B,Active
4454,INE663A01033,Y,SPLPETRO,500405,SPLPETRO,Supreme Petrochem Limited,NSE+BSE,NSE Mainboard,EQ,A,Active
4455,INE0R0M01014,Y,,544738,SPML,SPECIALITY MEDICINES LIMITED,BSE only,BSE Equity,,M,Active
4456,INE937A01023,Y,SPMLINFRA,500402,SPMLINFRA,SPML Infra Limited,NSE+BSE,NSE Mainboard,EQ,B,Active
4457,INE885H01029,Y,SPORTKING,539221,SPORTKING,Sportking India Limited,NSE+BSE,NSE Mainboard,EQ,B,Active
4458,INE0QR801013,Y,SPPPOLY,,,SPP Polymer Limited,NSE only,NSE SME (Emerge),SM,,
4459,INE537U01037,Y,,540079,SPRAYKING,Sprayking Limited,BSE only,BSE Equity,,B,Active
4460,INE179O01031,Y,,531205,SPRIGHT,SPRIGHT AGRO LIMITED,BSE only,BSE Equity,,X,Active
4461,INE0JW501011,Y,SPRL,,,Sp Refractories Limited,NSE only,NSE SME (Emerge),SM,,
4462,INE318K01025,Y,,533110,SPSL,Shree Precoated Steels Limited,BSE only,BSE Equity,,X,Active
4463,INE233P01017,Y,,519238,SPTRSHI,Saptarishi Agro Industries Ltd,BSE only,BSE Equity,,X,Active
4464,INE19QH01010,Y,SPUNWEB,,,Spunweb Nonwoven Limited,NSE only,NSE SME (Emerge),SM,,
4465,INE177E01010,Y,,512221,SPVGLOBAL,SPV GLOBAL TRADING LIMITED,BSE only,BSE Equity,,XT,Active
4466,INE777G01012,Y,,531359,SRAMSET,Shriram Asset Management Co.Ltd.,BSE only,BSE Equity,,X,Active
4467,INE01NE01012,Y,SRD,542232,SRD,Shankar Lal Rampal Dye-Chem Limited,NSE+BSE,NSE Mainboard,EQ,B,Active
4468,INE377C01010,Y,,514248,SRECR,Sree chem Resins Ltd,BSE only,BSE Equity,,P,Active
4469,INE099F01013,Y,SREEL,535601,SREEL,Sreeleathers Limited,NSE+BSE,NSE Mainboard,EQ,B,Active
4470,INE606K01049,Y,,539217,SRESTHA,Srestha Finvest Limited,BSE only,BSE Equity,,X,Active
4471,INE647A01010,Y,SRF,503806,SRF,SRF Limited,NSE+BSE,NSE Mainboard,EQ,A,Active
4472,INE326P01019,Y,,536710,SRGFFL,SRG FINGROW FINANCE LIMITED,BSE only,BSE Equity,,M,Active
4473,INE559N01010,Y,SRGHFL,534680,SRGHFL,SRG Housing Finance Limited,NSE+BSE,NSE Mainboard,EQ,B,Active
4474,INE917H01012,Y,SRHHYPOLTD,532842,SRHHYPOLTD,Sree Rayalaseema Hi-Strength Hypo Limited,NSE+BSE,NSE Mainboard,EQ,B,Active
4475,INE827D01020,Y,,518053,SRICC,Sri Chakra Cement Limited,BSE only,BSE Equity,,X,Active
4476,INE0RJ901010,Y,,544399,SRIGEE,SRIGEE DLM LIMITED,BSE only,BSE Equity,,M,Active
4477,INE009C01019,Y,,514442,SRIKPRIND,Sri KPR Industries Ltd,BSE only,BSE Equity,,X,Active
4478,INE443E01016,Y,,521234,SRINACHA,Sri Nachammai Cotton Mills Ltd.,BSE only,BSE Equity,,X,Active
4479,INE0NPI01014,Y,SRIVASAVI,,,Srivasavi Adhesive Tapes Limited,NSE only,NSE SME (Emerge),ST,,
4480,INE0R6Z01013,Y,SRM,544158,SRM,SRM Contractors Limited,NSE+BSE,NSE Mainboard,EQ,B,Active
4481,INE306D01017,Y,,521178,SRMCL,Sri Ramakrishna Mills (Coimbatore) Ltd.,BSE only,BSE Equity,,X,Active
4482,INE173J01018,Y,,523222,SRMENERGY,SRM Energy Limited,BSE only,BSE Equity,,X,Active
4483,INE0MNV01014,Y,,543615,SRSOLTD,SILICON RENTAL SOLUTIONS LIMITED,BSE only,BSE Equity,,M,Active
4484,INE19GK01015,Y,SRTL,544716,SRTL,Shree Ram Twistex Limited,NSE+BSE,NSE Mainboard,EQ,B,Active
4485,INE425C01017,Y,,540914,SRUSTEELS,SRU Steels Limited,BSE only,BSE Equity,,XT,Active
4486,INE0PQ101010,Y,SSDL,544230,SSDL,Saraswati Saree Depot Limited,NSE+BSE,NSE Mainboard,EQ,B,Active
4487,INE0RFP01011,Y,SSEGL,,,Sathlokhar Synergys E&C Global Limited,NSE only,NSE SME (Emerge),SM,,
4488,INE0ON201012,Y,SSFL,,,Srivari Spices And Foods Limited,NSE only,NSE SME (Emerge),ST,,
4489,IN9572J01019,Y,,890221,SSFLPP,Spandana Sphoorty Financial Limited,BSE only,BSE Equity,,B,Active
4490,INE0LY301010,Y,,544251,SSL,Share Samadhan Limited,BSE only,BSE Equity,,M,Active
4491,INE1U2R01013,Y,,544621,SSMD,SSMD AGROTECH INDIA LIMITED,BSE only,BSE Equity,,M,Active
4492,INE838C01011,Y,,530821,SSPDL,SSPDL Limited,BSE only,BSE Equity,,X,Active
4493,INE820R01017,Y,,539026,SSPNFIN,SSPN Finance Limited,BSE only,BSE Equity,,M,Active
4494,INE1EJ401023,Y,,544840,SSPRL,SILVERSTORM PARKS AND RESORTS LIMITED,BSE only,BSE Equity,,MT,Active
4495,INE0JNA01014,Y,,543461,SSTL,Safa Systems & Technologies Limited,BSE only,BSE Equity,,M,Active
4496,INE802C01033,Y,SSWL,513262,SSWL,Steel Strips Wheels Limited,NSE+BSE,NSE Mainboard,EQ,B,Active
4497,INE387D01025,Y,,513488,SSWRL,Shree Steel Wire Ropes Ltd.,BSE only,BSE Equity,,XT,Active
4498,INE0RGM01016,Y,,544171,STAL,Storage Technologies and Automation Limited,BSE only,BSE Equity,,MT,Active
4499,INE0RYC01010,Y,STALLION,544342,STALLION,Stallion India Fluorochemicals Limited,NSE+BSE,NSE Mainboard,BE,T,Active
4500,INE16QA01011,Y,,544659,STANBIK,STANBIK AGRO LIMITED,BSE only,BSE Equity,,M,Active
4501,INE625D01028,Y,,511700,STANCAP,Standard Capital Markets Ltd.,BSE only,BSE Equity,,X,Active
4502,INE01A001028,Y,STANLEY,544202,STANLEY,Stanley Lifestyles Limited,NSE+BSE,NSE Mainboard,EQ,B,Active
4503,INE457D01018,Y,,530931,STANPACK,Stanpacks (India) Ltd.,BSE only,BSE Equity,,X,Active
4504,INE441L01015,Y,,506105,STANROS,Stanrose Mafatlal Investments & Fin,BSE only,BSE Equity,,X,Active
4505,INE939A01011,Y,STAR,532531,STAR,Strides Pharma Science Limited,NSE+BSE,NSE Mainboard,EQ,A,Active
4506,INE460H01021,Y,STARCEMENT,540575,STARCEMENT,Star Cement Limited,NSE+BSE,NSE Mainboard,EQ,B,Active
4507,INE541K01014,Y,,539255,STARDELTA,STAR DELTA TRANSFORMERS LIMITED,BSE only,BSE Equity,,X,Active
4508,INE575P01011,Y,STARHEALTH,543412,STARHEALTH,Star Health and Allied Insurance Company Limited,NSE+BSE,NSE Mainboard,EQ,A,Active
4509,INE526R01028,Y,,539017,STARHFL,STAR HOUSING FINANCE LIMITED,BSE only,BSE Equity,,XT,Active
4510,INE0YG001013,Y,,544482,STARIMAGIN,STAR IMAGING AND PATH LAB LIMITED,BSE only,BSE Equity,,M,Active
4511,INE594W01042,Y,,540492,STARLENT,STARLINEPS ENTERPRISES LIMITED,BSE only,BSE Equity,,B,Active
4512,INE580C01019,Y,,520155,STARLOG,Starlog Enterprises Limited,BSE only,BSE Equity,,X,Active
4513,INE733A01018,Y,STARPAPER,516022,STARPAPER,Star Paper Mills Limited,NSE+BSE,NSE Mainboard,EQ,B,Active
4514,INE320M01019,Y,,506365,STARSOURCE,STARSOURCE MULTITRADE LIMITED,BSE only,BSE Equity,,X,Active
4515,INE992I01013,Y,STARTECK,512381,STARTECK,Starteck Finance Limited,NSE+BSE,NSE Mainboard,EQ,B,Active
4516,INE655A01013,Y,STCINDIA,512531,STCINDIA,The State Trading Corporation of India Limited,NSE+BSE,NSE Mainboard,EQ,B,Active
4517,INE110Q01023,Y,,514197,STCORP,S & T Corporation Limited,BSE only,BSE Equity,,X,Active
4518,INE502C01039,Y,,504180,STDBAT,Standard Batteries Ltd.,BSE only,BSE Equity,,X,Active
4519,INE307D01015,Y,,526231,STDSFAC,Standard Surfactants Ltd.,BSE only,BSE Equity,,X,Active
4520,INE124E01038,Y,STEELCAS,513517,STEELCAS,Steelcast Limited,NSE+BSE,NSE Mainboard,EQ,B,Active
4521,INE395H01011,Y,STEELCITY,,,Steel City Securities Limited,NSE only,NSE Mainboard,EQ,,
4522,INE629B01032,Y,,500399,STEELCO,Steelco Gujarat Ltd,BSE only,BSE Equity,,XT,Active
4523,INE503B01021,Y,STEELXIND,534748,STEELXIND,STEEL EXCHANGE INDIA LIMITED,NSE+BSE,NSE Mainboard,EQ,B,Active
4524,INE577L01016,Y,STEL,533316,STEL,Stel Holdings Limited,NSE+BSE,NSE Mainboard,EQ,B,Active
4525,INE395F01023,Y,,526071,STELLANT,STELLANT SECURITIES (INDIA) LIMITED,BSE only,BSE Equity,,XT,Active
4526,INE325P01011,Y,,536738,STELLAR,STELLAR CAPITAL SERVICES LIMITED,BSE only,BSE Equity,,M,Active
4527,INE623D01015,Y,,531509,STEP2COR,Step Two Corporation Ltd.,BSE only,BSE Equity,,X,Active
4528,INE067E01013,Y,,513575,STERPOW,Sterling Powergensys Limited,BSE only,BSE Equity,,X,Active
4529,INE334A01023,Y,STERTOOLS,530759,STERTOOLS,Sterling Tools Limited,NSE+BSE,NSE Mainboard,BE,T,Active
4530,INE088G01014,Y,,516108,STHINPA,South India Paper Mills Ltd.,BSE only,BSE Equity,,X,Active
4531,INE402Y01028,Y,,540738,STL,Shreeji Translogistics Limited,BSE only,BSE Equity,,B,Active
4532,INE1VXE01018,Y,STLNETWORK,544395,STLNETWORK,STL Networks Limited,NSE+BSE,NSE Mainboard,EQ,B,Active
4533,INE205F01016,Y,,513173,STLSTRINF,Steel Strips Infrastructures Limited,BSE only,BSE Equity,,X,Active
4534,INE089C01029,Y,STLTECH,532374,STLTECH,Sterlite Technologies Limited,NSE+BSE,NSE Mainboard,BE,T,Active
4535,INE0MSK01016,Y,,543622,STML,STEELMAN TELECOM LIMITED,BSE only,BSE Equity,,M,Active
4536,INE755D01015,Y,,504959,STOVACQ,Stovec Industries Ltd.,BSE only,BSE Equity,,X,Active
4537,INE00IN01015,Y,STOVEKRAFT,543260,STOVEKRAFT,Stove Kraft Limited,NSE+BSE,NSE Mainboard,EQ,B,Active
4538,INE268X01017,Y,,541633,STRAEXPO,Sophia Traexpo Limited,BSE only,BSE Equity,,XT,Active
4539,INE473C01025,Y,,530495,STRATMONT,STRATMONT INDUSTRIES LIMITED,BSE only,BSE Equity,,X,Active
4540,INE398F01019,Y,,526500,STRGRENWO,Sterling Green  Woods  Limited,BSE only,BSE Equity,,X,Active
4541,INE1XWN01017,Y,STRIDERS,,,Striders Impex Limited,NSE only,NSE SME (Emerge),SM,,
4542,INE00Q601028,Y,STUDDS,544599,STUDDS,Studds Accessories Limited,NSE+BSE,NSE Mainboard,EQ,B,Active
4543,INE17VO01028,Y,STUDIOLSD,,,Studio LSD Limited,NSE only,NSE SME (Emerge),SM,,
4544,INE04VU01023,Y,STYL,544533,STYL,Seshaasai Technologies Limited,NSE+BSE,NSE Mainboard,EQ,B,Active
4545,INE239C01020,Y,STYLAMIND,526951,STYLAMIND,Stylam Industries Limited,NSE+BSE,NSE Mainboard,EQ,B,Active
4546,INE01FR01028,Y,STYLEBAAZA,544243,STYLEBAAZA,Baazar Style Retail Limited,NSE+BSE,NSE Mainboard,EQ,B,Active
4547,INE189B01011,Y,STYRENIX,506222,STYRENIX,Styrenix Performance Materials Limited,NSE+BSE,NSE Mainboard,EQ,B,Active
4548,INE0RYR01018,Y,SUBAHOTELS,,,Suba Hotels Limited,NSE only,NSE SME (Emerge),SM,,
4549,INE0U6201010,Y,,544267,SUBAM,SUBAM PAPERS LIMITED,BSE only,BSE Equity,,M,Active
4550,INE754A01055,Y,SUBEXLTD,532348,SUBEXLTD,Subex Limited,NSE+BSE,NSE Mainboard,BE,T,Active
4551,INE287B01021,Y,SUBROS,517168,SUBROS,Subros Limited,NSE+BSE,NSE Mainboard,EQ,B,Active
4552,INE690D01014,Y,,530231,SUBSM,Subhash Silk Mills Ltd.,BSE only,BSE Equity,,XT,Active
4553,INE366G01022,Y,,530883,SUCROSA,Super Crop Safe Ltd.,BSE only,BSE Equity,,X,Active
4554,INE618D01015,Y,,506003,SUDAI,Sudal Industries Limited,BSE only,BSE Equity,,X,Active
4555,INE492A01029,Y,SUDARCOLOR,506390,SUDARCOLOR,Sudarshan Colorants India Limited,NSE+BSE,NSE Mainboard,EQ,B,Active
4556,INE659A01023,Y,SUDARSCHEM,506655,SUDARSCHEM,Sudarshan Chemical Industries Limited,NSE+BSE,NSE Mainboard,EQ,A,Active
4557,INE00TV01023,Y,,543828,SUDARSHAN,SUDARSHAN PHARMA INDUSTRIES LIMITED,BSE only,BSE Equity,,M,Active
4558,INE0QPI01025,Y,SUDEEPPHRM,544619,SUDEEPPHRM,Sudeep Pharma Limited,NSE+BSE,NSE Mainboard,EQ,B,Active
4559,INE691D01012,Y,,521113,SUDTIND-B,Suditi Industries Ltd.,BSE only,BSE Equity,,X,Active
4560,INE249U01013,Y,,540318,SUERYAAKNI,Sueryaa Knitwear Limited,BSE only,BSE Equity,,XT,Active
4561,INE309D01011,Y,,511654,SUGALDAM,Sugal & Damani Share Brokers Ltd.,BSE only,BSE Equity,,X,Active
4562,INE0XX801016,Y,,544501,SUGSLLOYD,SUGS LLOYD LIMITED,BSE only,BSE Equity,,M,Active
4563,INE029H01016,Y,,539117,SUJALA,Sujala Trading & Holdings Ltd.,BSE only,BSE Equity,,X,Active
4564,INE450E01029,Y,SUKHJITS,524542,SUKHJITS,Sukhjit Starch & Chemicals Limited,NSE+BSE,NSE Mainboard,EQ,B,Active
4565,INE142Q01026,Y,SULA,543711,SULA,Sula Vineyards Limited,NSE+BSE,NSE Mainboard,EQ,B,Active
4566,INE673M01029,Y,,508969,SULABEN,Sulabh Engineers & Services Limited,BSE only,BSE Equity,,X,Active
4567,INE886B01012,Y,,530419,SUMEDHA,Sumedha Fiscal Services Ltd.,BSE only,BSE Equity,,X,Active
4568,INE235C01036,Y,SUMEETINDS,514211,SUMEETINDS,Sumeet Industries Limited,NSE+BSE,NSE Mainboard,EQ,B,Active
4569,INE764B01029,Y,,530445,SUMERUIND,Sumeru Industries Ltd.,BSE only,BSE Equity,,X,Active
4570,INE258G01013,Y,SUMICHEM,542920,SUMICHEM,Sumitomo Chemical India Limited,NSE+BSE,NSE Mainboard,EQ,A,Active
4571,INE748Z01013,Y,SUMIT,,,Sumit Woods Limited,NSE only,NSE Mainboard,EQ,,
4572,INE519C01017,Y,SUMMITSEC,533306,SUMMITSEC,Summit Securities Limited,NSE+BSE,NSE Mainboard,EQ,B,Active
4573,INE584D01019,Y,,530795,SUNCITYSY,Suncity Synthetics Ltd.,BSE only,BSE Equity,,X,Active
4574,INE0Q3R01026,Y,SUNCLAY,544066,SUNCLAY,Sundaram Clayton Limited,NSE+BSE,NSE Mainboard,EQ,B,Active
4575,INE108E01023,Y,SUNDARAM,533166,SUNDARAM,Sundaram Multi Pap Limited,NSE+BSE,NSE Mainboard,EQ,B,Active
4576,INE660A01013,Y,SUNDARMFIN,590071,SUNDARMFIN,Sundaram Finance Limited,NSE+BSE,NSE Mainboard,EQ,B,Active
4577,INE073D01013,Y,SUNDRMBRAK,590072,SUNDRMBRAK,Sundaram Brake Linings Limited,NSE+BSE,NSE Mainboard,BE,T,Active
4578,INE387A01021,Y,SUNDRMFAST,500403,SUNDRMFAST,Sundram Fasteners Limited,NSE+BSE,NSE Mainboard,EQ,A,Active
4579,INE209A01019,Y,SUNDROP,500215,SUNDROP,Sundrop Brands Limited,NSE+BSE,NSE Mainboard,EQ,B,Active
4580,INE947A01014,Y,SUNFLAG,500404,SUNFLAG,Sunflag Iron And Steel Company Limited,NSE+BSE,NSE Mainboard,EQ,B,Active
4581,INE271D01013,Y,,531433,SUNGOLD,Sungold Capital Ltd.,BSE only,BSE Equity,,X,Active
4582,INE224D01012,Y,,530953,SUNILAGR,Sunil Agro Foods ltd.,BSE only,BSE Equity,,X,Active
4583,INE124M01015,Y,,521232,SUNILTX,Sunil Industries Ltd.,BSE only,BSE Equity,,P,Active
4584,INE0Q1S01010,Y,,544001,SUNITATOOL,Sunita Tools Limited,BSE only,BSE Equity,,MT,Active
4585,INE0U2N01013,Y,SUNLITE,,,Sunlite Recycling Industries Limited,NSE only,NSE SME (Emerge),SM,,
4586,INE671C01016,Y,,537253,SUNLOC,Sunil Healthcare Limited,BSE only,BSE Equity,,X,Active
4587,INE044A01036,Y,SUNPHARMA,524715,SUNPHARMA,Sun Pharmaceutical Industries Limited,NSE+BSE,NSE Mainboard,EQ,A,Active
4588,INE459D01014,Y,,523425,SUNRAJDI,Sunraj Diamond Exports Ltd.,BSE only,BSE Equity,,XT,Active
4589,INE671K01027,Y,,539300,SUNRAKSHAK,SUNRAKSHAKK INDUSTRIES INDIA LIMITED,BSE only,BSE Equity,,X,Active
4590,INE0PLZ01012,Y,SUNREST,,,Sunrest Lifescience Limited,NSE only,NSE SME (Emerge),SM,,
4591,INE206Z01020,Y,,542025,SUNRETAIL,Sun Retail Limited,BSE only,BSE Equity,,M,Active
4592,INE371U01015,Y,,501110,SUNRINV,Sunrise Industrial Traders Ltd.,BSE only,BSE Equity,,XT,Active
4593,INE199E01014,Y,,530845,SUNSHIEL,Sunshield Chemicals Ltd.,BSE only,BSE Equity,,X,Active
4594,INE10CM01027,Y,,544566,SUNSKY,Sunsky Logistics Limited,BSE only,BSE Equity,,M,Active
4595,INE0SGZ01016,Y,SUNTECH,,,Suntech Infra Solutions Limited,NSE only,NSE SME (Emerge),ST,,
4596,INE805D01034,Y,SUNTECK,512179,SUNTECK,Sunteck Realty Limited,NSE+BSE,NSE Mainboard,EQ,B,Active
4597,INE424H01027,Y,SUNTV,532733,SUNTV,Sun TV Network Limited,NSE+BSE,NSE Mainboard,EQ,A,Active
4598,INE091C01017,Y,,512527,SUPER,Super Sales India Ltd.,BSE only,BSE Equity,,XT,Active
4599,INE897A01011,Y,,530735,SUPERBAK,Super Bakers (India) Ltd.,BSE only,BSE Equity,,X,Active
4600,INE712B01010,Y,SUPERHOUSE,523283,SUPERHOUSE,Superhouse Limited,NSE+BSE,NSE Mainboard,EQ,B,Active
4601,INE574R01028,Y,,539835,SUPERIOR,Superior Finlease Limited,BSE only,BSE Equity,,X,Active
4602,INE16IQ01014,Y,,544381,SUPERIRON,Super Iron Foundry Limited,BSE only,BSE Equity,,M,Active
4603,INE00SY01011,Y,,541701,SUPERSHAKT,Supershakti Metaliks Limited,BSE only,BSE Equity,,M,Active
4604,INE662A01027,Y,SUPERSPIN,521180,SUPERSPIN,Super Spinning Mills Limited,NSE+BSE,NSE Mainboard,BE,T,Active
4605,INE881B01054,Y,,526133,SUPERTEX,Supertex Industries Ltd,BSE only,BSE Equity,,X,Active
4606,INE549S01036,Y,,539561,SUPHA,SUPHA PHARMACHEM LIMITED,BSE only,BSE Equity,,Z,Active
4607,INE399C01030,Y,SUPRAJIT,532509,SUPRAJIT,Suprajit Engineering Limited,NSE+BSE,NSE Mainboard,EQ,A,Active
4608,INE268T01015,Y,,540168,SUPRAPFSL,Supra Pacific Financial Services Limited,BSE only,BSE Equity,,X,Active
4609,INE533B01028,Y,,511539,SUPRATRE,Supra Trends Limited,BSE only,BSE Equity,,X,Active
4610,INE822E01011,Y,SUPREME,530677,SUPREME,Supreme Holdings & Hospitality (India) Limited,NSE+BSE,NSE Mainboard,EQ,B,Active
4611,INE319Z01021,Y,SUPREMEENG,,,Supreme Engineering Limited,NSE only,NSE Mainboard,BZ,,
4612,INE195A01028,Y,SUPREMEIND,509930,SUPREMEIND,Supreme Industries Limited,NSE+BSE,NSE Mainboard,EQ,A,Active
4613,INE550H01011,Y,SUPREMEINF,532904,SUPREMEINF,Supreme Infrastructure India Limited,NSE+BSE,NSE Mainboard,EQ,B,Active
4614,INE0QHG01026,Y,SUPREMEPWR,,,Supreme Power Equipment Limited,NSE only,NSE SME (Emerge),SM,,
4615,INE07RO01027,Y,SUPRIYA,543434,SUPRIYA,Supriya Lifescience Limited,NSE+BSE,NSE Mainboard,EQ,B,Active
4616,INE460D01038,Y,,523842,SUPTANERY,Super Tannery Limited,BSE only,BSE Equity,,X,Active
4617,INE069E01019,Y,,518075,SURAJ,Suraj Products Ltd.,BSE only,BSE Equity,,Z,Active
4618,INE843S01025,Y,SURAJEST,544054,SURAJEST,Suraj Estate Developers Limited,NSE+BSE,NSE Mainboard,EQ,B,Active
4619,IN9170U01035,Y,,890226,SURAJINDPP,Suraj Industries Limited.,BSE only,BSE Equity,,X,Active
4620,INE713C01016,Y,SURAJLTD,531638,SURAJLTD,Suraj Limited,NSE+BSE,NSE Mainboard,EQ,B,Active
4621,INE877V01027,Y,SURAKSHA,544293,SURAKSHA,Suraksha Diagnostic Limited,NSE+BSE,NSE Mainboard,EQ,B,Active
4622,INE272L01022,Y,SURANASOL,533298,SURANASOL,Surana Solar Limited,NSE+BSE,NSE Mainboard,EQ,B,Active
4623,INE130B01031,Y,SURANAT&P,517530,SURANAT&P,Surana Telecom and Power Limited,NSE+BSE,NSE Mainboard,EQ,B,Active
4624,INE01ZJ01015,Y,SURANI,,,Surani Steel Tubes Limited,NSE only,NSE SME (Emerge),SM,,
4625,INE936A01025,Y,,530185,SURATRAML,Surat Trade and Mercantile Limited,BSE only,BSE Equity,,X,Active
4626,INE899E01019,Y,,514260,SURBHIN,Surbhi Industries Limited,BSE only,BSE Equity,,XT,Active
4627,INE565E01016,Y,,519604,SURFI,Suryo Foods & Industries Ltd.,BSE only,BSE Equity,,X,Active
4628,INE170U01011,Y,,526211,SURJIND,Suraj Industries Limited.,BSE only,BSE Equity,,X,Active
4629,INE360J01011,Y,,533101,SURYAAMBA,Suryaamba Spinning Mills Limited,BSE only,BSE Equity,,X,Active
4630,INE446E01019,Y,,539253,SURYAINDIA,Surya India Limited,BSE only,BSE Equity,,X,Active
4631,INE132C01027,Y,SURYALA,514138,SURYALA,Suryalata Spinning Mills Limited,NSE+BSE,NSE Mainboard,EQ,B,Active
4632,INE713B01026,Y,SURYALAXMI,521200,SURYALAXMI,Suryalakshmi Cotton Mills Limited,NSE+BSE,NSE Mainboard,EQ,B,Active
4633,INE335A01020,Y,SURYAROSNI,500336,SURYAROSNI,Surya Roshni Limited,NSE+BSE,NSE Mainboard,EQ,B,Active
4634,INE428Q01011,Y,SURYODAY,543279,SURYODAY,Suryoday Small Finance Bank Limited,NSE+BSE,NSE Mainboard,EQ,B,Active
4635,INE2L0V01019,Y,,544793,SUSAN,Susan Electricals India Limited,BSE only,BSE Equity,,M,Active
4636,INE645H01027,Y,SUTLEJTEX,532782,SUTLEJTEX,Sutlej Textiles and Industries Limited,NSE+BSE,NSE Mainboard,BE,T,Active
4637,INE495B01038,Y,SUVEN,530239,SUVEN,Suven Life Sciences Limited,NSE+BSE,NSE Mainboard,EQ,B,Active
4638,INE018401013,Y,SUVIDHAA,543281,SUVIDHAA,Suvidhaa Infoserve Limited,NSE+BSE,NSE Mainboard,EQ,B,Active
4639,INE442P01014,Y,SUYOG,537259,SUYOG,Suyog Telematics Limited,NSE+BSE,NSE Mainboard,EQ,B,Active
4640,INE040H01021,Y,SUZLON,532667,SUZLON,Suzlon Energy Limited,NSE+BSE,NSE Mainboard,EQ,A,Active
4641,INE763K01014,Y,,531885,SVAINDIA,SVA India Ltd,BSE only,BSE Equity,,P,Active
4642,INE119B01018,Y,,523722,SVAMSOF,Svam Software Ltd,BSE only,BSE Equity,,X,Active
4643,INE895A01023,Y,,512257,SVARTCORP,Swasti Vinayaka Art And Heritage Corporation Ltd,BSE only,BSE Equity,,X,Active
4644,INE038B01010,Y,,524488,SVCIND,SVC INDUSTRIES LIMITED,BSE only,BSE Equity,,X,Active
4645,INE159L01013,Y,,535621,SVGLOBAL,S V Global Mill Limited,BSE only,BSE Equity,,X,Active
4646,INE0JZS01010,Y,,543799,SVJ,S.V.J.ENTERPRISES LIMITED,BSE only,BSE Equity,,M,Active
4647,INE00CE01017,Y,SVLL,,,Shree Vasu Logistics Limited,NSE only,NSE Mainboard,BE,,
4648,INE308E01029,Y,SVPGLOB,505590,SVPGLOB,SVP GLOBAL TEXTILES LIMITED,NSE+BSE,NSE Mainboard,BE,T,Active
4649,INE0HLJ01013,Y,,543373,SVRL,Shri Venkatesh Refineries Limited,BSE only,BSE Equity,,T,Active
4650,INE0MID01012,Y,,543745,SVS,SVS VENTURES LIMITED,BSE only,BSE Equity,,M,Active
4651,INE948K01011,Y,,503659,SW1,SW Investments Limited,BSE only,BSE Equity,,XT,Active
4652,INE716M01034,Y,,506863,SWADEIN,Swadeshi Industries Leasing Co. Ltd,BSE only,BSE Equity,,X,Active
4653,INE0P4R01017,Y,,531039,SWADHATURE,Swadha Nature Limited,BSE only,BSE Equity,,X,Active
4654,INE243N01029,Y,,503816,SWADPOL,Swadeshi Polytex Ltd.,BSE only,BSE Equity,,X,Active
4655,INE150R01019,Y,,539406,SWAGTAM,Swagtam Trading & Services Limited,BSE only,BSE Equity,,X,Active
4656,INE0GEN01012,Y,,544082,SWANAGRO,New Swan Multitech Limited,BSE only,BSE Equity,,M,Active
4657,INE665A01038,Y,SWANCORP,503310,SWANCORP,SWAN CORP LIMITED,NSE+BSE,NSE Mainboard,EQ,A,Active
4658,INE542F01020,Y,SWANDEF,533107,SWANDEF,Swan Defence and Heavy Industries Limited,NSE+BSE,NSE Mainboard,BE,T,Active
4659,INE0GMR01016,Y,SWARAJ,,,Swaraj Suiting Limited,NSE only,NSE Mainboard,EQ,,
4660,INE277A01016,Y,SWARAJENG,500407,SWARAJENG,Swaraj Engines Limited,NSE+BSE,NSE Mainboard,EQ,B,Active
4661,INE967A01012,Y,,526365,SWARNSAR,SWARNSARITA JEWELS INDIA LIMITED,BSE only,BSE Equity,,X,Active
4662,INE0TIR01017,Y,,544368,SWASTH,Swasth Foodtech India Limited,BSE only,BSE Equity,,M,Active
4663,INE0DGC01025,Y,SWASTIK,,,Swastik Pipe Limited,NSE only,NSE SME (Emerge),ST,,
4664,INE691C01022,Y,,530585,SWASTIKA,SWASTIKA INVESTMART LIMITED,BSE only,BSE Equity,,XT,Active
4665,INE0PTF01017,Y,,544452,SWASTIKAAL,Swastika Castal Limited,BSE only,BSE Equity,,MT,Active
4666,INE804A01025,Y,,510245,SWASTIVI,Swasti Vinayaka Synthetics Ltd.,BSE only,BSE Equity,,X,Active
4667,INE210F01016,Y,,543914,SWATIPRO,Swati Projects Limited,BSE only,BSE Equity,,X,Active
4668,INE409B01013,Y,SWELECTES,532051,SWELECTES,Swelect Energy Systems Limited,NSE+BSE,NSE Mainboard,EQ,B,Active
4669,INE00H001014,Y,SWIGGY,544285,SWIGGY,Swiggy Limited,NSE+BSE,NSE Mainboard,EQ,A,Active
4670,INE010C01025,Y,,523558,SWISSMLTRY,SWISS MILITARY CONSUMER GOODS LIMITED,BSE only,BSE Equity,,X,Active
4671,INE311D01017,Y,,517201,SWITCHTE,Switching Technologies Gunther Ltd.,BSE only,BSE Equity,,XT,Active
4672,INE295B01016,Y,,530217,SWOJAS,SWOJAS FOODS LIMITED,BSE only,BSE Equity,,X,Active
4673,INE595G01018,Y,,531003,SWRNASE,Swarna Securities Ltd.,BSE only,BSE Equity,,X,Active
4674,INE00M201021,Y,SWSOLAR,542760,SWSOLAR,Sterling and Wilson Renewable Energy Limited,NSE+BSE,NSE Mainboard,EQ,B,Active
4675,INE706F01021,Y,,511447,SYLPH,Sylph Industries Limited,BSE only,BSE Equity,,X,Active
4676,INE01IH01015,Y,SYLVANPLY,,,Sylvan Plyboard (India) Limited,NSE only,NSE SME (Emerge),SM,,
4677,INE653R01012,Y,,539278,SYMBIOX,Symbiox Investment & Trading Co. Ltd.,BSE only,BSE Equity,,X,Active
4678,INE225D01027,Y,SYMPHONY,517385,SYMPHONY,Symphony Limited,NSE+BSE,NSE Mainboard,EQ,B,Active
4679,INE312C01025,Y,SYNCOMF,524470,SYNCOMF,Syncom Formulations (India) Limited,NSE+BSE,NSE Mainboard,EQ,B,Active
4680,INE398R01022,Y,SYNGENE,539268,SYNGENE,Syngene International Limited,NSE+BSE,NSE Mainboard,EQ,A,Active
4681,INE0BTR01012,Y,SYNOPTICS,,,Synoptics Technologies Limited,NSE only,NSE SME (Emerge),ST,,
4682,INE0DYJ01015,Y,SYRMA,543573,SYRMA,Syrma SGS Technology Limited,NSE+BSE,NSE Mainboard,EQ,A,Active
4683,INE121D01036,Y,,531173,SYSCHEM,Syschem (India) Ltd.,BSE only,BSE Equity,,X,Active
4684,INE0O7R01011,Y,SYSTANGO,,,Systango Technologies Limited,NSE only,NSE SME (Emerge),SM,,
4685,INE1KLZ01011,Y,,544541,SYSTEMATIC,SYSTEMATIC INDUSTRIES LIMITED,BSE only,BSE Equity,,M,Active
4686,INE356B01024,Y,SYSTMTXC,526506,SYSTMTXC,Systematix Corporate Services Limited,NSE+BSE,NSE Mainboard,BE,T,Active
4687,INE07P301011,Y,,531432,SYTIXSE,Systematix Securities Ltd.,BSE only,BSE Equity,,XT,Active
4688,INE524T01011,Y,TAALTECH,539956,TAALTECH,Taal Tech Limited,NSE+BSE,NSE Mainboard,EQ,B,Active
4689,INE0SOY01013,Y,TAC,,,TAC Infosec Limited,NSE only,NSE SME (Emerge),ST,,
4690,INE385D01029,Y,,516032,TAHMARENT,TAHMAR ENTERPRISES LIMITED,BSE only,BSE Equity,,XT,Active
4691,INE358D01018,Y,,519483,TAIIND,Tai Industries Ltd.,BSE only,BSE Equity,,X,Active
4692,INE123C01018,Y,TAINWALCHM,507785,TAINWALCHM,Tainwala Chemical and Plastic (I) Limited,NSE+BSE,NSE Mainboard,EQ,B,Active
4693,INE586B01026,Y,TAJGVK,532390,TAJGVK,Taj GVK Hotels & Resorts Limited,NSE+BSE,NSE Mainboard,EQ,B,Active
4694,INE142I01023,Y,TAKE,532890,TAKE,TAKE Limited,NSE+BSE,NSE Mainboard,EQ,B,Active
4695,INE14OX01013,Y,,544471,TAKYON,TAKYON NETWORKS LIMITED,BSE only,BSE Equity,,M,Active
4696,INE187D01029,Y,TALBROAUTO,505160,TALBROAUTO,Talbros Automotive Components Limited,NSE+BSE,NSE Mainboard,EQ,B,Active
4697,INE717E01013,Y,,538987,TALBROSENG,TALBROS ENGINEERING LIMITED,BSE only,BSE Equity,,X,Active
4698,INE864J01012,Y,TAMBOLIIN,533170,TAMBOLIIN,Tamboli Industries Limited,NSE+BSE,NSE Mainboard,BE,T,Active
4699,INE692C01020,Y,,522229,TANAA,Taneja Aerospace & Aviation Ltd.,BSE only,BSE Equity,,X,Active
4700,INE896J01014,Y,,512062,TANDHANIN,TANDHAN INDUSTRIES LIMITED,BSE only,BSE Equity,,XT,Active
4701,INE639B01023,Y,,506854,TANFACIND,TANFAC Industries Ltd.,BSE only,BSE Equity,,B,Active
4702,INE0Z7N01017,Y,TANKUP,,,Tankup Engineers Limited,NSE only,NSE SME (Emerge),ST,,
4703,INE483C01032,Y,TANLA,532790,TANLA,Tanla Platforms Limited,NSE+BSE,NSE Mainboard,EQ,A,Active
4704,INE978V01015,Y,,540332,TANVI,Tanvi Foods (India) Limited,BSE only,BSE Equity,,M,Active
4705,INE614R01014,Y,,505685,TAPARIA,Taparia Tools Ltd.,BSE only,BSE Equity,,X,Active
4706,INE0M7001010,Y,TAPIFRUIT,,,Tapi Fruit Processing Limited,NSE only,NSE SME (Emerge),SM,,
4707,INE555Z01020,Y,TARACHAND,,,Tara Chand InfraLogistic Solutions Limited,NSE only,NSE Mainboard,EQ,,
4708,INE906C01016,Y,,519285,TARAI,Tarai Foods Ltd.,BSE only,BSE Equity,,Z,Active
4709,INE747K01017,Y,TARAPUR,533203,TARAPUR,Tarapur Transformers Limited,NSE+BSE,NSE Mainboard,EQ,B,Active
4710,INE0EK901012,Y,TARC,543249,TARC,TARC Limited,NSE+BSE,NSE Mainboard,EQ,B,Active
4711,INE763I01026,Y,TARIL,532928,TARIL,Transformers And Rectifiers (India) Limited,NSE+BSE,NSE Mainboard,EQ,A,Active
4712,INE849M01017,Y,,538496,TARINI,Tarini International Limited,BSE only,BSE Equity,,M,Active
4713,INE924H01018,Y,TARMAT,532869,TARMAT,Tarmat Limited,NSE+BSE,NSE Mainboard,EQ,B,Active
4714,INE144Z01023,Y,TARSONS,543399,TARSONS,Tarsons Products Limited,NSE+BSE,NSE Mainboard,EQ,B,Active
4715,INE552H01017,Y,,512271,TASHIND,Tashi India Ltd.,BSE only,BSE Equity,,XT,Active
4716,INE488B01017,Y,TASTYBITE,519091,TASTYBITE,Tasty Bite Eatables Limited,NSE+BSE,NSE Mainboard,EQ,B,Active
4717,INE976I01016,Y,TATACAP,544574,TATACAP,Tata Capital Limited,NSE+BSE,NSE Mainboard,EQ,A,Active
4718,INE092A01019,Y,TATACHEM,500770,TATACHEM,Tata Chemicals Limited,NSE+BSE,NSE Mainboard,EQ,A,Active
4719,INE151A01013,Y,TATACOMM,500483,TATACOMM,Tata Communications Limited,NSE+BSE,NSE Mainboard,EQ,A,Active
4720,INE192A01025,Y,TATACONSUM,500800,TATACONSUM,TATA CONSUMER PRODUCTS LIMITED,NSE+BSE,NSE Mainboard,EQ,A,Active
4721,INE670A01012,Y,TATAELXSI,500408,TATAELXSI,Tata Elxsi Limited,NSE+BSE,NSE Mainboard,EQ,A,Active
4722,INE672A01026,Y,TATAINVEST,501301,TATAINVEST,Tata Investment Corporation Limited,NSE+BSE,NSE Mainboard,EQ,A,Active
4723,INE245A01021,Y,TATAPOWER,500400,TATAPOWER,Tata Power Company Limited,NSE+BSE,NSE Mainboard,EQ,A,Active
4724,INE081A01020,Y,TATASTEEL,500470,TATASTEEL,Tata Steel Limited,NSE+BSE,NSE Mainboard,EQ,A,Active
4725,INE142M01025,Y,TATATECH,544028,TATATECH,Tata Technologies Limited,NSE+BSE,NSE Mainboard,EQ,A,Active
4726,INE083G01031,Y,,521228,TATIAGLOB,Tatia Global Vennture Limited,BSE only,BSE Equity,,X,Active
4727,INE0GK401011,Y,TATVA,543321,TATVA,Tatva Chintan Pharma Chem Limited,NSE+BSE,NSE Mainboard,EQ,B,Active
4728,INE0XWS01018,Y,TAURIAN,,,Taurian MPS Limited,NSE only,NSE SME (Emerge),SM,,
4729,INE0N2D01013,Y,TBI,,,TBI Corn Limited,NSE only,NSE SME (Emerge),SM,,
4730,INE673O01025,Y,TBOTEK,544174,TBOTEK,TBO Tek Limited,NSE+BSE,NSE Mainboard,EQ,A,Active
4731,INE760L01018,Y,TBZ,534369,TBZ,Tribhovandas Bhimji Zaveri Limited,NSE+BSE,NSE Mainboard,EQ,B,Active
4732,INE887D01016,Y,TCC,512038,TCC,TCC Concept Limited,NSE+BSE,NSE Mainboard,EQ,B,Active
4733,INE389D01013,Y,,532284,TCFCFINQ,TCFC Finance Ltd,BSE only,BSE Equity,,X,Active
4734,INE688A01022,Y,TCI,532349,TCI,Transport Corporation of India Limited,NSE+BSE,NSE Mainboard,EQ,B,Active
4735,INE586V01016,Y,TCIEXP,540212,TCIEXP,TCI Express Limited,NSE+BSE,NSE Mainboard,EQ,B,Active
4736,INE911B01018,Y,TCIFINANCE,501242,TCIFINANCE,TCI Finance Limited,NSE+BSE,NSE Mainboard,BE,T,Active
4737,INE920B01019,Y,,532262,TCIIND,TCI Industries Ltd.,BSE only,BSE Equity,,X,Active
4738,INE0QJL01014,Y,TCL,,,Thaai Casting Limited,NSE only,NSE SME (Emerge),SM,,
4739,INE034F01010,Y,,524156,TCMLMTD,TCM Ltd.,BSE only,BSE Equity,,X,Active
4740,INE822C01015,Y,TCPLPACK,523301,TCPLPACK,TCPL Packaging Limited,NSE+BSE,NSE Mainboard,EQ,B,Active
4741,INE467B01029,Y,TCS,532540,TCS,Tata Consultancy Services Limited,NSE+BSE,NSE Mainboard,EQ,A,Active
4742,INE419M01027,Y,TDPOWERSYS,533553,TDPOWERSYS,TD Power Systems Limited,NSE+BSE,NSE Mainboard,EQ,A,Active
4743,INE773Y01014,Y,,540955,TDSL,Tasty Dairy Specialities Limited,BSE only,BSE Equity,,Z,Active
4744,INE601A01017,Y,,500458,TEAM24,TEAM24 CONSUMER PRODUCTS LIMITED,BSE only,BSE Equity,,X,Active
4745,INE289C01025,Y,TEAMGTY,511559,TEAMGTY,Team India Guaranty Limited,NSE+BSE,NSE Mainboard,EQ,B,Active
4746,INE985S01024,Y,TEAMLEASE,539658,TEAMLEASE,Teamlease Services Limited,NSE+BSE,NSE Mainboard,EQ,B,Active
4747,INE2OL601013,Y,TEAMTECH,,,Teamtech Formwork Solutions Limited,NSE only,NSE SME (Emerge),ST,,
4748,INE881P01013,Y,,509917,TECHCON,Technojet Consultants Ltd.,BSE only,BSE Equity,,XT,Active
4749,INE0Y5H01014,Y,TECHD,,,TechD Cybersecurity Limited,NSE only,NSE SME (Emerge),ST,,
4750,INE0JQS01019,Y,TECHERA,,,TechEra Engineering (India) Limited,NSE only,NSE SME (Emerge),SM,,
4751,INE0P4P01011,Y,,543991,TECHKGREEN,TECHKNOWGREEN SOLUTIONS LIMITED,BSE only,BSE Equity,,M,Active
4752,INE0QD201012,Y,TECHLABS,,,Trident Techlabs Limited,NSE only,NSE SME (Emerge),SM,,
4753,INE669C01036,Y,TECHM,532755,TECHM,Tech Mahindra Limited,NSE+BSE,NSE Mainboard,EQ,A,Active
4754,INE0ZHT01012,Y,,544327,TECHNICHEM,TECHNICHEM ORGANICS LIMITED,BSE only,BSE Equity,,M,Active
4755,INE285K01026,Y,TECHNOE,542141,TECHNOE,Techno Electric & Engineering Company Limited,NSE+BSE,NSE Mainboard,EQ,A,Active
4756,INE0MXP01015,Y,,543656,TECHNOPACK,Technopack Polymers Limited,BSE only,BSE Equity,,M,Active
4757,INE314H01012,Y,TECHNVISN,501421,TECHNVISN,TechNVision Ventures Limited,NSE+BSE,NSE Mainboard,EQ,B,Active
4758,INE014B01011,Y,TECILCHEM,506680,TECILCHEM,TECIL Chemicals and Hydro Power Limited,NSE+BSE,NSE Mainboard,EQ,B,Active
4759,INE757D01011,Y,,524204,TEEAI,Teesta Agro Industries Ltd,BSE only,BSE Equity,,X,Active
4760,INE011K01018,Y,TEGA,543413,TEGA,Tega Industries Limited,NSE+BSE,NSE Mainboard,EQ,A,Active
4761,INE0R1301019,Y,TEJA,,,Teja Engineering Industries Limited,NSE only,NSE SME (Emerge),SM,,
4762,INE17WC01013,Y,TEJASCARGO,,,Tejas Cargo India Limited,NSE only,NSE SME (Emerge),SM,,
4763,INE010J01012,Y,TEJASNET,540595,TEJASNET,Tejas Networks Limited,NSE+BSE,NSE Mainboard,EQ,A,Active
4764,INE173E01019,Y,,531628,TEJASSVI,TEJASSVI AAHARAM LIMITED,BSE only,BSE Equity,,XT,Active
4765,INE030T01027,Y,,539428,TEJNAKSH,Tejnaksh Healthcare Limited,BSE only,BSE Equity,,X,Active
4766,INE381G01013,Y,,530595,TELECANOR,TeleCanor Global Limited,BSE only,BSE Equity,,X,Active
4767,INE0SRP01014,Y,,544544,TELGE,TELGE PROJECTS LIMITED,BSE only,BSE Equity,,MT,Active
4768,INE778I01024,Y,,532975,TELOGICA,TELOGICA LIMITED,BSE only,BSE Equity,,XT,Active
4769,INE869Y01028,Y,TEMBO,,,Tembo Global Industries Limited,NSE only,NSE Mainboard,EQ,,
4770,INE19RI01016,Y,TENNIND,544612,TENNIND,Tenneco Clean Air India Limited,NSE+BSE,NSE Mainboard,EQ,B,Active
4771,INE390D01011,Y,,530533,TERAI,Terai Tea Co. Ltd.,BSE only,BSE Equity,,X,Active
4772,INE482B01010,Y,TERASOFT,533982,TERASOFT,Tera Software Limited,NSE+BSE,NSE Mainboard,EQ,B,Active
4773,INE122V01010,Y,,506162,TERRAFORM,Terraform Magnum Limited,BSE only,BSE Equity,,P,Active
4774,INE123V01018,Y,,512157,TERRAREAL,Terraform Realstate Limited,BSE only,BSE Equity,,P,Active
4775,INE594V01028,Y,,526638,TEXELIN,Texel Industries Ltd.,BSE only,BSE Equity,,X,Active
4776,INE435C01024,Y,TEXINFRA,505400,TEXINFRA,Texmaco Infrastructure & Holdings Limited,NSE+BSE,NSE Mainboard,EQ,B,Active
4777,INE141K01013,Y,TEXMOPIPES,533164,TEXMOPIPES,Texmo Pipes and Products Limited,NSE+BSE,NSE Mainboard,EQ,B,Active
4778,INE621L01012,Y,TEXRAIL,533326,TEXRAIL,Texmaco Rail & Engineering Limited,NSE+BSE,NSE Mainboard,EQ,A,Active
4779,INE305A01023,Y,TFCILTD,526650,TFCILTD,Tourism Finance Corporation of India Limited,NSE+BSE,NSE Mainboard,EQ,A,Active
4780,INE804H01012,Y,TFL,532812,TFL,Transwarranty Finance Limited,NSE+BSE,NSE Mainboard,EQ,B,Active
4781,INE027S01017,Y,,539488,TFLL,Tirupati Fin-Lease Ltd.,BSE only,BSE Equity,,XT,Active
4782,INE761R01013,Y,,539468,TFSL,Typhoon Financial Services Limited,BSE only,BSE Equity,,X,Active
4783,INE797H01018,Y,TGBHOTELS,532845,TGBHOTELS,TGB Banquets And Hotels Limited,NSE+BSE,NSE Mainboard,EQ,B,Active
4784,INE0SMU01015,Y,,544175,TGIF,TGIF AGRIBUSINESS LIMITED,BSE only,BSE Equity,,M,Active
4785,INE0K6601012,Y,TGL,,,Teerth Gopicon Limited,NSE only,NSE SME (Emerge),ST,,
4786,INE284B01028,Y,,507753,TGVSL,TGV SRAAC LIMITED,BSE only,BSE Equity,,B,Active
4787,INE077P01034,Y,THACKER,509945,THACKER,Thacker & Company Limited,NSE+BSE,NSE Mainboard,BE,T,Active
4788,INE403F01017,Y,THAKDEV,526654,THAKDEV,Thakkers Developers Limited,NSE+BSE,NSE Mainboard,EQ,B,Active
4789,INE04VT01017,Y,,507530,THAKKERS,THAKKERS GROUP LIMITED,BSE only,BSE Equity,,X,Active
4790,INE190F01028,Y,,509015,THAKRAL,Thakral Services (India) Limited,BSE only,BSE Equity,,X,Active
4791,INE085J01014,Y,THANGAMAYL,533158,THANGAMAYL,Thangamayil Jewellery Limited,NSE+BSE,NSE Mainboard,EQ,A,Active
4792,INE924D01017,Y,THEINVEST,530023,THEINVEST,The Investment Trust Of India Limited,NSE+BSE,NSE Mainboard,EQ,B,Active
4793,INE121N01019,Y,THEJO,,,Thejo Engineering Limited,NSE only,NSE Mainboard,EQ,,
4794,INE0AQ201015,Y,THELEELA,544408,THELEELA,Leela Palaces Hotels & Resorts Limited,NSE+BSE,NSE Mainboard,EQ,A,Active
4795,INE083B01024,Y,THEMISMED,530199,THEMISMED,Themis Medicare Limited,NSE+BSE,NSE Mainboard,EQ,B,Active
4796,INE152A01029,Y,THERMAX,500411,THERMAX,Thermax Limited,NSE+BSE,NSE Mainboard,EQ,A,Active
4797,INE0SHE01019,Y,THESL,,,Thinking Hats Entertainment Solutions Limited,NSE only,NSE SME (Emerge),ST,,
4798,INE365S01045,Y,,539310,THINKINK,THINKINK PICTUREZ LIMITED,BSE only,BSE Equity,,X,Active
4799,INE332A01027,Y,THOMASCOOK,500413,THOMASCOOK,Thomas Cook  (India)  Limited,NSE+BSE,NSE Mainboard,EQ,A,Active
4800,INE480M01011,Y,THOMASCOTT,533941,THOMASCOTT,Thomas Scott (India) Limited,NSE+BSE,NSE Mainboard,EQ,B,Active
4801,INE0UK501010,Y,,544214,THREEMPAPE,THREE M PAPER BOARDS LIMITED,BSE only,BSE Equity,,M,Active
4802,INE628D01014,Y,,523120,THRIVE,THRIVE FUTURE HABITATS LIMITED,BSE only,BSE Equity,,X,Active
4803,INE594H01019,Y,THYROCARE,539871,THYROCARE,Thyrocare Technologies Limited,NSE+BSE,NSE Mainboard,EQ,A,Active
4804,INE133E01013,Y,TI,507205,TI,Tilaknagar Industries Limited,NSE+BSE,NSE Mainboard,EQ,A,Active
4805,INE388G01026,Y,TICL,532738,TICL,Twamev Construction and Infrastructure Limited,NSE+BSE,NSE Mainboard,BE,T,Active
4806,INE05CY01014,Y,,543531,TIERRA,Tierra Agrotech Limited,BSE only,BSE Equity,,X,Active
4807,INE906O01029,Y,TIGERLOGS,536264,TIGERLOGS,Tiger Logistics (India) Limited,NSE+BSE,NSE Mainboard,BE,T,Active
4808,INE811B01010,Y,,522294,TIGLOB,T & I Global Ltd.,BSE only,BSE Equity,,X,Active
4809,INE502D01011,Y,,523752,TIHIL,TRANS INDIA HOUSE IMPEX LIMITED,BSE only,BSE Equity,,XT,Active
4810,INE545H01011,Y,TIIL,532804,TIIL,Technocraft Industries (India) Limited,NSE+BSE,NSE Mainboard,EQ,B,Active
4811,INE974X01010,Y,TIINDIA,540762,TIINDIA,Tube Investments of India Limited,NSE+BSE,NSE Mainboard,EQ,A,Active
4812,INE440L01017,Y,TIJARIA,533629,TIJARIA,Tijaria Polypipes Limited,NSE+BSE,NSE Mainboard,EQ,B,Active
4813,INE806C01018,Y,TIL,505196,TIL,TIL Limited,NSE+BSE,NSE Mainboard,BE,T,Active
4814,INE026L01022,Y,,503663,TILAK,Tilak Ventures Limited,BSE only,BSE Equity,,XT,Active
4815,INE0IJY01014,Y,TIMESCAN,,,Timescan Logistics (India) Limited,NSE only,NSE SME (Emerge),SM,,
4816,INE0B6101012,Y,,543310,TIMESGREEN,Times Green Energy (India) Limited,BSE only,BSE Equity,,MT,Active
4817,INE508G01029,Y,TIMETECHNO,532856,TIMETECHNO,Time Technoplast Limited,NSE+BSE,NSE Mainboard,EQ,A,Active
4818,INE064A01026,Y,TIMEX,500414,TIMEX,Timex Group India Limited,NSE+BSE,NSE Mainboard,EQ,B,Active
4819,INE325A01013,Y,TIMKEN,522113,TIMKEN,Timken India Limited,NSE+BSE,NSE Mainboard,EQ,A,Active
4820,INE015C01016,Y,TINNARUBR,530475,TINNARUBR,Tinna Rubber and Infrastructure Limited,NSE+BSE,NSE Mainboard,EQ,B,Active
4821,INE1U6D01014,Y,,544740,TIPCO,Tipco Engineering India Limited,BSE only,BSE Equity,,MT,Active
4822,INE0LQS01015,Y,TIPSFILMS,543614,TIPSFILMS,Tips Films Limited,NSE+BSE,NSE Mainboard,EQ,B,Active
4823,INE716B01029,Y,TIPSMUSIC,532375,TIPSMUSIC,Tips Music Limited,NSE+BSE,NSE Mainboard,EQ,A,Active
4824,INE297J01023,Y,,531814,TIRSARJ,Tirupati Sarjan Ltd.,BSE only,BSE Equity,,X,Active
4825,INE008N01018,Y,,526675,TIRTPLS,Tirth Plastic Ltd.,BSE only,BSE Equity,,X,Active
4826,INE115G01015,Y,,540904,TIRUFOAM,TIRUPATI FOAM LIMITED,BSE only,BSE Equity,,X,Active
4827,INE338A01024,Y,TIRUMALCHM,500412,TIRUMALCHM,Thirumalai Chemicals Limited,NSE+BSE,NSE Mainboard,EQ,B,Active
4828,INE238Y01018,Y,TIRUPATI,,,Shree Tirupati Balajee FIBC Limited,NSE only,NSE SME (Emerge),SM,,
4829,INE319Y01024,Y,TIRUPATIFL,,,Tirupati Forge Limited,NSE only,NSE Mainboard,BE,,
4830,INE812Q01016,Y,,539040,TIRUPATIIN,TIRUPATI INNOVAR LIMITED,BSE only,BSE Equity,,X,Active
4831,INE314D01011,Y,,524582,TIRUSTA,Tirupati Starch & Chemicals Ltd.,BSE only,BSE Equity,,X,Active
4832,INE120V01014,Y,,539985,TITAANIUM,Titaanium Ten Enterprise Limited,BSE only,BSE Equity,,MT,Active
4833,INE615H01020,Y,TITAGARH,532966,TITAGARH,TITAGARH RAIL SYSTEMS LIMITED,NSE+BSE,NSE Mainboard,EQ,A,Active
4834,INE280A01028,Y,TITAN,500114,TITAN,Titan Company Limited,NSE+BSE,NSE Mainboard,EQ,A,Active
4835,INE150C01029,Y,,524717,TITANBIO,Titan Bio-Tech Ltd.,BSE only,BSE Equity,,XT,Active
4836,INE807M01031,Y,,521005,TITANIN,TITAN INTECH LIMITED,BSE only,BSE Equity,,X,Active
4837,INE090D01017,Y,,530045,TITANSEC,Titan Securities Ltd.,BSE only,BSE Equity,,X,Active
4838,INE0MKA01014,Y,,543616,TLL,Trident Lifeline Limited,BSE only,BSE Equity,,M,Active
4839,INE668A01016,Y,TMB,543596,TMB,Tamilnad Mercantile Bank Limited,NSE+BSE,NSE Mainboard,EQ,A,Active
4840,INE1TAE01010,Y,TMCV,544569,TMCV,Tata Motors Limited,NSE+BSE,NSE Mainboard,EQ,B,Active
4841,INE155A01022,Y,TMPV,500570,TMPV,Tata Motors Passenger Vehicles Limited,NSE+BSE,NSE Mainboard,EQ,A,Active
4842,INE148A01019,Y,TNPETRO,500777,TNPETRO,Tamilnadu PetroProducts Limited,NSE+BSE,NSE Mainboard,EQ,B,Active
4843,INE107A01015,Y,TNPL,531426,TNPL,Tamil Nadu Newsprint & Papers Limited,NSE+BSE,NSE Mainboard,EQ,B,Active
4844,INE141D01018,Y,TNTELE,523419,TNTELE,Tamilnadu Telecommunication Limited,NSE+BSE,NSE Mainboard,EQ,B,Active
4845,INE546D01018,Y,,531644,TOKYOFIN,Tokyo Finance Ltd.,BSE only,BSE Equity,,X,Active
4846,INE932C01012,Y,TOKYOPLAST,500418,TOKYOPLAST,Tokyo Plast International Limited,NSE+BSE,NSE Mainboard,EQ,B,Active
4847,INE0RWQ01014,Y,TOLINS,544254,TOLINS,Tolins Tyres Limited,NSE+BSE,NSE Mainboard,EQ,B,Active
4848,INE685A01028,Y,TORNTPHARM,500420,TORNTPHARM,Torrent Pharmaceuticals Limited,NSE+BSE,NSE Mainboard,EQ,A,Active
4849,INE813H01021,Y,TORNTPOWER,532779,TORNTPOWER,Torrent Power Limited,NSE+BSE,NSE Mainboard,EQ,A,Active
4850,INE336X01012,Y,TOTAL,,,Total Transport Systems Limited,NSE only,NSE Mainboard,EQ,,
4851,INE0TT901016,Y,,544186,TOTEM,Forbes Precision Tools and Machine Parts Limited,BSE only,BSE Equity,,X,Active
4852,INE486Y01013,Y,TOUCHWOOD,,,Touchwood Entertainment Limited,NSE only,NSE Mainboard,EQ,,
4853,INE457P01020,Y,,538607,TOYAMSL,TOYAM SPORTS LIMITED,BSE only,BSE Equity,,X,Active
4854,INE065J01024,Y,TPHQ,533048,TPHQ,Teamo Productions HQ Limited,NSE+BSE,NSE Mainboard,EQ,B,Active
4855,INE578C01021,Y,,500421,TPINDIA,TPI India Ltd.,BSE only,BSE Equity,,X,Active
4856,INE413G01022,Y,TPLPLASTEH,526582,TPLPLASTEH,TPL Plastech Limited,NSE+BSE,NSE Mainboard,EQ,B,Active
4857,INE901C01017,Y,,538464,TPROJECT,Thirani Projects Limited,BSE only,BSE Equity,,X,Active
4858,INE773D01018,Y,,526139,TRABI,Transgene Biotek Ltd.,BSE only,BSE Equity,,X,Active
4859,INE0HMF01019,Y,TRACXN,543638,TRACXN,Tracxn Technologies Limited,NSE+BSE,NSE Mainboard,EQ,B,Active
4860,INE1GUJ01014,Y,,544594,TRADEUNO,GAME CHANGERS TEXFAB LIMITED,BSE only,BSE Equity,,M,Active
4861,INE819G01012,Y,,531203,TRADEWELL,TRADEWELL HOLDINGS LIMITED,BSE only,BSE Equity,,X,Active
4862,INE961E01017,Y,,509953,TRADWIN,Trade Wings Ltd.,BSE only,BSE Equity,,XT,Active
4863,INE074J01018,Y,,509003,TRANOCE,Transoceanic Properties Ltd.,BSE only,BSE Equity,,XT,Active
4864,INE019B01010,Y,,500422,TRANSCHEM,Transchem Limited.,BSE only,BSE Equity,,XT,Active
4865,INE330E01023,Y,,532410,TRANSCOR,Transcorp International Ltd.,BSE only,BSE Equity,,X,Active
4866,INE213P01027,Y,,519367,TRANSFD,Transglobe Foods Ltd.,BSE only,BSE Equity,,X,Active
4867,INE360D01014,Y,,513063,TRANSFRE,Trans-Freight Containers Ltd.,BSE only,BSE Equity,,X,Active
4868,INE06YD01010,Y,,542765,TRANSPACT,Transpact Enterprises Limited,BSE only,BSE Equity,,MS,Active
4869,INE687A01016,Y,TRANSPEK,506687,TRANSPEK,Transpek Industry Limited,NSE+BSE,NSE Mainboard,BE,T,Active
4870,INE454P01035,Y,TRANSRAILL,544317,TRANSRAILL,Transrail Lighting Limited,NSE+BSE,NSE Mainboard,EQ,A,Active
4871,INE0NVI01020,Y,TRANSTEEL,,,Transteel Seating Technologies Limited,NSE only,NSE SME (Emerge),SM,,
4872,INE0MPU01011,Y,,543754,TRANSVOY,TRANSVOY LOGISTICS INDIA LIMITED,BSE only,BSE Equity,,MT,Active
4873,INE792X01016,Y,TRANSWIND,,,Transwind Infrastructures Limited,NSE only,NSE SME (Emerge),SM,,
4874,INE757B01015,Y,TRANSWORLD,520151,TRANSWORLD,TRANSWORLD SHIPPING LINES LIMITED,NSE+BSE,NSE Mainboard,BE,T,Active
4875,INE0BIW01023,Y,,542923,TRANWAY21,TRANWAY21 TECHNOLOGIES LIMITED,BSE only,BSE Equity,,TS,Active
4876,INE103V01028,Y,TRAVELFOOD,544443,TRAVELFOOD,Travel Food Services Limited,NSE+BSE,NSE Mainboard,EQ,B,Active
4877,INE0SG001011,Y,,544242,TRAVELS,Travels & rentals Limited,BSE only,BSE Equity,,M,Active
4878,INE040M01013,Y,TREEHOUSE,533540,TREEHOUSE,Tree House Education & Accessories Limited,NSE+BSE,NSE Mainboard,EQ,B,Active
4879,INE00CA01015,Y,TREJHARA,542233,TREJHARA,TREJHARA SOLUTIONS LIMITED,NSE+BSE,NSE Mainboard,EQ,B,Active
4880,INE0O3901029,Y,TREL,543955,TREL,Transindia Real Estate Limited,NSE+BSE,NSE Mainboard,EQ,B,Active
4881,INE849A01020,Y,TRENT,500251,TRENT,Trent Limited,NSE+BSE,NSE Mainboard,EQ,A,Active
4882,INE088D01011,Y,,532159,TRESCON,TRESCON LIMITED,BSE only,BSE Equity,,X,Active
4883,INE391D01019,Y,TRF,505854,TRF,TRF Limited,NSE+BSE,NSE Mainboard,EQ,B,Active
4884,INE843F01014,Y,,531716,TRICOMFRU,Tricom Fruit Products Limited,BSE only,BSE Equity,,XT,Active
4885,INE064C01022,Y,TRIDENT,521064,TRIDENT,Trident Limited,NSE+BSE,NSE Mainboard,EQ,A,Active
4886,INE0LWY01029,Y,TRIDHYA,,,Tridhya Tech Limited,NSE only,NSE SME (Emerge),ST,,
4887,INE948A01012,Y,TRIGYN,517562,TRIGYN,Trigyn Technologies Limited,NSE+BSE,NSE Mainboard,EQ,B,Active
4888,INE778N01016,Y,,509046,TRILIANCE,TRILIANCE POLYMERS LIMITED,BSE only,BSE Equity,,X,Active
4889,INE884X01011,Y,,531846,TRINITYLEA,Trinity League India Limited,BSE only,BSE Equity,,X,Active
4890,INE234G01022,Y,,534755,TRIOMERC,Trio Mercantile & Trading Limited,BSE only,BSE Equity,,XT,Active
4891,INE331E01013,Y,,512101,TRIPR,Triochem Products Ltd.,BSE only,BSE Equity,,XT,Active
4892,INE238C01022,Y,,531279,TRISHAKT,Trishakti Industries Limited,BSE only,BSE Equity,,XT,Active
4893,INE440G01017,Y,,505978,TRITONV,Triton Valves Ltd.,BSE only,BSE Equity,,X,Active
4894,INE152M01016,Y,TRITURBINE,533655,TRITURBINE,Triveni Turbine Limited,NSE+BSE,NSE Mainboard,EQ,A,Active
4895,INE382B01012,Y,,532131,TRIUMPIN,Triumph International Finance India,BSE only,BSE Equity,,X,Active
4896,INE256C01024,Y,TRIVENI,532356,TRIVENI,Triveni Engineering & Industries Limited,NSE+BSE,NSE Mainboard,EQ,A,Active
4897,INE916P01025,Y,,538569,TRIVENIENT,Triveni Enterprises Limited,BSE only,BSE Equity,,X,Active
4898,INE094C01011,Y,,502281,TRIVENIGQ,Triveni Glass Ltd.,BSE only,BSE Equity,,XT,Active
4899,INE459Z01017,Y,,541228,TRL,Taylormade Renewables Limited,BSE only,BSE Equity,,B,Active
4900,INE0SYV01018,Y,TROM,,,Trom Industries Limited,NSE only,NSE SME (Emerge),SM,,
4901,INE615R01029,Y,TRU,540268,TRU,TruCap Finance Limited,NSE+BSE,NSE Mainboard,EQ,B,Active
4902,INE0MWH01014,Y,TRUALT,544545,TRUALT,TruAlt Bioenergy Limited,NSE+BSE,NSE Mainboard,EQ,B,Active
4903,INE1LDV01015,Y,,544531,TRUECOLORS,TRUE COLORS LIMITED,BSE only,BSE Equity,,M,Active
4904,INE672K01025,Y,,533407,TRUEGREEN,TRUE GREEN BIO ENERGY LIMITED,BSE only,BSE Equity,,XT,Active
4905,INE0SWN01019,Y,TRUST,,,Trust Fintech Limited,NSE only,NSE SME (Emerge),SM,,
4906,INE398H01015,Y,,532056,TRUSTEDGE,Trustedge Capital Limited,BSE only,BSE Equity,,X,Active
4907,INE16VK01010,Y,TSC,,,TSC India Limited,NSE only,NSE SME (Emerge),ST,,
4908,INE202Z01029,Y,TSFINV,,,TSF INVESTMENTS LIMITED,NSE only,NSE Mainboard,EQ,,
4909,INE541C01037,Y,,532444,TSPIRITUAL,T. Spiritual World Ltd.,BSE only,BSE Equity,,X,Active
4910,INE0XAY01012,Y,,544303,TTC,TOSS THE COIN LIMITED,BSE only,BSE Equity,,M,Active
4911,INE071Y01013,Y,,540726,TTFL,Trident Texofab Limited,BSE only,BSE Equity,,X,Active
4912,INE135H01029,Y,,512018,TTGIL,TOMORROW TECHNOLOGIES GLOBAL INNOVATIONS LIMITED,BSE only,BSE Equity,,X,Active
4913,INE404F01031,Y,,538597,TTIENT,TTI Enterprise Limited,BSE only,BSE Equity,,X,Active
4914,INE910C01018,Y,TTKHLTCARE,507747,TTKHLTCARE,TTK Healthcare Limited,NSE+BSE,NSE Mainboard,EQ,B,Active
4915,INE690A01028,Y,TTKPRESTIG,517506,TTKPRESTIG,TTK Prestige Limited,NSE+BSE,NSE Mainboard,EQ,B,Active
4916,INE592B01024,Y,TTL,514142,TTL,T T Limited,NSE+BSE,NSE Mainboard,EQ,B,Active
4917,INE664X01025,Y,,514236,TTLEL,TTL ENTERPRISES LIMITED,BSE only,BSE Equity,,XT,Active
4918,INE517B01013,Y,TTML,532371,TTML,Tata Teleservices (Maharashtra) Limited,NSE+BSE,NSE Mainboard,EQ,A,Active
4919,INE276N01011,Y,,524514,TULASEEBIOE,Tulasee Bio-Ethanol Ltd.,BSE only,BSE Equity,,ZP,Active
4920,INE463D01016,Y,,513629,TULSYAN,Tulsyan NEC Ltd,BSE only,BSE Equity,,X,Active
4921,INE560D01027,Y,,531411,TUNITEX,Tuni Textile Mills Ltd.,BSE only,BSE Equity,,X,Active
4922,INE0OXV01027,Y,TUNWAL,,,Tunwal E-Motors Limited,NSE only,NSE SME (Emerge),SM,,
4923,INE0OC301013,Y,TURTLEMINT,544799,TURTLEMINT,Turtlemint Fintech Solutions Limited,NSE+BSE,NSE Mainboard,EQ,B,Active
4924,INE319M01011,Y,,531301,TUSALDAH,TUSALDAH LIMITED,BSE only,BSE Equity,,X,Active
4925,INE400A01014,Y,,506808,TUTIALKA,TUTICORIN ALKALI CHEMICALS AND FERTILIZERS LIMITED,BSE only,BSE Equity,,X,Active
4926,INE747V01014,Y,,511096,TVOLCON,Tivoli Construction Ltd.,BSE only,BSE Equity,,XT,Active
4927,INE236G01019,Y,TVSELECT,532513,TVSELECT,TVS Electronics Limited,NSE+BSE,NSE Mainboard,EQ,B,Active
4928,INE105A01035,Y,TVSHLTD,520056,TVSHLTD,TVS Holdings Limited,NSE+BSE,NSE Mainboard,EQ,A,Active
4929,INE494B01023,Y,TVSMOTOR,532343,TVSMOTOR,TVS Motor Company Limited,NSE+BSE,NSE Mainboard,EQ,A,Active
4930,INE395N01027,Y,TVSSCS,543965,TVSSCS,TVS Supply Chain Solutions Limited,NSE+BSE,NSE Mainboard,EQ,B,Active
4931,INE421C01016,Y,TVSSRICHAK,509243,TVSSRICHAK,TVS Srichakra Limited,NSE+BSE,NSE Mainboard,EQ,B,Active
4932,INE038F01029,Y,TVTODAY,532515,TVTODAY,TV Today Network Limited,NSE+BSE,NSE Mainboard,EQ,B,Active
4933,INE871L01013,Y,TVVISION,540083,TVVISION,TV Vision Limited,NSE+BSE,NSE Mainboard,BE,T,Active
4934,INE436U01016,Y,,512117,TWIROST,Twin Roses Trades & Agencies Ltd.,BSE only,BSE Equity,,XT,Active
4935,INE443B01012,Y,,532384,TYCHE,Tyche Industries Ltd.,BSE only,BSE Equity,,X,Active
4936,INE2L3M01012,Y,,512307,TYPHOON,Typhoon Holdings Ltd.,BSE only,BSE Equity,,XT,Active
4937,INE945B01016,Y,,526945,TYROON,Tyroon Tea Co. Ltd.,BSE only,BSE Equity,,X,Active
4938,INE686F01025,Y,UBL,532478,UBL,United Breweries Limited,NSE+BSE,NSE Mainboard,EQ,A,Active
4939,INE139B01016,Y,UCAL,500464,UCAL,UCAL LIMITED,NSE+BSE,NSE Mainboard,EQ,B,Active
4940,INE926R01012,Y,,541358,UCIL,UNIFINZ CAPITAL INDIA LIMITED,BSE only,BSE Equity,,XT,Active
4941,INE00NI01015,Y,UCL,,,Ushanti Colour Chem Limited,NSE only,NSE SME (Emerge),ST,,
4942,INE691A01018,Y,UCOBANK,532505,UCOBANK,UCO Bank,NSE+BSE,NSE Mainboard,EQ,A,Active
4943,INE551B01012,Y,,539518,UDAYJEW,Uday Jewellery Industries Limited.,BSE only,BSE Equity,,X,Active
4944,INE851I01011,Y,UDS,543996,UDS,Updater Services Limited,NSE+BSE,NSE Mainboard,EQ,B,Active
4945,INE899L01030,Y,UEL,533644,UEL,Ujaas Energy Limited,NSE+BSE,NSE Mainboard,EQ,B,Active
4946,INE382M01027,Y,UFBL,543283,UFBL,United Foodbrands Limited,NSE+BSE,NSE Mainboard,BE,T,Active
4947,INE516A01017,Y,UFLEX,500148,UFLEX,UFLEX Limited,NSE+BSE,NSE Mainboard,EQ,B,Active
4948,INE832E01010,Y,,531610,UFMINDL,UFM Industries Ltd,BSE only,BSE Equity,,XT,Active
4949,INE527H01019,Y,UFO,539141,UFO,UFO Moviez India Limited,NSE+BSE,NSE Mainboard,EQ,B,Active
4950,INE071E01023,Y,UGARSUGAR,530363,UGARSUGAR,The Ugar Sugar Works Limited,NSE+BSE,NSE Mainboard,EQ,B,Active
4951,INE583D01011,Y,UGROCAP,511742,UGROCAP,Ugro Capital Limited,NSE+BSE,NSE Mainboard,EQ,B,Active
4952,INE0YZ901011,Y,,544779,UHMVL,UHM Vacation Limited,BSE only,BSE Equity,,M,Active
4953,INE0SMR01011,Y,UHTL,,,United Heat Transfer Limited,NSE only,NSE SME (Emerge),ST,,
4954,INE556Z01010,Y,,541338,UHZAVERI,U. H. ZAVERI LIMITED,BSE only,BSE Equity,,B,Active
4955,INE551W01018,Y,UJJIVANSFB,542904,UJJIVANSFB,Ujjivan Small Finance Bank Limited,NSE+BSE,NSE Mainboard,EQ,A,Active
4956,INE010R01023,Y,,538706,ULTRACAB,Ultracab (India) Limited,BSE only,BSE Equity,,X,Active
4957,INE481G01011,Y,ULTRACEMCO,532538,ULTRACEMCO,UltraTech Cement Limited,NSE+BSE,NSE Mainboard,EQ,A,Active
4958,INE405A01021,Y,ULTRAMAR,506685,ULTRAMAR,Ultramarine & Pigments Limited,NSE+BSE,NSE Mainboard,EQ,B,Active
4959,INE067901012,Y,UMA,,,Uma Converter Limited,NSE only,NSE SME (Emerge),SM,,
4960,INE0GIU01018,Y,UMAEXPORTS,543513,UMAEXPORTS,Uma Exports Limited,NSE+BSE,NSE Mainboard,BE,T,Active
4961,INE240C01028,Y,UMESLTD,532398,UMESLTD,Usha Martin Education & Solutions Limited,NSE+BSE,NSE Mainboard,EQ,B,Active
4962,INE173U01015,Y,,539798,UMIYA,Umiya Tubes Limited,BSE only,BSE Equity,,X,Active
4963,INE398B01018,Y,UMIYA-MRO,532376,UMIYA-MRO,UMIYA BUILDCON LIMITED,NSE+BSE,NSE Mainboard,EQ,B,Active
4964,INE1P1A01018,Y,,544464,UML,Umiya Mobile Limited,BSE only,BSE Equity,,M,Active
4965,INE361D01012,Y,,504605,UNIABEXAL,Uni-Abex Alloy Products Ltd.,BSE only,BSE Equity,,XT,Active
4966,INE203T01012,Y,,539314,UNIAUTO,Universal Autofoundry Limited,BSE only,BSE Equity,,B,Active
4967,INE351A01035,Y,UNICHEMLAB,506690,UNICHEMLAB,Unichem Laboratories Limited,NSE+BSE,NSE Mainboard,EQ,B,Active
4968,INE250G01010,Y,,541503,UNICK,Unick Fix-A- Form and Printers Limited,BSE only,BSE Equity,,X,Active
4969,INE961D01019,Y,UNIDT,522014,UNIDT,United Drilling Tools Limited,NSE+BSE,NSE Mainboard,BE,T,Active
4970,INE00U401027,Y,UNIECOM,544227,UNIECOM,Unicommerce Esolutions Limited,NSE+BSE,NSE Mainboard,EQ,B,Active
4971,INE037A01022,Y,UNIENTER,500429,UNIENTER,Uniphos Enterprises Limited,NSE+BSE,NSE Mainboard,EQ,B,Active
4972,INE1ABX01018,Y,,544406,UNIFIED,UNIFIED DATA TECH SOLUTIONS LIMITED,BSE only,BSE Equity,,M,Active
4973,INE0PRF01011,Y,UNIHEALTH,,,Unihealth Hospitals Limited,NSE only,NSE SME (Emerge),SM,,
4974,INE481Z01011,Y,UNIINFO,,,Uniinfo Telecom Services Limited,NSE only,NSE Mainboard,EQ,,
4975,INE130N01010,Y,,503671,UNIJOLL,Unijolly Investments Co. Ltd.,BSE only,BSE Equity,,XT,Active
4976,INE0B2801011,Y,UNILEX,,,Unilex Colours and Chemicals Limited,NSE only,NSE SME (Emerge),SM,,
4977,INE0U3I01011,Y,UNIMECH,544322,UNIMECH,Unimech Aerospace and Manufacturing Limited,NSE+BSE,NSE Mainboard,EQ,B,Active
4978,INE951C01012,Y,,523519,UNIOFFICE,Universal Office Automation Limited,BSE only,BSE Equity,,X,Active
4979,INE692A01016,Y,UNIONBANK,532477,UNIONBANK,Union Bank of India,NSE+BSE,NSE Mainboard,EQ,A,Active
4980,INE244O01017,Y,UNIPARTS,543689,UNIPARTS,Uniparts India Limited,NSE+BSE,NSE Mainboard,EQ,B,Active
4981,INE333E01019,Y,,530997,UNIQUEO,Unique Organics Ltd.,BSE only,BSE Equity,,X,Active
4982,INE980D01019,Y,,521226,UNIROYAL,Uniroyal Industries Ltd,BSE only,BSE Equity,,X,Active
4983,INE1FHV01026,Y,,544648,UNISEM,UNISEM AGRITECH LIMITED,BSE only,BSE Equity,,M,Active
4984,INE210P01015,Y,,537582,UNISHIRE,Unishire Urban Infra Limited,BSE only,BSE Equity,,M,Active
4985,INE099D01026,Y,,538610,UNISON,Unison Metals Ltd,BSE only,BSE Equity,,XT,Active
4986,INE858C01027,Y,,531091,UNITDCR,United Credit ltd.,BSE only,BSE Equity,,X,Active
4987,INE854D01024,Y,UNITDSPR,532432,UNITDSPR,United Spirits Limited,NSE+BSE,NSE Mainboard,EQ,A,Active
4988,INE694A01020,Y,UNITECH,507878,UNITECH,Unitech Limited,NSE+BSE,NSE Mainboard,EQ,B,Active
4989,INE706D01018,Y,,502893,UNITEDINT,United Interactive Limited,BSE only,BSE Equity,,X,Active
4990,INE368U01029,Y,UNITEDPOLY,544756,UNITEDPOLY,United Polyfab Gujarat Limited,NSE+BSE,NSE Mainboard,BE,T,Active
4991,INE458F01011,Y,UNITEDTEA,,,The United Nilgiri Tea Estates Company Limited,NSE only,NSE Mainboard,EQ,,
4992,INE929K01011,Y,,531867,UNITINT,Unitech International Ltd,BSE only,BSE Equity,,Z,Active
4993,INE464B01018,Y,,532378,UNIVARTS,Universal Arts Ltd,BSE only,BSE Equity,,X,Active
4994,INE562X01013,Y,UNIVASTU,,,Univastu India Limited,NSE only,NSE Mainboard,BE,,
4995,INE279A01012,Y,UNIVCABLES,504212,UNIVCABLES,Universal Cables Limited,NSE+BSE,NSE Mainboard,EQ,B,Active
4996,INE03V001013,Y,UNIVPHOTO,542933,UNIVPHOTO,Universus Photo Imagings Limited,NSE+BSE,NSE Mainboard,BE,T,Active
4997,INE113E01015,Y,,524408,UNIVSTAR,Universal Starch-Chem Allied Ltd.,BSE only,BSE Equity,,XT,Active
4998,INE728J01019,Y,,512408,UNIWSEC,Uniworth Securities Limited,BSE only,BSE Equity,,XT,Active
4999,INE576D01015,Y,,531762,UNJHAFOR,Unjha Formulations Ltd.,BSE only,BSE Equity,,XT,Active
5000,INE405E01023,Y,UNOMINDA,532539,UNOMINDA,UNO Minda Limited,NSE+BSE,NSE Mainboard,EQ,A,Active
5001,INE602H01010,Y,,526113,UNRYLMA,Uniroyal Marine Exports Ltd.,BSE only,BSE Equity,,X,Active
5002,INE357P01014,Y,,507808,UNTTEMI,United Leasing & Industries Ltd,BSE only,BSE Equity,,P,Active
5003,INE726E01014,Y,,509960,UPHOT,U.P. Hotels Ltd.,BSE only,BSE Equity,,X,Active
5004,INE628A01036,Y,UPL,512070,UPL,UPL Limited,NSE+BSE,NSE Mainboard,EQ,A,Active
5005,INE890B01014,Y,,531390,UPSURGE,Upsurge Investment And Finance Ltd.,BSE only,BSE Equity,,X,Active
5006,INE568Z01015,Y,URAVIDEF,543930,URAVIDEF,Uravi Defence and Technology Limited,NSE+BSE,NSE Mainboard,BE,T,Active
5007,INE0O0201019,Y,URBAN,,,Urban Enviro Waste Management Limited,NSE only,NSE SME (Emerge),SM,,
5008,INE0CAZ01013,Y,URBANCO,544515,URBANCO,Urban Company Limited,NSE+BSE,NSE Mainboard,EQ,A,Active
5009,INE550C01020,Y,URJA,526987,URJA,Urja Global Limited,NSE+BSE,NSE Mainboard,EQ,B,Active
5010,INE904R01027,Y,,539097,URSUGAR,UR SUGAR INDUSTRIES LIMITED,BSE only,BSE Equity,,B,Active
5011,INE0CBM01019,Y,USASEEDS,,,Upsurge Seeds Of Agriculture Limited,NSE only,NSE SME (Emerge),SM,,
5012,INE718B01017,Y,,532402,USGTECH,USG Tech Solutions Ltd,BSE only,BSE Equity,,XT,Active
5013,INE0LS001014,Y,USHAFIN,,,Usha Financial Services Limited,NSE only,NSE SME (Emerge),SM,,
5014,INE697C01011,Y,,511507,USHAKIRA,Ushakiran Finance Ltd.,BSE only,BSE Equity,,X,Active
5015,INE228A01035,Y,USHAMART,517146,USHAMART,Usha Martin Limited,NSE+BSE,NSE Mainboard,EQ,A,Active
5016,INE0N0Y01013,Y,USK,543861,USK,Udayshivakumar Infra Limited,NSE+BSE,NSE Mainboard,EQ,B,Active
5017,INE094J01016,Y,UTIAMC,543238,UTIAMC,UTI Asset Management Company Limited,NSE+BSE,NSE Mainboard,EQ,A,Active
5018,INE096A01010,Y,,500014,UTIQUE,UTIQUE ENTERPRISES LIMITED,BSE only,BSE Equity,,X,Active
5019,INE1V1R01014,Y,UTKAL,,,Utkal Speciality Industries India Limited,NSE only,NSE SME (Emerge),SM,,
5020,INE735W01017,Y,UTKARSHBNK,543942,UTKARSHBNK,Utkarsh Small Finance Bank Limited,NSE+BSE,NSE Mainboard,EQ,B,Active
5021,INE184E01024,Y,,500426,UTLINDS,UTL Industries Limited,BSE only,BSE Equity,,X,Active
5022,INE12UR01024,Y,UTLSOLAR,544613,UTLSOLAR,Fujiyama Power Systems Limited,NSE+BSE,NSE Mainboard,EQ,B,Active
5023,INE06IJ01010,Y,UTSSAV,,,Utssav CZ Gold Jewels Limited,NSE only,NSE SME (Emerge),ST,,
5024,INE786F01031,Y,UTTAMSUGAR,532729,UTTAMSUGAR,Uttam Sugar Mills Limited,NSE+BSE,NSE Mainboard,EQ,B,Active
5025,INE890G01047,Y,,522091,UVDRHOR,United Van Der Horst Ltd.,BSE only,BSE Equity,,X,Active
5026,INE528C01018,Y,,531652,UVS,UVS HOSPITALITY AND SERVICES LIMITED,BSE only,BSE Equity,,X,Active
5027,INE00F301010,Y,UWCSL,,,Ultra Wiring Connectivity System Limited,NSE only,NSE SME (Emerge),SM,,
5028,INE152C01025,Y,UYFINCORP,530579,UYFINCORP,U. Y. Fincorp Limited,NSE+BSE,NSE Mainboard,BE,T,Active
5029,INE945H01021,Y,V2RETAIL,532867,V2RETAIL,V2 Retail Limited,NSE+BSE,NSE Mainboard,EQ,B,Active
5030,INE418B01048,Y,,532320,VAARAD,Vaarad Ventures Ltd,BSE only,BSE Equity,,X,Active
5031,INE694D01016,Y,VADILALIND,519156,VADILALIND,Vadilal Industries Limited,NSE+BSE,NSE Mainboard,EQ,B,Active
5032,INE693D01018,Y,,519152,VADILENT,Vadilal Enterprises Ltd.,BSE only,BSE Equity,,X,Active
5033,INE0H3U01013,Y,,544778,VAHH,Vahh Chemicals Limited,BSE only,BSE Equity,,M,Active
5034,INE884A01027,Y,VAIBHAVGBL,532156,VAIBHAVGBL,Vaibhav Global Limited,NSE+BSE,NSE Mainboard,EQ,B,Active
5035,INE116E01018,Y,,526941,VAICC,Vaishno Cement Co. Ltd.,BSE only,BSE Equity,,P,Active
5036,INE972X01022,Y,VAISHALI,,,Vaishali Pharma Limited,NSE only,NSE Mainboard,EQ,,
5037,INE051B01021,Y,VAKRANGEE,511431,VAKRANGEE,Vakrangee Limited,NSE+BSE,NSE Mainboard,EQ,B,Active
5038,INE08RT01016,Y,,542910,VALENCIA,Valencia Nutrition Limited,BSE only,BSE Equity,,MS,Active
5039,INE760B01019,Y,,526775,VALIANT,Valiant Communications Ltd.,BSE only,BSE Equity,,X,Active
5040,INE0JWS01017,Y,VALIANTLAB,543998,VALIANTLAB,Valiant Laboratories Limited,NSE+BSE,NSE Mainboard,EQ,B,Active
5041,INE565V01010,Y,VALIANTORG,540145,VALIANTORG,Valiant Organics Limited,NSE+BSE,NSE Mainboard,BE,T,Active
5042,INE130701019,Y,,544433,VALINDIA,Valencia India Limited,BSE only,BSE Equity,,M,Active
5043,INE457E01016,Y,,513397,VALLABHSQ,Vallabh Steels ltd,BSE only,BSE Equity,,X,Active
5044,INE834E01016,Y,,539543,VALLEY,Valley Magnesite Company Limited,BSE only,BSE Equity,,X,Active
5045,INE0QP701017,Y,,544565,VALPLAST,Valplast Technologies Limited,BSE only,BSE Equity,,M,Active
5046,INE808A01018,Y,,530459,VALSONQ,Valson Industries Ltd.,BSE only,BSE Equity,,X,Active
5047,INE1E7Y01018,Y,VALUE360,,,Value 360 Communications Limited,NSE only,NSE SME (Emerge),SM,,
5048,INE685D01022,Y,,512175,VAMA,Vama Industries Limited,BSE only,BSE Equity,,X,Active
5049,INE1CDF01017,Y,VAML,544780,VAML,Vedanta Aluminium Metal Limited,NSE+BSE,NSE Mainboard,EQ,B,Active
5050,INE380C01014,Y,,530369,VAMSHIRU,Vamshi Rubber Ltd.,BSE only,BSE Equity,,X,Active
5051,INE0RDJ01019,Y,,544436,VANDAN,VANDAN FOODS LIMITED,BSE only,BSE Equity,,M,Active
5052,INE0RH001011,Y,,544329,VANDU,LEO DRYFRUITS & SPICES TRADING LIMITED,BSE only,BSE Equity,,M,Active
5053,INE661Q01017,Y,,538918,VANICOM,Vani Commercials Limited,BSE only,BSE Equity,,X,Active
5054,INE695X01011,Y,,540729,VANTABIO,Vanta Bioscience Limited,BSE only,BSE Equity,,MT,Active
5055,INE464D01014,Y,,502589,VAPIENTER,VAPI ENTERPRISE LIMITED,BSE only,BSE Equity,,XT,Active
5056,INE116G01013,Y,VARDHACRLC,,,Vardhman Acrylics Limited,NSE only,NSE Mainboard,BE,,
5057,INE128G01018,Y,,542931,VARDHANCFL,Vardhan Capital & Finance Limited,BSE only,BSE Equity,,XT,Active
5058,INE835A01029,Y,VARDMNPOLY,514175,VARDMNPOLY,Vardhman Polytex Limited,NSE+BSE,NSE Mainboard,EQ,B,Active
5059,INE717F01028,Y,,540570,VARIMAN,VARIMAN GLOBAL ENTERPRISES LIMITED,BSE only,BSE Equity,,X,Active
5060,INE665L01035,Y,VARROC,541578,VARROC,Varroc Engineering Limited,NSE+BSE,NSE Mainboard,EQ,A,Active
5061,INE442U01014,Y,,512511,VARUNME,Varun Mercantile Ltd.,BSE only,BSE Equity,,XT,Active
5062,INE0R6801013,Y,,544168,VARYAA,VARYAA CREATIONS LIMITED,BSE only,BSE Equity,,M,Active
5063,INE068Z01016,Y,VASA,,,Vasa Retail and Overseas Ltd,NSE only,NSE SME (Emerge),SM,,
5064,INE893I01013,Y,VASCONEQ,533156,VASCONEQ,Vascon Engineers Limited,NSE+BSE,NSE Mainboard,EQ,B,Active
5065,INE0WRP01016,Y,,544508,VASHISHTHA,VASHISHTHA LUXURY FASHION LIMITED,BSE only,BSE Equity,,M,Active
5066,INE192C01013,Y,,531574,VASINFRA,Vas Infrastructure  Ltd.,BSE only,BSE Equity,,XT,Active
5067,INE574G01013,Y,,538092,VASUPRADA,SHRI VASUPRADA PLANTATIONS LIMITED,BSE only,BSE Equity,,X,Active
5068,INE590L01019,Y,VASWANI,533576,VASWANI,Vaswani Industries Limited,NSE+BSE,NSE Mainboard,EQ,B,Active
5069,INE848D01018,Y,,511110,VBDESAI,V.B.Desai Financial Services Ltd,BSE only,BSE Equity,,X,Active
5070,INE334E01017,Y,,539123,VBIND,V B INDUSTRIES LIMITED,BSE only,BSE Equity,,X,Active
5071,INE200M01039,Y,VBL,540180,VBL,Varun Beverages Limited,NSE+BSE,NSE Mainboard,EQ,A,Active
5072,INE098201036,Y,VCL,,,Vaxtex Cotfab Limited,NSE only,NSE Mainboard,EQ,,
5073,INE962O01014,Y,,536672,VCU,VCU Data Management Limited,BSE only,BSE Equity,,X,Active
5074,INE0U2M01015,Y,VDEAL,,,Vdeal System Limited,NSE only,NSE SME (Emerge),SM,,
5075,INE0NC801013,Y,,543623,VEDANTASSET,VEDANT ASSET LIMITED,BSE only,BSE Equity,,MT,Active
5076,INE359B01010,Y,,533056,VEDAVAAG,VEDAVAAG Systems Limited,BSE only,BSE Equity,,X,Active
5077,INE205A01025,Y,VEDL,500295,VEDL,Vedanta Limited,NSE+BSE,NSE Mainboard,EQ,A,Active
5078,INE694L01019,Y,VEDPOWER,544781,VEDPOWER,Vedanta Power Limited,NSE+BSE,NSE Mainboard,EQ,B,Active
5079,INE484C01030,Y,VEEDOL,590005,VEEDOL,Veedol Corporation Limited,NSE+BSE,NSE Mainboard,EQ,B,Active
5080,INE0Q0M01015,Y,,543931,VEEFIN,VEEFIN SOLUTIONS LIMITED,BSE only,BSE Equity,,M,Active
5081,INE0KTW01013,Y,VEEKAYEM,,,Veekayem Fashion and Apparels Limited,NSE only,NSE SME (Emerge),SM,,
5082,INE255E01030,Y,,503657,VEERENRGY,Veer Energy & Infrastructure Limited,BSE only,BSE Equity,,X,Active
5083,INE882C01035,Y,,511523,VEERHEALTH,Veerhealth Care Limited,BSE only,BSE Equity,,XT,Active
5084,INE0ID001024,Y,,543545,VEERKRUPA,Veerkrupa Jewellers Limited,BSE only,BSE Equity,,M,Active
5085,INE603D01017,Y,,512026,VEGA,VEGA JEWELLERS LIMITED,BSE only,BSE Equity,,XT,Active
5086,INE560T01015,Y,,542803,VEL,Vaxfab Enterprises Limited,BSE only,BSE Equity,,X,Active
5087,INE548D01014,Y,,526755,VELHO,Velan Hotels Ltd.,BSE only,BSE Equity,,X,Active
5088,INE232E01013,Y,VELJAN,505232,VELJAN,Veljan Denison Limited,NSE+BSE,NSE Mainboard,BE,T,Active
5089,INE530D01012,Y,,531257,VELLORA,VELLORA IMPACT LIMITED,BSE only,BSE Equity,,X,Active
5090,INE092P01017,Y,,506178,VELOX,Velox Shipping and Logistics Limited,BSE only,BSE Equity,,XT,Active
5091,INE0I3H01019,Y,VELS,,,Vels Film International Limited,NSE only,NSE SME (Emerge),ST,,
5092,INE398A01010,Y,VENKEYS,523261,VENKEYS,Venky's (India) Limited,NSE+BSE,NSE Mainboard,EQ,B,Active
5093,INE204D01022,Y,,524038,VENLONENT,Venlon Enterprises Ltd.,BSE only,BSE Equity,,X,Active
5094,INE154G01022,Y,,531015,VENMAX,Venmax Drugs And Pharmaceuticals Ltd,BSE only,BSE Equity,,X,Active
5095,INE781S01027,Y,VENTIVE,544321,VENTIVE,Ventive Hospitality Limited,NSE+BSE,NSE Mainboard,EQ,B,Active
5096,INE810C01044,Y,,516098,VENTURA,Ventura Textiles Ltd.,BSE only,BSE Equity,,X,Active
5097,INE0JA001018,Y,VENUSPIPES,543528,VENUSPIPES,Venus Pipes & Tubes Limited,NSE+BSE,NSE Mainboard,EQ,B,Active
5098,INE411B01019,Y,VENUSREM,526953,VENUSREM,Venus Remedies Limited,NSE+BSE,NSE Mainboard,BE,T,Active
5099,INE709Z01015,Y,VERA,,,Vera Synthetic Limited,NSE only,NSE SME (Emerge),SM,,
5100,INE0IQ001011,Y,VERANDA,543514,VERANDA,Veranda Learning Solutions Limited,NSE+BSE,NSE Mainboard,EQ,B,Active
5101,INE0SRI01019,Y,VERITAAS,,,Veritaas Advertising Limited,NSE only,NSE SME (Emerge),SM,,
5102,INE379J01029,Y,,512229,VERITAS,Veritas (India) Limited,BSE only,BSE Equity,,XT,Active
5103,INE316D01024,Y,,531950,VERTEX,Vertex Securities Ltd.,BSE only,BSE Equity,,XT,Active
5104,INE0NLB01018,Y,VERTEXPLUS,,,Vertexplus Technologies Limited,NSE only,NSE SME (Emerge),SM,,
5105,IN9316D01014,Y,,890234,VERTEXPP,Vertex Securities Ltd.,BSE only,BSE Equity,,XT,Active
5106,INE188Y01031,Y,VERTOZ,,,Vertoz Limited,NSE only,NSE Mainboard,BE,,
5107,INE386A01023,Y,VESUVIUS,520113,VESUVIUS,Vesuvius India Limited,NSE+BSE,NSE Mainboard,EQ,A,Active
5108,INE918N01018,Y,VETO,539331,VETO,Veto Switchgears And Cables Limited,NSE+BSE,NSE Mainboard,BE,T,Active
5109,INE761Q01015,Y,,538732,VGCL,Vibrant Global Capital Limited,BSE only,BSE Equity,,XT,Active
5110,INE244W01010,Y,,543241,VGIL,Veer Global Infraconstruction Limited,BSE only,BSE Equity,,B,Active
5111,INE0VRH01015,Y,VGINFOTECH,,,Virtual Galaxy Infotech Limited,NSE only,NSE SME (Emerge),SM,,
5112,INE273D01027,Y,VGL,514274,VGL,VARVEE GLOBAL LIMITED,NSE+BSE,NSE Mainboard,EQ,B,Active
5113,INE951I01027,Y,VGUARD,532953,VGUARD,V-Guard Industries Limited,NSE+BSE,NSE Mainboard,EQ,A,Active
5114,INE701A01023,Y,VHL,500439,VHL,Vardhman Holdings Limited,NSE+BSE,NSE Mainboard,EQ,B,Active
5115,INE048C01025,Y,VHLTD,523796,VHLTD,Viceroy Hotels Limited,NSE+BSE,NSE Mainboard,BE,T,Active
5116,INE0MO401019,Y,VIAZ,,,Viaz Tyres Limited,NSE only,NSE SME (Emerge),SM,,
5117,INE203D01016,Y,,503349,VICTMILL,Victoria Mills Ltd.,BSE only,BSE Equity,,X,Active
5118,INE0F8901022,Y,VICTORYEV,,,Victory Electric Vehicles International Limited,NSE only,NSE SME (Emerge),ST,,
5119,INE632C01026,Y,VIDHIING,531717,VIDHIING,Vidhi Specialty Food Ingredients Limited,NSE+BSE,NSE Mainboard,EQ,B,Active
5120,INE14UN01029,Y,VIDYAWIRES,544633,VIDYAWIRES,Vidya Wires Limited,NSE+BSE,NSE Mainboard,EQ,B,Active
5121,INE0TR001017,Y,VIESL,,,Vision Infra Equipment Solutions Limited,NSE only,NSE SME (Emerge),SM,,
5122,INE1DM601016,Y,VIGOR,,,Vigor Plast India Limited,NSE only,NSE SME (Emerge),ST,,
5123,INE043W01024,Y,VIJAYA,543350,VIJAYA,Vijaya Diagnostic Centre Limited,NSE+BSE,NSE Mainboard,EQ,A,Active
5124,INE0WL901019,Y,VIJAYPD,,,Vijaypd Ceutical Limited,NSE only,NSE SME (Emerge),SM,,
5125,INE159N01027,Y,VIJIFIN,537820,VIJIFIN,Viji Finance Limited,NSE+BSE,NSE Mainboard,BE,T,Active
5126,INE362D01010,Y,,531069,VIJSOLX,Vijay Solvex Ltd.,BSE only,BSE Equity,,X,Active
5127,INE186E01011,Y,,531334,VIKALPS,Vikalp Securities Ltd.,BSE only,BSE Equity,,X,Active
5128,INE806A01020,Y,VIKASECO,530961,VIKASECO,Vikas EcoTech Limited,NSE+BSE,NSE Mainboard,EQ,B,Active
5129,INE161L01027,Y,VIKASLIFE,542655,VIKASLIFE,Vikas Lifecare Limited,NSE+BSE,NSE Mainboard,EQ,B,Active
5130,INE767B01022,Y,,531518,VIKASPROP,VIKAS PROPPANT & GRANITE LTD.,BSE only,BSE Equity,,Z,Active
5131,INE706A01022,Y,,519307,VIKASWSP,Vikas WSP Ltd.,BSE only,BSE Equity,,Z,Active
5132,INE0NR501012,Y,,544371,VIKRAMAR,VIKRAM AROMA LIMITED,BSE only,BSE Equity,,X,Active
5133,INE078V01014,Y,VIKRAMSOLR,544488,VIKRAMSOLR,Vikram Solar Limited,NSE+BSE,NSE Mainboard,EQ,A,Active
5134,INE337E01010,Y,,530477,VIKRAMTH,Vikram Thermo (India) Ltd.,BSE only,BSE Equity,,XT,Active
5135,INE01R501028,Y,VIKRAN,544496,VIKRAN,Vikran Engineering Limited,NSE+BSE,NSE Mainboard,EQ,B,Active
5136,INE965V01020,Y,,506196,VIKSHEN,Viksit Engineering Ltd,BSE only,BSE Equity,,XT,Active
5137,INE0AZY01017,Y,VILAS,,,Vilas Transcore Limited,NSE only,NSE SME (Emerge),SM,,
5138,INE0L4V01013,Y,VILINBIO,,,Vilin Bio Med Limited,NSE only,NSE SME (Emerge),SM,,
5139,INE579C01029,Y,VIMTALABS,524394,VIMTALABS,Vimta Labs Limited,NSE+BSE,NSE Mainboard,EQ,B,Active
5140,INE410B01037,Y,VINATIORGA,524200,VINATIORGA,Vinati Organics Limited,NSE+BSE,NSE Mainboard,EQ,A,Active
5141,INE581M01016,Y,,534639,VINAYAKPOL,VINAYAK POLYCON INTERNATIONAL LIMITED,BSE only,BSE Equity,,X,Active
5142,INE498Q01014,Y,VINCOFE,538920,VINCOFE,Vintage Coffee And Beverages Limited,NSE+BSE,NSE Mainboard,EQ,B,Active
5143,INE707A01012,Y,VINDHYATEL,517015,VINDHYATEL,Vindhya Telelinks Limited,NSE+BSE,NSE Mainboard,EQ,B,Active
5144,INE505Y01010,Y,VINEETLAB,543298,VINEETLAB,Vineet Laboratories Limited,NSE+BSE,NSE Mainboard,EQ,B,Active
5145,INE01KI01027,Y,VINNY,543670,VINNY,Vinny Overseas Limited,NSE+BSE,NSE Mainboard,EQ,B,Active
5146,INE092O01028,Y,,526075,VINRKLB,Rekvina Laboratories Ltd,BSE only,BSE Equity,,X,Active
5147,INE0OSJ01014,Y,VINSYS,,,Vinsys IT Services India Limited,NSE only,NSE SME (Emerge),ST,,
5148,INE153C01015,Y,,531051,VINTAGES,Vintage Securities Ltd.,BSE only,BSE Equity,,X,Active
5149,INE132V01019,Y,,512517,VINVANI,Vinayak Vanijya Ltd.,BSE only,BSE Equity,,XT,Active
5150,INE0OLS01010,Y,VINYAS,,,Vinyas Innovative Technologies Limited,NSE only,NSE SME (Emerge),SM,,
5151,INE250B01029,Y,VINYLINDIA,524129,VINYLINDIA,Vinyl Chemicals (India) Limited,NSE+BSE,NSE Mainboard,EQ,B,Active
5152,INE526H01011,Y,,530401,VINYOFL,Vinyoflex Ltd.,BSE only,BSE Equity,,X,Active
5153,INE450G01024,Y,VIPCLOTHNG,532613,VIPCLOTHNG,VIP Clothing Limited,NSE+BSE,NSE Mainboard,BE,T,Active
5154,INE054A01027,Y,VIPIND,507880,VIPIND,VIP Industries Limited,NSE+BSE,NSE Mainboard,EQ,A,Active
5155,INE660D01017,Y,,514302,VIPPYSP,Vippy Spinpro Ltd.,BSE only,BSE Equity,,X,Active
5156,INE946H01037,Y,VIPULLTD,511726,VIPULLTD,Vipul Limited,NSE+BSE,NSE Mainboard,BE,T,Active
5157,INE834D01018,Y,,530627,VIPULORG,Vipul Organics Limited,BSE only,BSE Equity,,X,Active
5158,INE467D01017,Y,,530521,VIRAT,Virat Industries Ltd.,BSE only,BSE Equity,,X,Active
5159,INE295C01014,Y,,519457,VIRATCRA,Virat Crane Industries Ltd,BSE only,BSE Equity,,X,Active
5160,INE400B01020,Y,,532354,VIRGOGLOB,Virgo Global Limited,BSE only,BSE Equity,,X,Active
5161,INE539B01017,Y,VIRINCHI,532372,VIRINCHI,Virinchi Limited,NSE+BSE,NSE Mainboard,EQ,B,Active
5162,INE247C01023,Y,,534741,VIRTUALG,VIRTUAL GLOBAL EDUCATION LTD.,BSE only,BSE Equity,,X,Active
5163,INE661K01010,Y,,512479,VIRYA,VIRYA RESOURCES LIMITED,BSE only,BSE Equity,,XT,Active
5164,INE286H01012,Y,VISACHROME,532721,VISACHROME,VISA Chrome Limited,NSE+BSE,NSE Mainboard,BE,T,Active
5165,INE309H01038,Y,,531025,VISAGAR,Visagar Financial Services Ltd,BSE only,BSE Equity,,X,Active
5166,INE392A01021,Y,VISAKAIND,509055,VISAKAIND,Visaka Industries Limited,NSE+BSE,NSE Mainboard,EQ,B,Active
5167,INE0BHK01012,Y,VISAMAN,,,Visaman Global Sales Limited,NSE only,NSE SME (Emerge),SM,,
5168,INE0OWX01025,Y,VISDEM,,,Visdem Technosys Limited,NSE only,NSE SME (Emerge),SM,,
5169,INE755Q01025,Y,,538598,VISHAL,Vishal Fabrics Limited,BSE only,BSE Equity,,B,Active
5170,INE060T01024,Y,,539398,VISHALBL,Vishal Bearings Limited,BSE only,BSE Equity,,B,Active
5171,INE270I01022,Y,VISHNU,516072,VISHNU,Vishnu Chemicals Limited,NSE+BSE,NSE Mainboard,EQ,B,Active
5172,INE0PQ001012,Y,VISHNUINFR,,,Vishnusurya Projects and Infra Limited,NSE only,NSE SME (Emerge),SM,,
5173,INE430N01022,Y,VISHWARAJ,542852,VISHWARAJ,Vishwaraj Sugar Industries Limited,NSE+BSE,NSE Mainboard,EQ,B,Active
5174,INE0S2E01016,Y,VISHWAS,,,Vishwas Agri Seeds Limited,NSE only,NSE SME (Emerge),ST,,
5175,INE515B01025,Y,,526441,VISIONCINE,Vision Cinemas Limited,BSE only,BSE Equity,,X,Active
5176,INE661D01015,Y,,531668,VISIONCO,Vision Corporation Ltd.,BSE only,BSE Equity,,X,Active
5177,INE1CLE01013,Y,VISL,544784,VISL,Vedanta Iron and Steel Limited,NSE+BSE,NSE Mainboard,EQ,B,Active
5178,INE427C01021,Y,,524711,VISTAPH,Vista Pharmaceuticals Ltd.,BSE only,BSE Equity,,X,Active
5179,INE878P01019,Y,,538565,VISTARAMAR,Vistar Amar Limited,BSE only,BSE Equity,,X,Active
5180,INE762D01011,Y,,512064,VISVEN,VISHVPRABHA VENTURES LIMITED,BSE only,BSE Equity,,X,Active
5181,INE0L4K01016,Y,VITAL,,,Vital Chemtech Limited,NSE only,NSE Mainboard,BE,,
5182,INE0PA601017,Y,,544002,VIVAA,Vivaa Tradecom Limited,BSE only,BSE Equity,,MT,Active
5183,INE299W01022,Y,,541735,VIVANTA,Vivanta Industries Limited,BSE only,BSE Equity,,X,Active
5184,INE984E01035,Y,,530057,VIVANZA,Vivanza Biosciences Limited,BSE only,BSE Equity,,X,Active
5185,INE0MEG01014,Y,VIVIANA,,,Viviana Power Tech Limited,NSE only,NSE Mainboard,BE,,
5186,INE24H301028,Y,VIVIDEL,,,Vivid Electromech Limited,NSE only,NSE SME (Emerge),ST,,
5187,INE370E01029,Y,VIVIDHA,506146,VIVIDHA,Visagar Polytex Limited,NSE+BSE,NSE Mainboard,EQ,B,Active
5188,INE737C01023,Y,,524576,VIVIDIND,Vivid Global Industries Limited,BSE only,BSE Equity,,X,Active
5189,INE647Z01025,Y,,542046,VIVIDM,VIVID MERCANTILE LIMITED,BSE only,BSE Equity,,B,Active
5190,INE526G01021,Y,VIVIMEDLAB,532660,VIVIMEDLAB,Vivimed Labs Limited,NSE+BSE,NSE Mainboard,BE,T,Active
5191,INE0IA701014,Y,VIVO,,,Vivo Collaboration Solutions Limited,NSE only,NSE SME (Emerge),SM,,
5192,INE380K01017,Y,,511509,VIVOBIOT,Vivo Bio tech Ltd.,BSE only,BSE Equity,,X,Active
5193,INE807F01027,Y,VIYASH,512529,VIYASH,Viyash Scientific Limited,NSE+BSE,NSE Mainboard,EQ,A,Active
5194,INE466D01019,Y,,522267,VJLAXMIE,Veejay Lakshmi Engineering Works Lt,BSE only,BSE Equity,,X,Active
5195,INE117F01013,Y,,509026,VJTFEDU,VJTF Eduservices Limited,BSE only,BSE Equity,,X,Active
5196,INE427T01025,Y,,539761,VKAL,Vantage Knowledge Academy Limited,BSE only,BSE Equity,,X,Active
5197,INE758B01013,Y,,530177,VKGLOBAL,VK Global Industries Limited,BSE only,BSE Equity,,XT,Active
5198,INE03HW01020,Y,VLEGOV,543958,VLEGOV,VL E-Governance & IT Solutions Limited,NSE+BSE,NSE Mainboard,BE,T,Active
5199,INE0QXL01015,Y,VLINFRA,,,V.L.Infraprojects Limited,NSE only,NSE SME (Emerge),SM,,
5200,INE347L01022,Y,,539167,VLL,Virat Leasing Limited,BSE only,BSE Equity,,X,Active
5201,INE709A01018,Y,VLSFINANCE,511333,VLSFINANCE,VLS Finance Limited,NSE+BSE,NSE Mainboard,EQ,B,Active
5202,INE0GXK01018,Y,VMARCIND,,,V Marc India Limited,NSE only,NSE SME (Emerge),SM,,
5203,INE665J01013,Y,VMART,534976,VMART,V-Mart Retail Limited,NSE+BSE,NSE Mainboard,EQ,A,Active
5204,INE01EA01019,Y,VMM,544307,VMM,Vishal Mega Mart Limited,NSE+BSE,NSE Mainboard,EQ,A,Active
5205,INE27V201011,Y,VMOBILE,,,Vinit Mobile Limited,NSE only,NSE SME (Emerge),SM,,
5206,INE932K01015,Y,,533427,VMS,VMS INDUSTRIES LIMITED,BSE only,BSE Equity,,X,Active
5207,INE0SJA01013,Y,VMSTMT,544521,VMSTMT,VMS TMT Limited,NSE+BSE,NSE Mainboard,EQ,B,Active
5208,INE0I0T01010,Y,VOEPL,543597,VOEPL,Virtuoso Optoelectronics Limited,NSE+BSE,NSE Mainboard,EQ,B,Active
5209,INE704J01044,Y,VOGL,544782,VOGL,Vedanta Oil and Gas Limited,NSE+BSE,NSE Mainboard,EQ,B,Active
5210,INE285C01015,Y,,522122,VOITHPAPR,Voith Paper Fabrics India Ltd,BSE only,BSE Equity,,X,Active
5211,INE241X01014,Y,VOLERCAR,,,Voler Car Limited,NSE only,NSE SME (Emerge),SM,,
5212,INE820M01018,Y,,506122,VOLKAI,Kairosoft AI Solutions Limited,BSE only,BSE Equity,,X,Active
5213,INE763D01019,Y,,509038,VOLLF,Voltaire Leasing & Finance Ltd.,BSE only,BSE Equity,,X,Active
5214,INE540H01012,Y,VOLTAMP,532757,VOLTAMP,Voltamp Transformers Limited,NSE+BSE,NSE Mainboard,EQ,A,Active
5215,INE226A01021,Y,VOLTAS,500575,VOLTAS,Voltas Limited,NSE+BSE,NSE Mainboard,EQ,A,Active
5216,INE1L3801017,Y,,544765,VPAL,Vegorama Punjabi Angithi Limited,BSE only,BSE Equity,,MT,Active
5217,INE0Q6901013,Y,,544011,VPL,Vrundavan Plantation Limited,BSE only,BSE Equity,,M,Active
5218,INE0AE001013,Y,VPRPL,543974,VPRPL,Vishnu Prakash R Punglia Limited,NSE+BSE,NSE Mainboard,EQ,B,Active
5219,INE0QQM01017,Y,VR,,,V R Infraspace Limited,NSE only,NSE SME (Emerge),SM,,
5220,INE0S2V01010,Y,VRAJ,544204,VRAJ,Vraj Iron and Steel Limited,NSE+BSE,NSE Mainboard,EQ,B,Active
5221,INE06LG01010,Y,,542654,VRFILMS,V R FILMS & STUDIOS LIMITED,BSE only,BSE Equity,,B,Active
5222,INE406F01010,Y,,538634,VRL,Vasundhara Rasayans Ltd.,BSE only,BSE Equity,,XT,Active
5223,INE366I01010,Y,VRLLOG,539118,VRLLOG,VRL Logistics Limited,NSE+BSE,NSE Mainboard,EQ,B,Active
5224,INE0OMZ01013,Y,,544157,VRUDDHI,Vruddhi Engineering Works Limited,BSE only,BSE Equity,,M,Active
5225,INE551Q01028,Y,VSCL,,,Vadivarhe Speciality Chemicals Limited,NSE only,NSE SME (Emerge),SM,,
5226,INE489F01016,Y,,531696,VSDCONF,VSD Confin ltd.,BSE only,BSE Equity,,XT,Active
5227,INE923K01014,Y,,519331,VSFPROJ,VSF Projects Limited,BSE only,BSE Equity,,X,Active
5228,INE607V01028,Y,,540252,VSL,Viram Suvarn Limited,BSE only,BSE Equity,,B,Active
5229,INE050M01012,Y,VSSL,534392,VSSL,Vardhman Special Steels Limited,NSE+BSE,NSE Mainboard,EQ,B,Active
5230,INE710A01016,Y,VSTIND,509966,VSTIND,VST Industries Limited,NSE+BSE,NSE Mainboard,EQ,B,Active
5231,INE0QTF01015,Y,VSTL,544124,VSTL,Vibhor Steel Tubes Limited,NSE+BSE,NSE Mainboard,EQ,B,Active
5232,INE764D01017,Y,VSTTILLERS,531266,VSTTILLERS,V.S.T Tillers Tractors Limited,NSE+BSE,NSE Mainboard,EQ,B,Active
5233,INE825A01020,Y,VTL,502986,VTL,Vardhman Textiles Limited,NSE+BSE,NSE Mainboard,EQ,A,Active
5234,INE222F01029,Y,,532893,VTMLTD,VTM Ltd,BSE only,BSE Equity,,X,Active
5235,INE0MNP01016,Y,,544219,VVIPIL,VVIP Infratech Limited,BSE only,BSE Equity,,M,Active
5236,INE756A01019,Y,,517399,VXLINSTR,VXL Instruments Ltd.,BSE only,BSE Equity,,XT,Active
5237,INE799N01012,Y,,541445,WAA,Waa Solar Limited,BSE only,BSE Equity,,M,Active
5238,INE725P01012,Y,,539337,WAAREE,WAAREE TECHNOLOGIES LIMITED,BSE only,BSE Equity,,M,Active
5239,INE377N01017,Y,WAAREEENER,544277,WAAREEENER,Waaree Energies Limited,NSE+BSE,NSE Mainboard,EQ,A,Active
5240,INE866K01023,Y,WAAREEINDO,533257,WAAREEINDO,Indosolar Limited,NSE+BSE,NSE Mainboard,EQ,B,Active
5241,INE299N01021,Y,WAAREERTL,534618,WAAREERTL,Waaree Renewable Technologies Limited,NSE+BSE,NSE Mainboard,EQ,A,Active
5242,INE956G01038,Y,WABAG,533269,WABAG,VA Tech Wabag Limited,NSE+BSE,NSE Mainboard,EQ,A,Active
5243,INE786K01023,Y,,503675,WAGEND,Wagend Infra Venture Limited,BSE only,BSE Equity,,X,Active
5244,INE0E7301029,Y,WAKEFIT,544642,WAKEFIT,Wakefit Innovations Limited,NSE+BSE,NSE Mainboard,EQ,B,Active
5245,INE711A01022,Y,WALCHANNAG,507410,WALCHANNAG,Walchandnagar Industries Limited,NSE+BSE,NSE Mainboard,EQ,B,Active
5246,INE695D01021,Y,,501370,WALCHPF,Walchand Peoplefirst Limited,BSE only,BSE Equity,,X,Active
5247,INE121B01014,Y,,532053,WALLFORT,Wallfort Financial Services Ltd.,BSE only,BSE Equity,,X,Active
5248,INE0G2G01015,Y,WALPAR,,,Walpar Nutritions Limited,NSE only,NSE SME (Emerge),SM,,
5249,INE107F01022,Y,WANBURY,524212,WANBURY,Wanbury Limited,NSE+BSE,NSE Mainboard,EQ,B,Active
5250,INE048E01013,Y,,512063,WARDHEALTH,WARDWIZARD HEALTHCARE LIMITED,BSE only,BSE Equity,,P,Active
5251,INE945P01024,Y,,538970,WARDINMOBI,WARDWIZARD INNOVATIONS AND MOBILITY LIMITED,BSE only,BSE Equity,,X,Active
5252,INE761D01021,Y,,539132,WARDWIZFBL,Wardwizard Foods and Beverages Limited,BSE only,BSE Equity,,X,Active
5253,INE712A01012,Y,,508494,WARRENTEA,Warren Tea Ltd.,BSE only,BSE Equity,,X,Active
5254,INE054C01015,Y,,523660,WATERBASE,Waterbase Limited,BSE only,BSE Equity,,X,Active
5255,INE0CJF01024,Y,WCIL,544258,WCIL,Western Carriers (India) Limited,NSE+BSE,NSE Mainboard,EQ,B,Active
5256,INE658T01017,Y,WEALTH,544536,WEALTH,Wealth First Portfolio Managers Limited,NSE+BSE,NSE Mainboard,EQ,B,Active
5257,INE855C01023,Y,WEBELSOLAR,517498,WEBELSOLAR,Websol Energy System Limited,NSE+BSE,NSE Mainboard,EQ,A,Active
5258,INE562Q01017,Y,,780016,WEBSL,Web Element Solutions Limited,BSE only,BSE Equity,,IP,Active
5259,INE080A01014,Y,WEIZMANIND,523011,WEIZMANIND,Weizmann Limited,NSE+BSE,NSE Mainboard,EQ,B,Active
5260,INE02WG01024,Y,WEL,543449,WEL,Wonder Electricals Limited,NSE+BSE,NSE Mainboard,EQ,B,Active
5261,INE191B01025,Y,WELCORP,532144,WELCORP,Welspun Corp Limited,NSE+BSE,NSE Mainboard,EQ,A,Active
5262,INE331C01025,Y,,524661,WELCURE,Welcure Drugs & Pharmaceuticals ltd,BSE only,BSE Equity,,X,Active
5263,INE625G01013,Y,WELENT,532553,WELENT,Welspun Enterprises Limited,NSE+BSE,NSE Mainboard,EQ,A,Active
5264,INE389K01018,Y,WELINV,533252,WELINV,Welspun Investments and Commercials Limited,NSE+BSE,NSE Mainboard,BE,T,Active
5265,INE731F01037,Y,WELSPLSOL,500365,WELSPLSOL,Welspun Specialty Solutions Limited,NSE+BSE,NSE Mainboard,EQ,B,Active
5266,INE192B01031,Y,WELSPUNLIV,514162,WELSPUNLIV,Welspun Living Limited,NSE+BSE,NSE Mainboard,EQ,A,Active
5267,INE274C01019,Y,WENDT,505412,WENDT,Wendt (India) Limited,NSE+BSE,NSE Mainboard,EQ,B,Active
5268,INE434B01029,Y,,532373,WEPSOLN,WEP Solutions Ltd,BSE only,BSE Equity,,X,Active
5269,INE266P01017,Y,,538382,WESTLEIRES,WEST LEISURE RESORTS LIMITED,BSE only,BSE Equity,,X,Active
5270,INE274F01020,Y,WESTLIFE,505533,WESTLIFE,WESTLIFE FOODWORLD LIMITED,NSE+BSE,NSE Mainboard,EQ,A,Active
5271,INE082W01014,Y,WEWIN,543535,WEWIN,WE WIN LIMITED,NSE+BSE,NSE Mainboard,BE,T,Active
5272,INE085001019,Y,WEWORK,544570,WEWORK,WeWork India Management Limited,NSE+BSE,NSE Mainboard,EQ,B,Active
5273,INE855A01019,Y,,501391,WHBRADY,W.H. Brady & Co. Ltd.,BSE only,BSE Equity,,X,Active
5274,INE715A01015,Y,WHEELS,590073,WHEELS,Wheels India Limited,NSE+BSE,NSE Mainboard,EQ,B,Active
5275,INE716A01013,Y,WHIRLPOOL,500238,WHIRLPOOL,Whirlpool of India Limited,NSE+BSE,NSE Mainboard,EQ,A,Active
5276,INE0TLP01015,Y,WHITEFORCE,,,Happy Square Outsourcing Services Limited,NSE only,NSE SME (Emerge),SM,,
5277,INE146C01019,Y,,513713,WHITEORG,White Organic Agro Limited,BSE only,BSE Equity,,X,Active
5278,INE416X01012,Y,,512431,WHITHAL,White Hall Commercial Co.Ltd.,BSE only,BSE Equity,,XT,Active
5279,INE210A01017,Y,WILLAMAGOR,519224,WILLAMAGOR,Williamson Magor & Company Limited,NSE+BSE,NSE Mainboard,EQ,B,Active
5280,INE188E01017,Y,,519214,WILLIMFI,Williamson Financial Services ltd.,BSE only,BSE Equity,,X,Active
5281,INE0H5O01029,Y,WINDLAS,543329,WINDLAS,Windlas Biotech Limited,NSE+BSE,NSE Mainboard,EQ,B,Active
5282,INE052A01021,Y,WINDMACHIN,522029,WINDMACHIN,Windsor Machines Limited,NSE+BSE,NSE Mainboard,EQ,B,Active
5283,INE0S9101013,Y,WINNY,,,Winny Immigration & Education Services Limited,NSE only,NSE SME (Emerge),SM,,
5284,INE837E01019,Y,,512022,WINROC,Winro Commercial (India) Ltd.,BSE only,BSE Equity,,XT,Active
5285,INE0S3D01016,Y,WINSOL,,,Winsol Engineers Limited,NSE only,NSE SME (Emerge),SM,,
5286,INE391C01011,Y,,526471,WINSOMBR,Winsome Breweries Ltd.,BSE only,BSE Equity,,X,Active
5287,INE837B01031,Y,,514470,WINSOMTX,Winsome Textile Industries Ltd,BSE only,BSE Equity,,X,Active
5288,INE215F01023,Y,WIPL,,,The Western India Plywoods Limited,NSE only,NSE Mainboard,EQ,,
5289,INE075A01022,Y,WIPRO,507685,WIPRO,Wipro Limited,NSE+BSE,NSE Mainboard,EQ,A,Active
5290,INE469D01013,Y,,507817,WIREFABR,Wires & Fabriks (SA) Ltd.,BSE only,BSE Equity,,X,Active
5291,INE0IM001015,Y,,543436,WITS,Wherrelz IT Solutions Limited,BSE only,BSE Equity,,TS,Active
5292,INE187U01015,Y,,504998,WMINIMT,Western Ministil Ltd.,BSE only,BSE Equity,,P,Active
5293,INE049B01025,Y,WOCKPHARMA,532300,WOCKPHARMA,Wockhardt Limited,NSE+BSE,NSE Mainboard,EQ,A,Active
5294,INE0OO201011,Y,WOL3D,,,Wol 3D India Limited,NSE only,NSE SME (Emerge),ST,,
5295,INE0Q9601016,Y,WOMANCART,,,Womancart Limited,NSE only,NSE SME (Emerge),SM,,
5296,INE905B01010,Y,,531396,WOMENNET,Women Networks Ltd.,BSE only,BSE Equity,,X,Active
5297,INE066O01014,Y,WONDERLA,538268,WONDERLA,Wonderla Holidays Limited,NSE+BSE,NSE Mainboard,EQ,B,Active
5298,INE1I1301016,Y,,544610,WORKMATES,WORKMATES CORE2CLOUD SOLUTION LIMITED,BSE only,BSE Equity,,M,Active
5299,INE114O01020,Y,,538451,WORTH,Worth Investment & Trading Co Limited,BSE only,BSE Equity,,XT,Active
5300,INE196Y01018,Y,WORTHPERI,544577,WORTHPERI,Worth Peripherals Limited,NSE+BSE,NSE Mainboard,EQ,B,Active
5301,INE1MF401019,Y,,544636,WOSAL,Western Overseas Study Abroad Limited,BSE only,BSE Equity,,M,Active
5302,INE765D01022,Y,WPIL,505872,WPIL,WPIL Limited,NSE+BSE,NSE Mainboard,EQ,B,Active
5303,INE549D01012,Y,,511147,WSFX,WSFX Global Pay Limited,BSE only,BSE Equity,,X,Active
5304,INE100D01014,Y,WSI,504220,WSI,W S Industries (I) Limited,NSE+BSE,NSE Mainboard,EQ,B,Active
5305,INE976A01021,Y,WSTCSTPAPR,500444,WSTCSTPAPR,West Coast Paper Mills Limited,NSE+BSE,NSE Mainboard,EQ,B,Active
5306,INE623Y01011,Y,WTICAB,,,Wise Travel India Limited,NSE only,NSE SME (Emerge),SM,,
5307,INE550D01010,Y,,526525,WWALUM,WORLDWIDE ALUMINIUM LIMITED,BSE only,BSE Equity,,X,Active
5308,INE692G01013,Y,XCHANGING,532616,XCHANGING,Xchanging Solutions Limited,NSE+BSE,NSE Mainboard,EQ,B,Active
5309,INE01P501012,Y,XELPMOC,542367,XELPMOC,Xelpmoc Design And Tech Limited,NSE+BSE,NSE Mainboard,EQ,B,Active
5310,INE445C01015,Y,XPROINDIA,590013,XPROINDIA,Xpro India Limited,NSE+BSE,NSE Mainboard,EQ,B,Active
5311,INE547B01028,Y,XTGLOBAL,531225,XTGLOBAL,Xtglobal Infotech Limited,NSE+BSE,NSE Mainboard,EQ,B,Active
5312,INE0NG701011,Y,XTRANET,544838,XTRANET,Xtranet Technologies Limited,NSE+BSE,NSE Mainboard,BE,T,Active
5313,INE969E01010,Y,,538521,YAANENT,YAAN ENTERPRISES LIMITED,BSE only,BSE Equity,,X,Active
5314,INE0U0J01015,Y,YAAP,,,Yaap Digital Limited,NSE only,NSE SME (Emerge),SM,,
5315,INE1T6L01010,Y,,544770,YAASHVI,YAASHVI JEWELLERS LIMITED,BSE only,BSE Equity,,M,Active
5316,INE0CNJ01010,Y,,544676,YAJUR,YAJUR FIBRES LIMITED,BSE only,BSE Equity,,MT,Active
5317,INE457N01025,Y,,511012,YAMNINV,Yamini Investments Company Limited,BSE only,BSE Equity,,XT,Active
5318,INE564C01013,Y,,514378,YARNSYN,Yarn Syndicate Ltd.,BSE only,BSE Equity,,X,Active
5319,INE571U01010,Y,,539939,YASHCHEM,Yash Chemex Limited,BSE only,BSE Equity,,X,Active
5320,INE1O6P01016,Y,,544708,YASHHTEJ,Yashhtej Industries (India) Limited,BSE only,BSE Equity,,M,Active
5321,INE00GK01023,Y,,544310,YASHHV,Yash Highvoltage Limited,BSE only,BSE Equity,,M,Active
5322,INE823D01011,Y,,523650,YASHINNO,YASH INNOVENTURES LIMITED,BSE only,BSE Equity,,X,Active
5323,INE216B01012,Y,,511601,YASHMGM,Yash Management & Satellite Ltd.,BSE only,BSE Equity,,X,Active
5324,INE616Z01012,Y,YASHO,541167,YASHO,Yasho Industries Limited,NSE+BSE,NSE Mainboard,EQ,B,Active
5325,INE0TO601017,Y,YASHOPTICS,,,Yash Optics & Lens Limited,NSE only,NSE SME (Emerge),SM,,
5326,INE095C01018,Y,,530063,YASHRAJC,Yashraj Containeurs Ltd.,BSE only,BSE Equity,,XT,Active
5327,INE0JO301016,Y,YATHARTH,543950,YATHARTH,Yatharth Hospital & Trauma Care Services Limited,NSE+BSE,NSE Mainboard,EQ,A,Active
5328,INE0JR601024,Y,YATRA,543992,YATRA,Yatra Online Limited,NSE+BSE,NSE Mainboard,EQ,B,Active
5329,INE08S201019,Y,YCCL,,,Yasons Chemex Care Limited,NSE only,NSE SME (Emerge),SM,,
5330,INE528G01035,Y,YESBANK,532648,YESBANK,Yes Bank Limited,NSE+BSE,NSE Mainboard,EQ,A,Active
5331,INE290E01011,Y,,511702,YOGI,YOGI LIMITED,BSE only,BSE Equity,,X,Active
5332,INE429B01011,Y,,522209,YOGISUNG,Yogi Sung-won (India) Ltd.,BSE only,BSE Equity,,X,Active
5333,INE057Q01018,Y,,530675,YORKEXP,York Exports Ltd.,BSE only,BSE Equity,,X,Active
5334,INE868X01014,Y,,540980,YSL,The Yamuna Syndicate Ltd,BSE only,BSE Equity,,X,Active
5335,INE09FA01019,Y,YUDIZ,,,Yudiz Solutions Limited,NSE only,NSE SME (Emerge),SM,,
5336,INE796W01019,Y,,540550,YUG,Yug Decor Limited,BSE only,BSE Equity,,MT,Active
5337,INE384C01016,Y,YUKEN,522108,YUKEN,Yuken India Limited,NSE+BSE,NSE Mainboard,EQ,B,Active
5338,INE143K01019,Y,,533149,YUNIKM,Yunik Managing Advisors Limited,BSE only,BSE Equity,,X,Active
5339,INE156M01017,Y,,536846,YURANUS,Yuranus Infrastructure Ltd,BSE only,BSE Equity,,XT,Active
5340,INE139D01020,Y,,531663,YUVRAAJHPL,YUVRAAJ HYGIENE PRODUCTS LTD,BSE only,BSE Equity,,X,Active
5341,INE07K301024,Y,ZAGGLE,543985,ZAGGLE,Zaggle Prepaid Ocean Services Limited,NSE+BSE,NSE Mainboard,EQ,A,Active
5342,INE0SUM01015,Y,,544568,ZAPPFRESH,DSM Fresh Foods Limited,BSE only,BSE Equity,,M,Active
5343,INE955S01019,Y,,511038,ZARCOLEA,Arco Leasing Ltd.,BSE only,BSE Equity,,XT,Active
5344,INE626H01019,Y,,523054,ZBINTXPP,Binayak Tex Processors  Ltd.,BSE only,BSE Equity,,XT,Active
5345,INE239F01015,Y,,531043,ZDHJERK,Dhanvantri Jeevan Rekha Ltd.,BSE only,BSE Equity,,X,Active
5346,INE819S01025,Y,,539963,ZEAL,Zeal Aqua Limited,BSE only,BSE Equity,,X,Active
5347,INE0PPS01018,Y,ZEAL,,,Zeal Global Services Limited,NSE only,NSE SME (Emerge),SM,,
5348,INE256A01028,Y,ZEEL,505537,ZEEL,Zee Entertainment Enterprises Limited,NSE+BSE,NSE Mainboard,EQ,A,Active
5349,INE565L01011,Y,ZEELEARN,533287,ZEELEARN,Zee Learn Limited,NSE+BSE,NSE Mainboard,BE,T,Active
5350,INE966H01019,Y,ZEEMEDIA,532794,ZEEMEDIA,Zee Media Corporation Limited,NSE+BSE,NSE Mainboard,EQ,B,Active
5351,INE1B3501014,Y,,544563,ZELIO,Zelio E Mobility Limited,BSE only,BSE Equity,,MT,Active
5352,INE106C01013,Y,,514266,ZENIFIB,Zenith Fibres Limited,BSE only,BSE Equity,,X,Active
5353,INE0QWN01013,Y,ZENITHDRUG,,,Zenith Drugs Limited,NSE only,NSE SME (Emerge),SM,,
5354,INE058B01018,Y,ZENITHEXPO,512553,ZENITHEXPO,Zenith Exports Limited,NSE+BSE,NSE Mainboard,EQ,B,Active
5355,INE812B01026,Y,,530665,ZENITHHE,Zenith Health Care Ltd.,BSE only,BSE Equity,,X,Active
5356,INE318D01020,Y,ZENITHSTL,531845,ZENITHSTL,Zenith Steel Pipes & Industries Limited,NSE+BSE,NSE Mainboard,EQ,B,Active
5357,INE546F01013,Y,,530697,ZENLABS,Zenlabs Ethica Limited,BSE only,BSE Equity,,XT,Active
5358,INE486F01012,Y,,532039,ZENOTECH,Zenotech Laboratories Limited,BSE only,BSE Equity,,X,Active
5359,INE520A01027,Y,ZENSARTECH,504067,ZENSARTECH,Zensar Technologies Limited,NSE+BSE,NSE Mainboard,EQ,A,Active
5360,INE251B01027,Y,ZENTEC,533339,ZENTEC,Zen Technologies Limited,NSE+BSE,NSE Mainboard,EQ,A,Active
5361,INE342J01019,Y,ZFCVINDIA,533023,ZFCVINDIA,ZF Commercial Vehicle Control Systems India Limited,NSE+BSE,NSE Mainboard,EQ,A,Active
5362,INE116C01012,Y,ZFSTEERING,505163,ZFSTEERING,ZF Steering Gear (India) Limited,NSE+BSE,NSE Mainboard,EQ,B,Active
5363,INE837X01027,Y,,502850,ZGAEKWAR,Gaekwar Mills Ltd.,BSE only,BSE Equity,,X,Active
5364,INE598F01014,Y,,501111,ZGOLDINV,Gold Rock Investments Ltd.,BSE only,BSE Equity,,XT,Active
5365,INE721U01011,Y,,505520,ZHEMHOLD,HEM Holdings and Trading Ltd.,BSE only,BSE Equity,,XT,Active
5366,INE083O01019,Y,,509650,ZHINDHSG,Hindustan Housing Co. Ltd.,BSE only,BSE Equity,,XT,Active
5367,INE582K01018,Y,,513039,ZHINUDYP,Hindusthan Udyog Ltd,BSE only,BSE Equity,,XT,Active
5368,INE518E01015,Y,ZIMLAB,541400,ZIMLAB,Zim Laboratories Limited,NSE+BSE,NSE Mainboard,BE,T,Active
5369,INE641Q01019,Y,,538579,ZINEMA,ZINEMA MEDIA AND ENTERTAINMENT LIMITED,BSE only,BSE Equity,,MT,Active
5370,INE987E01012,Y,,513012,ZJEETMAC,Jeet Machine Tools Ltd.,BSE only,BSE Equity,,XT,Active
5371,INE687W01010,Y,,519064,ZKHANDEN,Khandelwal Extraction Ltd.,BSE only,BSE Equity,,X,Active
5372,INE735U01011,Y,,505585,ZKOVALIN,Kovalam Inv. & Trading Co.Ltd.,BSE only,BSE Equity,,X,Active
5373,INE776V01013,Y,,512303,ZMANSOON,Mansoon Trading Co. Ltd.,BSE only,BSE Equity,,P,Active
5374,INE679T01013,Y,,511018,ZMILGFIN,MILGREY FINANCE & INVESTMENT LTD,BSE only,BSE Equity,,X,Active
5375,INE017P01014,Y,,504356,ZMULTIPU,Multipurpose Trading & Agencies Ltd,BSE only,BSE Equity,,X,Active
5376,INE582V01015,Y,,512004,ZNILKENG,Nilkanth Engineering Ltd.,BSE only,BSE Equity,,P,Active
5377,INE552F01011,Y,,512245,ZNIVITRD,Nivi Trading Ltd.,BSE only,BSE Equity,,P,Active
5378,INE761Y01019,Y,ZODIAC,543416,ZODIAC,Zodiac Energy Limited,NSE+BSE,NSE Mainboard,EQ,B,Active
5379,INE206B01013,Y,ZODIACLOTH,521163,ZODIACLOTH,Zodiac Clothing Company Limited,NSE+BSE,NSE Mainboard,EQ,B,Active
5380,INE945J01027,Y,,503641,ZODIACVEN,Zodiac Ventures Limited,BSE only,BSE Equity,,X,Active
5381,INE077B01018,Y,,512587,ZODJRDMKJ,Zodiac-JRD-MKJ Ltd.,BSE only,BSE Equity,,X,Active
5382,INE358U01012,Y,ZOTA,,,Zota Health Care LImited,NSE only,NSE Mainboard,EQ,,
5383,INE821R01015,Y,,506042,ZPRBHSTE,Prabhu Steel Industries Ltd.,BSE only,BSE Equity,,XT,Active
5384,INE218N01021,Y,,506640,ZR2,ZR2 BIOENERGY LIMITED,BSE only,BSE Equity,,X,Active
5385,INE967G01019,Y,ZSARACOM,512020,ZSARACOM,Saraswati Commercial India Limited,NSE+BSE,NSE Mainboard,EQ,B,Active
5386,INE978L01016,Y,,506190,ZSARVAMA,Sarvamangal Mercantile Co. Ltd.,BSE only,BSE Equity,,XT,Active
5387,INE07MC01015,Y,,503893,ZSATYASL,Satyam Silk Mills Ltd,BSE only,BSE Equity,,XT,Active
5388,INE495M01019,Y,,512367,ZSHERAPR,Sheraton Properties & Finance Ltd.,BSE only,BSE Equity,,P,Active
5389,INE532U01012,Y,,509910,ZSOUTGAS,The Southern Gas Limited,BSE only,BSE Equity,,P,Active
5390,INE497M01015,Y,,512291,ZSPEEDCO,Speedage Commercials Ltd.,BSE only,BSE Equity,,P,Active
5391,INE406N01014,Y,,503624,ZSVARAJT,Svaraj Trading & Agencies Ltd.,BSE only,BSE Equity,,X,Active
5392,INE404N01019,Y,,503622,ZSVTRADI,S.V. Trading & Agencies Ltd.,BSE only,BSE Equity,,XT,Active
5393,INE0ISZ01012,Y,ZTECH,,,Z-Tech (India) Limited,NSE only,NSE SME (Emerge),SM,,
5394,INE840M01016,Y,ZUARI,534742,ZUARI,Zuari Agro Chemicals Limited,NSE+BSE,NSE Mainboard,EQ,B,Active
5395,INE217A01012,Y,ZUARIIND,500780,ZUARIIND,ZUARI INDUSTRIES LIMITED,NSE+BSE,NSE Mainboard,EQ,B,Active
5396,INE380G01015,Y,,504988,ZWELCAST,Welcast Steels Ltd.,BSE only,BSE Equity,,X,Active
5397,INE010B01027,Y,ZYDUSLIFE,532321,ZYDUSLIFE,Zydus Lifesciences Limited,NSE+BSE,NSE Mainboard,EQ,A,Active
5398,INE768C01028,Y,ZYDUSWELL,531335,ZYDUSWELL,Zydus Wellness Limited,NSE+BSE,NSE Mainboard,EQ,A,Active
5399,INF204KB17R6,N,,543151,08ABB,Nippon India Mutual Fund,BSE only,BSE Equity,,B,Active
5400,INF204KB11S7,N,,543170,08ADD,Nippon India Mutual Fund,BSE only,BSE Equity,,B,Active
5401,INF204KB12S5,N,,543145,08ADR,Nippon India Mutual Fund,BSE only,BSE Equity,,B,Active
5402,INF204KB18R4,N,,543153,08AGG,Nippon India Mutual Fund,BSE only,BSE Equity,,B,Active
5403,INF204KB13S3,N,,543147,08AMD,Nippon India Mutual Fund,BSE only,BSE Equity,,B,Active
5404,INF204KB14S1,N,,543148,08AMR,Nippon India Mutual Fund,BSE only,BSE Equity,,B,Active
5405,INF204KB19R2,N,,543155,08AQD,Nippon India Mutual Fund,BSE only,BSE Equity,,B,Active
5406,INF204KB10S9,N,,543168,08AQR,Nippon India Mutual Fund,BSE only,BSE Equity,,B,Active
5407,INF204KB15S8,N,,543149,08BPB,Nippon India Mutual Fund,BSE only,BSE Equity,,B,Active
5408,INF204KB19S0,N,,543156,08DPD,Nippon India Mutual Fund,BSE only,BSE Equity,,B,Active
5409,INF204KB10T7,N,,543169,08DPR,Nippon India Mutual Fund,BSE only,BSE Equity,,B,Active
5410,INF204KB16S6,N,,543150,08GPG,Nippon India Mutual Fund,BSE only,BSE Equity,,B,Active
5411,INF204KB11T5,N,,543144,08MPD,Nippon India Mutual Fund,BSE only,BSE Equity,,B,Active
5412,INF204KB12T3,N,,543146,08MPR,Nippon India Mutual Fund,BSE only,BSE Equity,,B,Active
5413,INF204KB17S4,N,,543152,08QPD,Nippon India Mutual Fund,BSE only,BSE Equity,,B,Active
5414,INF204KB18S2,N,,543154,08QPR,Nippon India Mutual Fund,BSE only,BSE Equity,,B,Active
5415,INF204KB16T4,N,,543179,11ADD,Nippon India Mutual Fund,BSE only,BSE Equity,,B,Active
5416,INF204KB17T2,N,,543180,11ADR,Nippon India Mutual Fund,BSE only,BSE Equity,,B,Active
5417,INF204KB13T1,N,,543181,11AGG,Nippon India Mutual Fund,BSE only,BSE Equity,,B,Active
5418,INF204KB18T0,N,,543182,11AMD,Nippon India Mutual Fund,BSE only,BSE Equity,,B,Active
5419,INF204KB19T8,N,,543183,11AMR,Nippon India Mutual Fund,BSE only,BSE Equity,,B,Active
5420,INF204KB14T9,N,,543184,11AQD,Nippon India Mutual Fund,BSE only,BSE Equity,,B,Active
5421,INF204KB15T6,N,,543185,11AQR,Nippon India Mutual Fund,BSE only,BSE Equity,,B,Active
5422,INF204KB13U9,N,,543186,11DPD,Nippon India Mutual Fund,BSE only,BSE Equity,,B,Active
5423,INF204KB14U7,N,,543173,11DPR,Nippon India Mutual Fund,BSE only,BSE Equity,,B,Active
5424,INF204KB10U5,N,,543174,11GPG,Nippon India Mutual Fund,BSE only,BSE Equity,,B,Active
5425,INF204KB15U4,N,,543175,11MPD,Nippon India Mutual Fund,BSE only,BSE Equity,,B,Active
5426,INF204KB16U2,N,,543176,11MPR,Nippon India Mutual Fund,BSE only,BSE Equity,,B,Active
5427,INF204KB11U3,N,,543177,11QPD,Nippon India Mutual Fund,BSE only,BSE Equity,,B,Active
5428,INF204KB12U1,N,,543178,11QPR,Nippon India Mutual Fund,BSE only,BSE Equity,,B,Active
5429,INF209KC1670,N,,544719,ABSL10BANK,Aditya Birla Sun Life Mutual Fund,BSE only,BSE Equity,,B,Active
5430,INF209KB17D5,N,,542863,ABSLBANETF,Aditya Birla Sun Life Mutual Fund,BSE only,BSE Equity,,B,Active
5431,INF209KC1662,N,,544706,ABSLMSCIN,Aditya Birla Sun Life Mutual Fund,BSE only,BSE Equity,,B,Active
5432,INF209KB16D7,N,,542230,ABSLNN50ET,Aditya Birla Sun Life Mutual Fund,BSE only,BSE Equity,,B,Active
5433,INF209KB19Z4,N,,544218,ABSLPSE,Aditya Birla Sun Life Mutual Fund,BSE only,BSE Equity,,B,Active
5434,INF174KA1IA5,N,,590154,ALPHA,Kotak Mahindra Mutual Fund - Permitted,BSE only,BSE Equity,,B,Active
5435,INF769K01KU7,N,,544007,ALPHAETF,Mirae Asset Mutual Fund,BSE only,BSE Equity,,B,Active
5436,INF109KC17V7,N,,543219,ALPL30IETF,ICICI Prudential Mutual Fund,BSE only,BSE Equity,,B,Active
5437,INF194K30259,N,,544749,ARSIFHDAD,Bandhan Mutual Fund,BSE only,BSE Equity,,B,Active
5438,INF194K30184,N,,544691,ARSIFHDG,Bandhan Mutual Fund,BSE only,BSE Equity,,B,Active
5439,INF194K30010,N,,544689,ARSIFHRG,Bandhan Mutual Fund,BSE only,BSE Equity,,B,Active
5440,INF194K30242,N,,544692,ARSIFHRHD,Bandhan Mutual Fund,BSE only,BSE Equity,,B,Active
5441,INF194K30051,N,,544690,ARSIFHRMD,Bandhan Mutual Fund,BSE only,BSE Equity,,B,Active
5442,INF109KC10V2,N,,543450,AUTOIETF,ICICI Prudential Mutual Fund,BSE only,BSE Equity,,B,Active
5443,INF740KA1YH2,N,,544725,BANK10ADD,DSP Mutual Fund,BSE only,BSE Equity,,B,Active
5444,INF0QA701CI0,N,,544827,BANK10BETF,Bajaj Finserv Mutual Fund,BSE only,BSE Equity,,B,Active
5445,INF740KA1RX3,N,,543738,BANKADD,DSP Mutual Fund,BSE only,BSE Equity,,B,Active
5446,INF204KB15I9,N,,590106,BANKBEES,Reliance Mutual Fund-Permitted,BSE only,BSE Equity,,B,Active
5447,INF789F1AUV1,N,,543226,BANKBETA,UTI Mutual Fund,BSE only,BSE Equity,,B,Active
5448,INF0QA701714,N,,544093,BANKBETF,Bajaj Finserv Mutual Fund,BSE only,BSE Equity,,B,Active
5449,INF769K01KR3,N,,543944,BANKETF,Mirae Asset Mutual Fund,BSE only,BSE Equity,,B,Active
5450,INF109KC15I8,N,,542730,BANKIETF,ICICI Prudential Mutual Fund,BSE only,BSE Equity,,B,Active
5451,INF174KA1ZB7,N,,590136,BANKNIFTY1,Kotak Mahindra Mutual Fund - Permitted,BSE only,BSE Equity,,B,Active
5452,INF769K01LZ4,N,,544266,BANKPSU,Mirae Asset Mutual Fund,BSE only,BSE Equity,,B,Active
5453,INF251K01TL6,N,,544196,BBNPNBETF,BARODA BNP PARIBAS MUTUAL FUND,BSE only,BSE Equity,,B,Active
5454,INF769K01HI8,N,,543323,BFSI,Mirae Asset Mutual Fund,BSE only,BSE Equity,,B,Active
5455,INF109KC1V59,N,,541313,BSE500IETF,ICICI Prudential Mutual Fund,BSE only,BSE Equity,,B,Active
5456,INF209KB19D1,N,,543474,BSLNIFTY,Aditya Birla Sun Life Mutual Fund,BSE only,BSE Equity,,B,Active
5457,INF209KB10E8,N,,540008,BSLSENETFG,Aditya Birla Sun Life Mutual Fund,BSE only,BSE Equity,,B,Active
5458,INF109KC19O8,N,,543710,COMMOIETF,ICICI Prudential Mutual Fund,BSE only,BSE Equity,,B,Active
5459,INF846K016C7,N,,543357,CONSUMAXIS,Axis Mutual Fund,BSE only,BSE Equity,,B,Active
5460,INF769K01NS5,N,,544323,CONSUMER,Mirae Asset Mutual Fund,BSE only,BSE Equity,,B,Active
5461,INF109KC1V42,N,,543383,CONSUMIETF,ICICI Prudential Mutual Fund,BSE only,BSE Equity,,B,Active
5462,INF457M01133,N,,538057,CPSEETF,Nippon India Mutual Fund,BSE only,BSE Equity,,B,Active
5463,INF769K01QC2,N,,544705,DEFENCE,Mirae Asset Mutual Fund,BSE only,BSE Equity,,B,Active
5464,INE680A20011,N,,750942,DHAN-RE,Dhanlaxmi Bank Limited,BSE only,BSE Equity,,R,Active
5465,INF769K01PY8,N,,544661,DIVIDEND,Mirae Asset Mutual Fund,BSE only,BSE Equity,,B,Active
5466,INF754K01XH9,N,,544849,EBANK10,Edelweiss Mutual Fund,BSE only,BSE Equity,,B,Active
5467,INF754K01TX4,N,,544326,ECAPINSURE,Edelweiss Mutual Fund,BSE only,BSE Equity,,B,Active
5468,INF754K01XI7,N,,544846,ELMDIV,Edelweiss Mutual Fund,BSE only,BSE Equity,,B,Active
5469,INF769K01PR2,N,,544604,ENERGY,Mirae Asset Mutual Fund,BSE only,BSE Equity,,B,Active
5470,INF754K01XF3,N,,544761,ENEXT50,Edelweiss Mutual Fund,BSE only,BSE Equity,,B,Active
5471,INF769K01OA1,N,,544377,EQUAL200,Mirae Asset Mutual Fund,BSE only,BSE Equity,,B,Active
5472,INF769K01OO2,N,,544401,EQUAL50,Mirae Asset Mutual Fund,BSE only,BSE Equity,,B,Active
5473,INF740KA1QK2,N,,543388,EQUAL50ADD,DSP Mutual Fund,BSE only,BSE Equity,,B,Active
5474,INF754K01VY8,N,,544618,ESENSEX,Edelweiss Mutual Fund,BSE only,BSE Equity,,B,Active
5475,INF769K01GS9,N,,543246,ESG,Mirae Asset Mutual Fund,BSE only,BSE Equity,,B,Active
5476,INF109K1A153,N,,544394,EVIETF,ICICI Prudential Mutual Fund,BSE only,BSE Equity,,B,Active
5477,INF769K01LQ3,N,,544212,EVINDIA,Mirae Asset Mutual Fund,BSE only,BSE Equity,,B,Active
5478,INF109KC17L8,N,,543677,FINIETF,ICICI Prudential Mutual Fund,BSE only,BSE Equity,,B,Active
5479,INF740KA1WU9,N,,544581,FLEXIADD,DSP Mutual Fund,BSE only,BSE Equity,,B,Active
5480,INF740KA1ZA4,N,,544760,FMCGADD,DSP Mutual Fund,BSE only,BSE Equity,,B,Active
5481,INF109KC19V3,N,,543326,FMCGIETF,ICICI Prudential Mutual Fund,BSE only,BSE Equity,,B,Active
5482,INF666M01IO8,N,,590157,GROWWDEFNC,GROWW MUTUAL FUND  PERMITTED,BSE only,BSE Equity,,B,Active
5483,INF666M01OD9,N,,544721,GROWWHOSPI,Groww Mutual Fund,BSE only,BSE Equity,,B,Active
5484,INF666M01LM6,N,,544473,GROWWPOWER,Groww Mutual Fund,BSE only,BSE Equity,,B,Active
5485,INF666M01JJ6,N,,590158,GROWWRAIL,GROWW MUTUAL FUND  PERMITTED,BSE only,BSE Equity,,B,Active
5486,INF179KC1EZ4,N,,543774,HDFCBSE500,HDFC Mutual Fund,BSE only,BSE Equity,,B,Active
5487,INF179KC1DJ0,N,,543607,HDFCGROWTH,HDFC Mutual Fund,BSE only,BSE Equity,,B,Active
5488,INF179KC1HU8,N,,543627,HDFCLOWVOL,HDFC Mutual Fund,BSE only,BSE Equity,,B,Active
5489,INF179KC1HT0,N,,543776,HDFCMID150,HDFC Mutual Fund,BSE only,BSE Equity,,B,Active
5490,INF179KC1HV6,N,,543628,HDFCMOMENT,HDFC Mutual Fund,BSE only,BSE Equity,,B,Active
5491,INF179KC1HS2,N,,543570,HDFCNEXT50,HDFC Mutual Fund,BSE only,BSE Equity,,B,Active
5492,INF179KC1HR4,N,,543569,HDFCNIF100,HDFC Mutual Fund,BSE only,BSE Equity,,B,Active
5493,INF179KC1HY0,N,,543224,HDFCNIFBAN,HDFC Mutual Fund,BSE only,BSE Equity,,B,Active
5494,INF179KC1IA8,N,,543665,HDFCNIFIT,HDFC Mutual Fund,BSE only,BSE Equity,,B,Active
5495,INF179KC1965,N,,539516,HDFCNIFTY,HDFC Mutual Fund,BSE only,BSE Equity,,B,Active
5496,INF179KC1KT4,N,,544842,HDFCNIMEG,HDFC Mutual Fund,BSE only,BSE Equity,,B,Active
5497,INF179KC1HW4,N,,544110,HDFCPSUBK,HDFC Mutual Fund,BSE only,BSE Equity,,B,Active
5498,INF179KC1HZ7,N,,543666,HDFCPVTBAN,HDFC Mutual Fund,BSE only,BSE Equity,,B,Active
5499,INF179KC1DL6,N,,543605,HDFCQUAL,HDFC Mutual Fund,BSE only,BSE Equity,,B,Active
5500,INF179KC1HX2,N,,539517,HDFCSENSEX,HDFC Mutual Fund,BSE only,BSE Equity,,B,Active
5501,INF179KC1FB2,N,,543775,HDFCSML250,HDFC Mutual Fund,BSE only,BSE Equity,,B,Active
5502,INF179KC1DK8,N,,543608,HDFCVALUE,HDFC Mutual Fund,BSE only,BSE Equity,,B,Active
5503,INF740KA1ZG1,N,,544109,HEALTHADD,DSP Mutual Fund,BSE only,BSE Equity,,B,Active
5504,INF846K01Z12,N,,543348,HEALTHAXIS,Axis Mutual Fund,BSE only,BSE Equity,,B,Active
5505,INF769K01QA6,N,,544701,HEALTHCARE,Mirae Asset Mutual Fund,BSE only,BSE Equity,,B,Active
5506,INF109KC1Q72,N,,543292,HEALTHIETF,ICICI Prudential Mutual Fund,BSE only,BSE Equity,,B,Active
5507,INF209KB10C2,N,,543473,HEALTHY,Aditya Birla Sun Life Mutual Fund,BSE only,BSE Equity,,B,Active
5508,INF204KB19I1,N,,590113,HNGSNGBEES,Reliance Mutual Fund-Permitted,BSE only,BSE Equity,,B,Active
5509,INF109KB15Y7,N,,540787,ICICIB22,ICICI Prudential Mutual Fund,BSE only,BSE Equity,,B,Active
5510,INF194KA1T91,N,,540154,IDFSENSEXE,Bandhan Mutual Fund,BSE only,BSE Equity,,B,Active
5511,INF769K01QB4,N,,544704,INFRA,Mirae Asset Mutual Fund,BSE only,BSE Equity,,B,Active
5512,INF732E01268,N,,543255,INFRABEES,Nippon India Mutual Fund,BSE only,BSE Equity,,B,Active
5513,INF109KC16E5,N,,543571,INFRAIETF,ICICI Prudential Mutual Fund,BSE only,BSE Equity,,B,Active
5514,INF174K30012,N,,544815,INSIFHLSDG,Kotak Mahindra Mutual Fund,BSE only,BSE Equity,,B,Active
5515,INF174K30038,N,,544817,INSIFHLSDR,Kotak Mahindra Mutual Fund,BSE only,BSE Equity,,B,Active
5516,INF174K30053,N,,544819,INSIFHLSRD,Kotak Mahindra Mutual Fund,BSE only,BSE Equity,,B,Active
5517,INF174K30046,N,,544818,INSIFHLSRG,Kotak Mahindra Mutual Fund,BSE only,BSE Equity,,B,Active
5518,INF174K30061,N,,544820,INSIFHLSRR,Kotak Mahindra Mutual Fund,BSE only,BSE Equity,,B,Active
5519,INF109K1A567,N,,544845,INSUREIETF,ICICI Prudential Mutual Fund,BSE only,BSE Equity,,B,Active
5520,INF769K01PB6,N,,544438,INTERNET,Mirae Asset Mutual Fund,BSE only,BSE Equity,,B,Active
5521,INF109K30067,N,,544776,ISIFAAFDG,ICICI Prudential Mutual Fund,BSE only,BSE Equity,,B,Active
5522,INF109K30059,N,,544775,ISIFAAFG,ICICI Prudential Mutual Fund,BSE only,BSE Equity,,B,Active
5523,INF109K30026,N,,544697,ISIFHLSDG,ICICI Prudential Mutual Fund,BSE only,BSE Equity,,B,Active
5524,INF109K30018,N,,544696,ISIFHLSG,ICICI Prudential Mutual Fund,BSE only,BSE Equity,,B,Active
5525,INF740KA1SX1,N,,543935,ITADD,DSP Mutual Fund,BSE only,BSE Equity,,B,Active
5526,INF846K01Y96,N,,543347,ITAXIS,Axis Mutual Fund,BSE only,BSE Equity,,B,Active
5527,INF204KB15V2,N,,590141,ITBEES,Nippon India Mutual Fund - Permitted,BSE only,BSE Equity,,B,Active
5528,INF789F1AZD8,N,,544102,ITBETA,UTI Mutual Fund,BSE only,BSE Equity,,B,Active
5529,INF769K01KV5,N,,544006,ITETF,Mirae Asset Mutual Fund,BSE only,BSE Equity,,B,Active
5530,INF109KC16I6,N,,543221,ITIETF,ICICI Prudential Mutual Fund,BSE only,BSE Equity,,B,Active
5531,INF732E01045,N,,590104,JUNIORBEES,Reliance Mutual Fund-Permitted,BSE only,BSE Equity,,B,Active
5532,INF767K01OS7,N,,539480,LICNETFN50,LIC Mutual Fund,BSE only,BSE Equity,,B,Active
5533,INF767K01OT5,N,,539487,LICNETFSEN,LIC Mutual Fund,BSE only,BSE Equity,,B,Active
5534,INF767K01PC8,N,,539784,LICNFNHGP,LIC Mutual Fund,BSE only,BSE Equity,,B,Active
5535,INF767K01RN1,N,,544123,LICNMID100,LIC Mutual Fund,BSE only,BSE Equity,,B,Active
5536,INF769K01JU9,N,,543858,LOWVOL,Mirae Asset Mutual Fund,BSE only,BSE Equity,,B,Active
5537,INF109KC19U5,N,,540612,LOWVOLIETF,ICICI Prudential Mutual Fund,BSE only,BSE Equity,,B,Active
5538,INF769K01HF4,N,,543291,MAFANG,Mirae Asset Mutual Fund,BSE only,BSE Equity,,B,Active
5539,INF769K01HS7,N,,543414,MAHKTECH,Mirae Asset Mutual Fund,BSE only,BSE Equity,,B,Active
5540,INF769K01IB1,N,,543454,MAKEINDIA,Mirae Asset Mutual Fund,BSE only,BSE Equity,,B,Active
5541,INF204KC1GH6,N,,544493,MANUFGBEES,Nippon India Mutual Fund,BSE only,BSE Equity,,B,Active
5542,INF769K01HP3,N,,543365,MASPTOP50,Mirae Asset Mutual Fund,BSE only,BSE Equity,,B,Active
5543,INF769K01LY7,N,,544268,METAL,Mirae Asset Mutual Fund,BSE only,BSE Equity,,B,Active
5544,INF109KC19W1,N,,544229,METALIETF,ICICI Prudential Mutual Fund,BSE only,BSE Equity,,B,Active
5545,INF200K30056,N,,544592,MHLSDD,SBI Mutual Fund,BSE only,BSE Equity,,B,Active
5546,INF200K30064,N,,544593,MHLSDDR,SBI Mutual Fund,BSE only,BSE Equity,,B,Active
5547,INF200K30049,N,,544591,MHLSDG,SBI Mutual Fund,BSE only,BSE Equity,,B,Active
5548,INF200K30023,N,,544589,MHLSRD,SBI Mutual Fund,BSE only,BSE Equity,,B,Active
5549,INF200K30031,N,,544590,MHLSRDR,SBI Mutual Fund,BSE only,BSE Equity,,B,Active
5550,INF200K30015,N,,544588,MHLSRG,SBI Mutual Fund,BSE only,BSE Equity,,B,Active
5551,INF204KB1V68,N,,590144,MID150BEES,Nippon India Mutual Fund - Permitted,BSE only,BSE Equity,,B,Active
5552,INF0R8F01059,N,,544193,MID150CASE,Zerodha Mutual Fund,BSE only,BSE Equity,,B,Active
5553,INF740KA1ZH9,N,,544857,MIDBANKADD,DSP Mutual Fund,BSE only,BSE Equity,,B,Active
5554,INF740KA1WW5,N,,544655,MIDCAPADD,DSP Mutual Fund,BSE only,BSE Equity,,B,Active
5555,INF789F1AYX9,N,,543975,MIDCAPBETA,UTI Mutual Fund,BSE only,BSE Equity,,B,Active
5556,INF769K01IC9,N,,543481,MIDCAPETF,Mirae Asset Mutual Fund,BSE only,BSE Equity,,B,Active
5557,INF109KC11W8,N,,542921,MIDCAPIETF,ICICI Prudential Mutual Fund,BSE only,BSE Equity,,B,Active
5558,INF740KA1ZF3,N,,543438,MIDQ50ADD,DSP Mutual Fund,BSE only,BSE Equity,,B,Active
5559,INF109KC10W0,N,,539980,MIDSELIETF,ICICI Prudential Mutual Fund,BSE only,BSE Equity,,B,Active
5560,INF769K01LJ8,N,,544180,MIDSMALL,Mirae Asset Mutual Fund,BSE only,BSE Equity,,B,Active
5561,INE514C20018,N,,751127,MINOLT-RE,Minolta Finance Ltd.,BSE only,BSE Equity,,R,Active
5562,INF247L01EV3,N,,590149,MOCAPITAL,Motilal Oswal Mutual Fund-Permitted,BSE only,BSE Equity,,B,Active
5563,INF247L01DJ0,N,,590152,MODEFENCE,Motilal Oswal Mutual Fund-Permitted,BSE only,BSE Equity,,B,Active
5564,INF247L01BB1,N,,543563,MOHEALTH,Motilal Oswal Mutual Fund,BSE only,BSE Equity,,B,Active
5565,INF247L01BL0,N,,543501,MOLOWVOL,Motilal Oswal Mutual Fund,BSE only,BSE Equity,,B,Active
5566,INF247L01023,N,,536960,MOM100,Motilal Oswal Mutual Fund,BSE only,BSE Equity,,B,Active
5567,INF109KC17C7,N,,543568,MOM30IETF,ICICI Prudential Mutual Fund,BSE only,BSE Equity,,B,Active
5568,INF247L01536,N,,590115,MOM50,Motilal Oswal Mutual Fund-Permitted,BSE only,BSE Equity,,B,Active
5569,INF209KB14K7,N,,543575,MOMENTUM,Aditya Birla Sun Life Mutual Fund,BSE only,BSE Equity,,B,Active
5570,INF247L01DK8,N,,590151,MOMENTUM50,Motilal Oswal Mutual Fund-Permitted,BSE only,BSE Equity,,B,Active
5571,INF769K01RC0,N,,544830,MOMMIDCAP,Mirae Asset Mutual Fund,BSE only,BSE Equity,,B,Active
5572,INF247L01BK2,N,,543465,MOMOMENTUM,Motilal Oswal Mutual Fund,BSE only,BSE Equity,,B,Active
5573,INF247L01AP3,N,,533385,MON100,Motilal Oswal Mutual Fund,BSE only,BSE Equity,,B,Active
5574,INF247L01BU1,N,,590153,MONIFTY500,Motilal Oswal Mutual Fund-Permitted,BSE only,BSE Equity,,B,Active
5575,INF247L01AU3,N,,543437,MONQ50,Motilal Oswal Mutual Fund,BSE only,BSE Equity,,B,Active
5576,INF247L01BH8,N,,543577,MOQUALITY,Motilal Oswal Mutual Fund,BSE only,BSE Equity,,B,Active
5577,INF247L01CI4,N,,590150,MOREALTY,Motilal Oswal Mutual Fund-Permitted,BSE only,BSE Equity,,B,Active
5578,INF247L01CH6,N,,590148,MOSMALL250,Motilal Oswal Mutual Fund-Permitted,BSE only,BSE Equity,,B,Active
5579,INF247L01BE5,N,,543576,MOVALUE,Motilal Oswal Mutual Fund,BSE only,BSE Equity,,B,Active
5580,INF579M01BP5,N,,544766,MSCI360,360 ONE Mutual Fund,BSE only,BSE Equity,,B,Active
5581,INF740KA1WV7,N,,544620,MSCIADD,DSP Mutual Fund,BSE only,BSE Equity,,B,Active
5582,INF769K01LX9,N,,544241,MULTICAP,Mirae Asset Mutual Fund,BSE only,BSE Equity,,B,Active
5583,INF277K015R5,N,,590160,NETF,Tata Mutual Fund - Permitted,BSE only,BSE Equity,,B,Active
5584,INF740KA1VE5,N,,544352,NEXT30ADD,DSP Mutual Fund,BSE only,BSE Equity,,B,Active
5585,INF769K01FN2,N,,542922,NEXT50,Mirae Asset Mutual Fund,BSE only,BSE Equity,,B,Active
5586,INF740KA1XU7,N,,544674,NEXT50ADD,DSP Mutual Fund,BSE only,BSE Equity,,B,Active
5587,INF789F1AUW9,N,,540669,NEXT50BETA,UTI Mutual Fund,BSE only,BSE Equity,,B,Active
5588,INF109KC1NS5,N,,541809,NEXT50IETF,ICICI Prudential Mutual Fund,BSE only,BSE Equity,,B,Active
5589,INF204K014N5,N,,537483,NIF100BEES,Nippon India Mutual Fund,BSE only,BSE Equity,,B,Active
5590,INF109KC16V9,N,,537008,NIF100IETF,ICICI Prudential Mutual Fund,BSE only,BSE Equity,,B,Active
5591,INF174K014P6,N,,537708,NIFTY1,Kotak Mahindra Mutual Fund,BSE only,BSE Equity,,B,Active
5592,INF740KA1CL0,N,,543440,NIFTYADD,DSP Mutual Fund,BSE only,BSE Equity,,B,Active
5593,INF204KB14I2,N,,590103,NIFTYBEES,Reliance Mutual Fund-Permitted,BSE only,BSE Equity,,B,Active
5594,INF789F1AZC0,N,,539313,NIFTYBETA,UTI Mutual Fund,BSE only,BSE Equity,,B,Active
5595,INF0QA701722,N,,544092,NIFTYBETF,Bajaj Finserv Mutual Fund,BSE only,BSE Equity,,B,Active
5596,INF0R8F01166,N,,544586,NIFTYCASE,Zerodha Mutual Fund,BSE only,BSE Equity,,B,Active
5597,INF769K01EG9,N,,542131,NIFTYETF,Mirae Asset Mutual Fund,BSE only,BSE Equity,,B,Active
5598,INF109K012R6,N,,537007,NIFTYIETF,ICICI Prudential Mutual Fund,BSE only,BSE Equity,,B,Active
5599,INF209KB15K4,N,,543574,NIFTYQLITY,Aditya Birla Sun Life Mutual Fund,BSE only,BSE Equity,,B,Active
5600,INF109KC11V0,N,,539945,NV20IETF,ICICI Prudential Mutual Fund,BSE only,BSE Equity,,B,Active
5601,INF109KC18W3,N,,544216,OILIETF,ICICI Prudential Mutual Fund,BSE only,BSE Equity,,B,Active
5602,INF204KC1089,N,,590142,PHARMABEES,Nippon India Mutual Fund - Permitted,BSE only,BSE Equity,,B,Active
5603,INF769K30050,N,,544791,PHLSDDI,Mirae Asset Mutual Fund,BSE only,BSE Equity,,B,Active
5604,INF769K30068,N,,544792,PHLSDDP,Mirae Asset Mutual Fund,BSE only,BSE Equity,,B,Active
5605,INF769K30043,N,,544790,PHLSDG,Mirae Asset Mutual Fund,BSE only,BSE Equity,,B,Active
5606,INF769K30027,N,,544788,PHLSRDI,Mirae Asset Mutual Fund,BSE only,BSE Equity,,B,Active
5607,INF769K30035,N,,544789,PHLSRDP,Mirae Asset Mutual Fund,BSE only,BSE Equity,,B,Active
5608,INF769K30019,N,,544787,PHLSRG,Mirae Asset Mutual Fund,BSE only,BSE Equity,,B,Active
5609,INF174KA1A86,N,,590107,PSUBANK,Kotak Mahindra Mutual Fund - Permitted,BSE only,BSE Equity,,B,Active
5610,INF740KA1SY9,N,,543948,PSUBANKADD,DSP Mutual Fund,BSE only,BSE Equity,,B,Active
5611,INF204KB16I7,N,,590108,PSUBNKBEES,Reliance Mutual Fund-Permitted,BSE only,BSE Equity,,B,Active
5612,INF109KC10S8,N,,543819,PSUBNKIETF,ICICI Prudential Mutual Fund,BSE only,BSE Equity,,B,Active
5613,INF109KC18U7,N,,542758,PVTBANIETF,ICICI Prudential Mutual Fund,BSE only,BSE Equity,,B,Active
5614,INF740KA1TA7,N,,543949,PVTBANKADD,DSP Mutual Fund,BSE only,BSE Equity,,B,Active
5615,INF082J01499,N,,590110,QNIFTY,Quantum Asset Management Co. Pvt. Ltd.,BSE only,BSE Equity,,B,Active
5616,INF109KC18V5,N,,543956,QUAL30IETF,ICICI Prudential Mutual Fund,BSE only,BSE Equity,,B,Active
5617,INF200KB1712,N,,544385,SBIBPB,SBI Mutual Fund,BSE only,BSE Equity,,B,Active
5618,INF200KB1AJ0,N,,544722,SBIMIDMOM,SBI Mutual Fund,BSE only,BSE Equity,,B,Active
5619,INF200KB1282,N,,544215,SBINEQWETF,SBI Mutual Fund,BSE only,BSE Equity,,B,Active
5620,INF200KB1AK8,N,,544745,SBINMID150,SBI Mutual Fund,BSE only,BSE Equity,,B,Active
5621,INF200K01VT2,N,,535276,SBISENSEX,SBI Mutual Fund,BSE only,BSE Equity,,B,Active
5622,INF200KB1AY9,N,,544763,SBISMLETF,SBI Mutual Fund,BSE only,BSE Equity,,B,Active
5623,INF200KB1AX1,N,,544762,SBIVALETF,SBI Mutual Fund,BSE only,BSE Equity,,B,Active
5624,INF769K01ON4,N,,544376,SELECTIPO,Mirae Asset Mutual Fund,BSE only,BSE Equity,,B,Active
5625,INF174KA1JD7,N,,532985,SENSEX1,Kotak Mahindra Mutual Fund,BSE only,BSE Equity,,B,Active
5626,INF740KA1SZ6,N,,543947,SENSEXADD,DSP Mutual Fund,BSE only,BSE Equity,,B,Active
5627,INF846K010Q0,N,,543853,SENSEXAXIS,Axis Mutual Fund,BSE only,BSE Equity,,B,Active
5628,INF204KA1UN7,N,,538683,SENSEXBEES,Nippon India Mutual Fund,BSE only,BSE Equity,,B,Active
5629,INF789FB1X58,N,,539312,SENSEXBETA,UTI Mutual Fund,BSE only,BSE Equity,,B,Active
5630,INF769K01KT9,N,,543999,SENSEXETF,Mirae Asset Mutual Fund,BSE only,BSE Equity,,B,Active
5631,INF346A01034,N,,555555,SENSEXIETF,ICICI Prudential Mutual Fund,BSE only,BSE Equity,,B,Active
5632,INF200KA1572,N,,539031,SETFBSE100,SBI Mutual Fund,BSE only,BSE Equity,,B,Active
5633,INF200KA1FS1,N,,590138,SETFNIF50,SBI Mutual Fund-Permitted,BSE only,BSE Equity,,B,Active
5634,INF200KA1580,N,,590137,SETFNIFBK,SBI Mutual Fund-Permitted,BSE only,BSE Equity,,B,Active
5635,INF200KA1VQ2,N,,541972,SETFSN50,SBI Mutual Fund,BSE only,BSE Equity,,B,Active
5636,INF732E01128,N,,590109,SHARIABEES,Reliance Mutual Fund-Permitted,BSE only,BSE Equity,,B,Active
5637,INE417F20017,N,,751128,SICAPI-RE,S.I.Capital And Financial Services,BSE only,BSE Equity,,R,Active
5638,INF769K01PQ4,N,,544605,SMALL250,Mirae Asset Mutual Fund,BSE only,BSE Equity,,B,Active
5639,INF740KA1WX3,N,,544654,SMALLADD,DSP Mutual Fund,BSE only,BSE Equity,,B,Active
5640,INF769K01LC3,N,,544130,SMALLCAP,Mirae Asset Mutual Fund,BSE only,BSE Equity,,B,Active
5641,INF109K1A476,N,,544795,SMALLIETF,ICICI Prudential Mutual Fund,BSE only,BSE Equity,,B,Active
5642,INF0R8F01141,N,,544507,SML100CASE,Zerodha Mutual Fund,BSE only,BSE Equity,,B,Active
5643,INF204KC1EZ3,N,,544415,SNXT30BEES,Nippon India Mutual Fund,BSE only,BSE Equity,,B,Active
5644,INF204KB15D0,N,,542747,SNXT50BEES,Nippon India Mutual Fund,BSE only,BSE Equity,,B,Active
5645,INF789F1AUU3,N,,542513,SNXT50BETA,UTI Mutual Fund,BSE only,BSE Equity,,B,Active
5646,INF209KB11D8,N,,543472,TECH,Aditya Birla Sun Life Mutual Fund,BSE only,BSE Equity,,B,Active
5647,INF0R8F01067,N,,544194,TOP100CASE,Zerodha Mutual Fund,BSE only,BSE Equity,,B,Active
5648,INF740KA1UR9,N,,544247,TOP10ADD,DSP Mutual Fund,BSE only,BSE Equity,,B,Active
5649,INF109K1A344,N,,544427,TOP15IETF,ICICI Prudential Mutual Fund,BSE only,BSE Equity,,B,Active
5650,INF769K01PZ5,N,,544660,TOP20,Mirae Asset Mutual Fund,BSE only,BSE Equity,,B,Active
5651,INF277K30047,N,,544649,TSIFDG,Tata Mutual Fund,BSE only,BSE Equity,,B,Active
5652,INF277K30054,N,,544650,TSIFDIR,Tata Mutual Fund,BSE only,BSE Equity,,B,Active
5653,INF277K30013,N,,544651,TSIFRG,Tata Mutual Fund,BSE only,BSE Equity,,B,Active
5654,INF277K30039,N,,544652,TSIFRIP,Tata Mutual Fund,BSE only,BSE Equity,,B,Active
5655,INF277K30021,N,,544653,TSIFRIR,Tata Mutual Fund,BSE only,BSE Equity,,B,Active
5656,INF109KC16X5,N,,544275,VAL30IETF,ICICI Prudential Mutual Fund,BSE only,BSE Equity,,B,Active
5657,INF769K01QV2,N,,544737,VALUE,Mirae Asset Mutual Fund,BSE only,BSE Equity,,B,Active
5658,INF846KA1119,N,,544382,VALUEAXIS,Axis Mutual Fund,BSE only,BSE Equity,,B,Active
